Year	Code	Value
2011	0101	0.20799999999999996
2011	0104	0.225
2011	0105	0.209
2011	0106	0.218
2011	0111	0.223
2011	0118	0.238
2011	0119	0.203
2011	0121	0.24499999999999997
2011	0122	0.20899999999999996
2011	0123	0.204
2011	0124	0.208
2011	0125	0.215
2011	0127	0.19699999999999998
2011	0128	0.22
2011	0135	0.198
2011	0136	0.216
2011	0137	0.205
2011	0138	0.208
2011	0211	0.224
2011	0213	0.219
2011	0214	0.229
2011	0215	0.247
2011	0216	0.232
2011	0217	0.243
2011	0219	0.29600000000000004
2011	0220	0.282
2011	0221	0.202
2011	0226	0.207
2011	0227	0.20000000000000004
2011	0228	0.21
2011	0229	0.201
2011	0230	0.233
2011	0231	0.225
2011	0233	0.21
2011	0234	0.219
2011	0235	0.209
2011	0236	0.193
2011	0237	0.19599999999999998
2011	0238	0.196
2011	0239	0.203
2011	0301	0.304
2011	0402	0.208
2011	0403	0.222
2011	0412	0.193
2011	0415	0.196
2011	0417	0.199
2011	0418	0.182
2011	0419	0.193
2011	0420	0.198
2011	0423	0.203
2011	0425	0.199
2011	0426	0.193
2011	0427	0.198
2011	0428	0.20199999999999999
2011	0429	0.206
2011	0430	0.21699999999999997
2011	0432	0.184
2011	0434	0.193
2011	0436	0.18999999999999997
2011	0437	0.196
2011	0438	0.179
2011	0439	0.189
2011	0441	0.181
2011	0501	0.211
2011	0502	0.21
2011	0511	0.192
2011	0512	0.19
2011	0513	0.205
2011	0514	0.186
2011	0515	0.179
2011	0516	0.19999999999999998
2011	0517	0.178
2011	0519	0.205
2011	0520	0.196
2011	0521	0.199
2011	0522	0.188
2011	0528	0.2
2011	0529	0.183
2011	0532	0.196
2011	0533	0.197
2011	0534	0.203
2011	0536	0.188
2011	0538	0.183
2011	0540	0.194
2011	0541	0.21899999999999997
2011	0542	0.201
2011	0543	0.194
2011	0544	0.202
2011	0545	0.206
2011	0602	0.252
2011	0604	0.226
2011	0605	0.213
2011	0612	0.24399999999999997
2011	0615	0.195
2011	0616	0.216
2011	0617	0.21
2011	0618	0.236
2011	0619	0.21
2011	0620	0.264
2011	0621	0.208
2011	0622	0.231
2011	0623	0.201
2011	0624	0.209
2011	0625	0.213
2011	0626	0.242
2011	0627	0.213
2011	0628	0.214
2011	0631	0.192
2011	0632	0.19
2011	0633	0.202
2011	0701	0.22
2011	0702	0.21200000000000002
2011	0704	0.236
2011	0706	0.23800000000000002
2011	0709	0.224
2011	0710	0.2304527257311011
2011	0711	0.206
2011	0712	0.2228184118247592
2011	0713	0.205
2011	0714	0.218
2011	0715	0.21339417769376182
2011	0716	0.204
2011	0719	0.197
2011	0720	0.217
2011	0722	0.24299999999999997
2011	0723	0.252
2011	0728	0.202
2011	0729	0.24466342890579287
2011	0805	0.215
2011	0806	0.216
2011	0807	0.206
2011	0811	0.182
2011	0814	0.21200000000000002
2011	0815	0.21
2011	0817	0.192
2011	0819	0.2
2011	0821	0.227
2011	0822	0.208
2011	0826	0.202
2011	0827	0.182
2011	0828	0.21200000000000002
2011	0829	0.2
2011	0830	0.203
2011	0831	0.178
2011	0833	0.186
2011	0834	0.20099999999999998
2011	0901	0.214
2011	0904	0.288
2011	0906	0.221
2011	0911	0.181
2011	0912	0.174
2011	0914	0.223
2011	0919	0.19
2011	0926	0.22300000000000003
2011	0928	0.187
2011	0929	0.21600000000000003
2011	0935	0.193
2011	0937	0.2
2011	0938	0.194
2011	0940	0.216
2011	0941	0.273
2011	1001	0.23299999999999998
2011	1002	0.212
2011	1003	0.214
2011	1004	0.215
2011	1014	0.195
2011	1017	0.20399999999999996
2011	1018	0.217
2011	1021	0.197
2011	1026	0.211
2011	1027	0.187
2011	1029	0.205
2011	1032	0.21
2011	1034	0.209
2011	1037	0.201
2011	1046	0.232
2011	1101	0.215
2011	1102	0.242
2011	1103	0.28
2011	1106	0.235
2011	1108	0.24110056222278264
2011	1111	0.19399999999999998
2011	1112	0.196
2011	1114	0.194
2011	1119	0.201
2011	1120	0.213
2011	1121	0.212
2011	1122	0.201
2011	1124	0.264
2011	1127	0.23599999999999996
2011	1129	0.19
2011	1130	0.209
2011	1133	0.222
2011	1134	0.207
2011	1135	0.197
2011	1141	0.248
2011	1142	0.228
2011	1144	0.178
2011	1145	0.202
2011	1146	0.197
2011	1149	0.211
2011	1151	0.17900000000000002
2011	1160	0.212
2011	1201	0.247
2011	1211	0.205
2011	1216	0.21
2011	1219	0.212
2011	1221	0.213
2011	1222	0.225
2011	1223	0.218
2011	1224	0.198
2011	1227	0.181
2011	1228	0.18099999999999997
2011	1231	0.188
2011	1232	0.197
2011	1233	0.194
2011	1234	0.185
2011	1235	0.197
2011	1238	0.204
2011	1241	0.21
2011	1242	0.22399999999999998
2011	1243	0.213
2011	1244	0.286
2011	1245	0.20999999999999996
2011	1246	0.215
2011	1247	0.194
2011	1251	0.175
2011	1252	0.149
2011	1253	0.202
2011	1256	0.19
2011	1259	0.201
2011	1260	0.2
2011	1263	0.20199999999999999
2011	1264	0.21200000000000002
2011	1265	0.2
2011	1266	0.17900000000000002
2011	1401	0.21
2011	1411	0.202
2011	1412	0.229
2011	1413	0.191
2011	1416	0.187
2011	1417	0.196
2011	1418	0.203
2011	1419	0.186
2011	1420	0.194
2011	1421	0.19600000000000004
2011	1422	0.18
2011	1424	0.171
2011	1426	0.183
2011	1428	0.191
2011	1429	0.231
2011	1430	0.19
2011	1431	0.207
2011	1432	0.203
2011	1433	0.175
2011	1438	0.201
2011	1439	0.20599999999999996
2011	1441	0.198
2011	1443	0.19500000000000003
2011	1444	0.18
2011	1445	0.18900000000000003
2011	1449	0.19299999999999998
2011	1502	0.211
2011	1504	0.235
2011	1505	0.227
2011	1506	0.20789266100848725
2011	1507	0.22735808718239034
2011	1508	0.2300692594250782
2011	1511	0.204
2011	1514	0.253
2011	1515	0.239
2011	1516	0.241
2011	1517	0.23100000000000004
2011	1519	0.252
2011	1520	0.194
2011	1523	0.196
2011	1524	0.183
2011	1525	0.187
2011	1526	0.192
2011	1528	0.197
2011	1529	0.194
2011	1531	0.196
2011	1532	0.209
2011	1534	0.212
2011	1535	0.205
2011	1539	0.198
2011	1543	0.187
2011	1545	0.2
2011	1546	0.231
2011	1547	0.19599999999999998
2011	1548	0.204
2011	1551	0.193
2011	1554	0.224
2011	1557	0.193
2011	1560	0.197
2011	1563	0.199
2011	1566	0.177
2011	1567	0.169
2011	1571	0.20000000000000004
2011	1573	0.224
2011	1576	0.203
2011	1577	0.2431879943216386
2011	1578	0.18630506647502693
2011	1579	0.2010366713681241
2011	1580	0.21040522015797755
2011	1601	0.23300000000000004
2011	1612	0.191
2011	1613	0.176
2011	1617	0.214
2011	1620	0.24300000000000002
2011	1621	0.188
2011	1622	0.185
2011	1624	0.192
2011	1627	0.197
2011	1630	0.184
2011	1632	0.193
2011	1633	0.191
2011	1634	0.199
2011	1635	0.185
2011	1636	0.182
2011	1638	0.185
2011	1640	0.186
2011	1644	0.163
2011	1648	0.198
2011	1653	0.187
2011	1657	0.17300000000000001
2011	1662	0.18400000000000002
2011	1663	0.193
2011	1664	0.181
2011	1665	0.184
2011	1702	0.193
2011	1703	0.196
2011	1711	0.194
2011	1714	0.20099999999999998
2011	1717	0.207
2011	1718	0.173
2011	1719	0.198
2011	1721	0.187
2011	1724	0.198
2011	1725	0.188
2011	1736	0.18
2011	1738	0.181
2011	1739	0.168
2011	1740	0.171
2011	1742	0.195
2011	1743	0.191
2011	1744	0.183
2011	1748	0.20499999999999996
2011	1749	0.192
2011	1750	0.192
2011	1751	0.191
2011	1755	0.184
2011	1756	0.185
2011	1804	0.19999999999999998
2011	1805	0.202
2011	1806	0.1988247108947048
2011	1811	0.17899999999999996
2011	1812	0.187
2011	1813	0.192
2011	1815	0.193
2011	1816	0.209
2011	1818	0.22000000000000003
2011	1820	0.197
2011	1822	0.204
2011	1824	0.18
2011	1825	0.17700000000000002
2011	1826	0.178
2011	1827	0.202
2011	1828	0.22200000000000003
2011	1832	0.17
2011	1833	0.179
2011	1834	0.228
2011	1835	0.229
2011	1836	0.187
2011	1837	0.20200000000000004
2011	1838	0.18
2011	1839	0.182
2011	1840	0.194
2011	1841	0.182
2011	1845	0.173
2011	1848	0.203
2011	1849	0.194
2011	1850	0.193
2011	1851	0.198
2011	1852	0.18
2011	1853	0.175
2011	1854	0.181
2011	1856	0.205
2011	1857	0.288
2011	1859	0.181
2011	1860	0.20199999999999999
2011	1865	0.226
2011	1866	0.215
2011	1867	0.208
2011	1868	0.216
2011	1870	0.208
2011	1871	0.205
2011	1874	0.23300000000000004
2011	1875	0.19346938775510206
2011	1901	0.19900000000000004
2011	1902	0.216
2011	1903	0.1986215741244404
2011	1911	0.19799999999999998
2011	1913	0.21599999999999997
2011	1915	0.18
2011	1917	0.194
2011	1919	0.188
2011	1920	0.173
2011	1922	0.176
2011	1923	0.197
2011	1924	0.18399999999999997
2011	1925	0.181
2011	1926	0.182
2011	1927	0.19600000000000004
2011	1928	0.209
2011	1929	0.194
2011	1931	0.193
2011	1933	0.185
2011	1936	0.202
2011	1938	0.195
2011	1939	0.17999999999999997
2011	1940	0.187
2011	1941	0.18400000000000002
2011	1942	0.191
2011	1943	0.65
2011	2002	0.198
2011	2003	0.2
2011	2004	0.202
2011	2011	0.2
2011	2012	0.207
2011	2014	0.196
2011	2015	0.199
2011	2017	0.201
2011	2018	0.21300000000000002
2011	2019	0.20899999999999996
2011	2020	0.185
2011	2021	0.2
2011	2022	0.19499999999999998
2011	2023	0.2
2011	2024	0.2
2011	2025	0.193
2011	2027	0.19100000000000003
2011	2028	0.199
2011	2030	0.189
2011	3001	0.20799999999999996
2011	3002	0.22209485131234477
2011	3003	0.209
2011	3004	0.218
2011	3005	0.23917659393717808
2011	3006	0.226
2011	3007	0.213
2011	3011	0.223
2011	3012	0.238
2011	3013	0.203
2011	3014	0.2094756738347767
2011	3015	0.19699999999999998
2011	3016	0.22
2011	3017	0.198
2011	3018	0.205
2011	3019	0.224
2011	3020	0.23021392497064797
2011	3021	0.229
2011	3022	0.247
2011	3023	0.232
2011	3024	0.29600000000000004
2011	3025	0.25868236502873254
2011	3026	0.20390424559111694
2011	3027	0.21
2011	3028	0.201
2011	3029	0.233
2011	3030	0.21774568913702602
2011	3031	0.21
2011	3032	0.219
2011	3033	0.209
2011	3034	0.193
2011	3035	0.19599999999999998
2011	3036	0.196
2011	3037	0.203
2011	3038	0.24399999999999997
2011	3039	0.195
2011	3040	0.216
2011	3041	0.21
2011	3042	0.236
2011	3043	0.21
2011	3044	0.264
2011	3045	0.208
2011	3046	0.231
2011	3047	0.201
2011	3048	0.209
2011	3049	0.242
2011	3050	0.192
2011	3051	0.19
2011	3052	0.202
2011	3053	0.196
2011	3054	0.197
2011	3101	0.20799999999999996
2011	3103	0.22209485131234477
2011	3105	0.209
2011	3107	0.218
2011	3110	0.223
2011	3112	0.198
2011	3114	0.205
2011	3116	0.19699999999999998
2011	3118	0.2094756738347767
2011	3120	0.22
2011	3122	0.203
2011	3124	0.238
2011	3201	0.29600000000000004
2011	3203	0.25868236502873254
2011	3205	0.21774568913702602
2011	3207	0.23021392497064797
2011	3209	0.209
2011	3212	0.232
2011	3214	0.247
2011	3216	0.224
2011	3218	0.229
2011	3220	0.201
2011	3222	0.233
2011	3224	0.21
2011	3226	0.20390424559111694
2011	3228	0.193
2011	3230	0.219
2011	3232	0.21
2011	3234	0.197
2011	3236	0.196
2011	3238	0.196
2011	3240	0.19599999999999998
2011	3242	0.203
2011	3301	0.23917659393717808
2011	3303	0.226
2011	3305	0.213
2011	3310	0.24399999999999997
2011	3312	0.242
2011	3314	0.209
2011	3316	0.201
2011	3318	0.231
2011	3320	0.195
2011	3322	0.216
2011	3324	0.21
2011	3326	0.236
2011	3328	0.21
2011	3330	0.264
2011	3332	0.208
2011	3334	0.192
2011	3336	0.19
2011	3338	0.202
2011	3401	0.208
2011	3403	0.222
2011	3405	0.211
2011	3407	0.21
2011	3411	0.193
2011	3412	0.196
2011	3413	0.199
2011	3414	0.182
2011	3415	0.193
2011	3416	0.198
2011	3417	0.203
2011	3418	0.199
2011	3419	0.193
2011	3420	0.198
2011	3421	0.20199999999999999
2011	3422	0.206
2011	3423	0.21699999999999997
2011	3424	0.184
2011	3425	0.193
2011	3426	0.18999999999999997
2011	3427	0.196
2011	3428	0.179
2011	3429	0.189
2011	3430	0.181
2011	3431	0.192
2011	3432	0.19
2011	3433	0.205
2011	3434	0.186
2011	3435	0.179
2011	3436	0.19999999999999998
2011	3437	0.178
2011	3438	0.205
2011	3439	0.196
2011	3440	0.199
2011	3441	0.188
2011	3442	0.2
2011	3443	0.183
2011	3446	0.203
2011	3447	0.188
2011	3448	0.183
2011	3449	0.194
2011	3450	0.21899999999999997
2011	3451	0.201
2011	3452	0.194
2011	3453	0.202
2011	3454	0.206
2011	3801	0.22
2011	3802	0.21010310747448743
2011	3803	0.23018942341340906
2011	3804	0.2304527257311011
2011	3805	0.2228184118247592
2011	3806	0.215
2011	3807	0.216
2011	3808	0.206
2011	3811	0.24466342890579287
2011	3812	0.182
2011	3813	0.21200000000000002
2011	3814	0.21
2011	3815	0.192
2011	3816	0.2
2011	3817	0.21873385245083357
2011	3818	0.202
2011	3819	0.182
2011	3820	0.21200000000000002
2011	3821	0.2
2011	3822	0.203
2011	3823	0.178
2011	3824	0.186
2011	3825	0.20099999999999998
2011	3901	0.22
2011	3903	0.21010310747448743
2011	3905	0.23018942341340906
2011	3907	0.2304527257311011
2011	3909	0.2228184118247592
2011	3911	0.24466342890579287
2011	4001	0.215
2011	4003	0.216
2011	4005	0.206
2011	4010	0.182
2011	4012	0.21200000000000002
2011	4014	0.21
2011	4016	0.192
2011	4018	0.2
2011	4020	0.21873385245083357
2011	4022	0.21200000000000002
2011	4024	0.182
2011	4026	0.202
2011	4028	0.2
2011	4030	0.203
2011	4032	0.178
2011	4034	0.186
2011	4036	0.20099999999999998
2011	4201	0.214
2011	4202	0.288
2011	4203	0.221
2011	4204	0.22951555972634258
2011	4205	0.20896622700926473
2011	4206	0.214
2011	4207	0.215
2011	4211	0.181
2011	4212	0.174
2011	4213	0.223
2011	4214	0.19
2011	4215	0.22300000000000003
2011	4216	0.187
2011	4217	0.21600000000000003
2011	4218	0.193
2011	4219	0.2
2011	4220	0.194
2011	4221	0.216
2011	4222	0.273
2011	4223	0.195
2011	4224	0.211
2011	4225	0.20597044854881266
2011	4226	0.209
2011	4227	0.201
2011	4228	0.232
2011	4601	0.247
2011	4602	0.20863094562379383
2011	4611	0.205
2011	4612	0.21
2011	4613	0.212
2011	4614	0.213
2011	4615	0.225
2011	4616	0.218
2011	4617	0.198
2011	4618	0.18308511941212494
2011	4619	0.197
2011	4620	0.194
2011	4621	0.19623752012882448
2011	4622	0.204
2011	4623	0.22399999999999998
2011	4624	0.212451450548407
2011	4625	0.286
2011	4626	0.2122083269788013
2011	4627	0.194
2011	4628	0.175
2011	4629	0.149
2011	4630	0.202
2011	4631	0.19850556487269402
2011	4632	0.21200000000000002
2011	4633	0.2
2011	4634	0.17900000000000002
2011	4635	0.202
2011	4636	0.229
2011	4637	0.191
2011	4638	0.187
2011	4639	0.196
2011	4640	0.19346746830723344
2011	4641	0.19600000000000004
2011	4642	0.18
2011	4643	0.171
2011	4644	0.183
2011	4645	0.191
2011	4646	0.231
2011	4647	0.19819499831023993
2011	4648	0.201
2011	4649	0.19596729776247848
2011	4650	0.18900000000000003
2011	4651	0.19299999999999998
2011	5001	0.23300000000000004
2011	5004	0.193
2011	5005	0.196
2011	5006	0.193549031986532
2011	5007	0.1954904362635923
2011	5011	0.191
2011	5012	0.176
2011	5013	0.214
2011	5014	0.24300000000000002
2011	5015	0.188
2011	5016	0.185
2011	5017	0.197
2011	5018	0.184
2011	5019	0.193
2011	5020	0.191
2011	5021	0.199
2011	5022	0.185
2011	5023	0.182
2011	5024	0.185
2011	5025	0.186
2011	5026	0.163
2011	5027	0.198
2011	5028	0.187
2011	5029	0.17300000000000001
2011	5030	0.18400000000000002
2011	5031	0.193
2011	5032	0.181
2011	5033	0.184
2011	5034	0.194
2011	5035	0.20099999999999998
2011	5036	0.207
2011	5037	0.198
2011	5038	0.187
2011	5039	0.198
2011	5040	0.188
2011	5041	0.18
2011	5042	0.181
2011	5043	0.168
2011	5044	0.171
2011	5045	0.195
2011	5046	0.191
2011	5047	0.183
2011	5048	0.20499999999999996
2011	5049	0.192
2011	5050	0.192
2011	5051	0.191
2011	5052	0.184
2011	5053	0.185
2011	5054	0.18535141579731743
2011	5055	0.19101002178649237
2011	5056	0.2069302325581395
2011	5057	0.19223889518705556
2011	5058	0.18611839924224483
2011	5059	0.18385381838378229
2011	5060	0.1914527041821765
2011	5061	0.169
2011	5401	0.216
2011	5402	0.1986215741244404
2011	5403	0.207
2011	5404	0.198
2011	5405	0.2
2011	5406	0.20190852428964254
2011	5411	0.19799999999999998
2011	5412	0.20469936034115138
2011	5413	0.194
2011	5414	0.188
2011	5415	0.173
2011	5416	0.176
2011	5417	0.197
2011	5418	0.18399999999999997
2011	5419	0.181
2011	5420	0.182
2011	5421	0.19437180887372013
2011	5422	0.185
2011	5423	0.202
2011	5424	0.195
2011	5425	0.17999999999999997
2011	5426	0.187
2011	5427	0.18400000000000002
2011	5428	0.191
2011	5429	0.65
2011	5430	0.2
2011	5432	0.196
2011	5433	0.199
2011	5434	0.21300000000000002
2011	5435	0.20899999999999996
2011	5436	0.185
2011	5437	0.2
2011	5438	0.19499999999999998
2011	5439	0.2
2011	5440	0.2
2011	5441	0.193
2011	5442	0.19100000000000003
2011	5443	0.199
2011	5444	0.189
2011	5501	0.216
2011	5503	0.1986215741244404
2011	5510	0.19799999999999998
2011	5512	0.20469936034115138
2011	5514	0.194
2011	5516	0.188
2011	5518	0.173
2011	5520	0.176
2011	5522	0.197
2011	5524	0.18399999999999997
2011	5526	0.181
2011	5528	0.182
2011	5530	0.19437180887372013
2011	5532	0.185
2011	5534	0.202
2011	5536	0.195
2011	5538	0.17999999999999997
2011	5540	0.187
2011	5542	0.18400000000000002
2011	5544	0.191
2011	5546	0.65
2011	5601	0.207
2011	5603	0.20190852428964254
2011	5605	0.189
2011	5607	0.2
2011	5610	0.2
2011	5612	0.2
2011	5614	0.196
2011	5616	0.199
2011	5618	0.21300000000000002
2011	5620	0.20899999999999996
2011	5622	0.185
2011	5624	0.19499999999999998
2011	5626	0.2
2011	5628	0.193
2011	5630	0.2
2011	5632	0.199
2011	5634	0.198
2011	5636	0.19100000000000003
2012	0101	0.211
2012	0104	0.229
2012	0105	0.21
2012	0106	0.22300000000000003
2012	0111	0.216
2012	0118	0.21
2012	0119	0.205
2012	0121	0.216
2012	0122	0.208
2012	0123	0.21
2012	0124	0.208
2012	0125	0.214
2012	0127	0.198
2012	0128	0.215
2012	0135	0.202
2012	0136	0.215
2012	0137	0.205
2012	0138	0.202
2012	0211	0.216
2012	0213	0.218
2012	0214	0.229
2012	0215	0.246
2012	0216	0.23000000000000004
2012	0217	0.23799999999999996
2012	0219	0.298
2012	0220	0.279
2012	0221	0.204
2012	0226	0.21399999999999997
2012	0227	0.209
2012	0228	0.21
2012	0229	0.19600000000000004
2012	0230	0.232
2012	0231	0.228
2012	0233	0.21600000000000003
2012	0234	0.215
2012	0235	0.212
2012	0236	0.197
2012	0237	0.203
2012	0238	0.202
2012	0239	0.195
2012	0301	0.304
2012	0402	0.208
2012	0403	0.226
2012	0412	0.2
2012	0415	0.196
2012	0417	0.206
2012	0418	0.184
2012	0419	0.188
2012	0420	0.202
2012	0423	0.21400000000000002
2012	0425	0.206
2012	0426	0.193
2012	0427	0.206
2012	0428	0.208
2012	0429	0.205
2012	0430	0.233
2012	0432	0.186
2012	0434	0.21099999999999997
2012	0436	0.201
2012	0437	0.19999999999999998
2012	0438	0.187
2012	0439	0.19699999999999998
2012	0441	0.176
2012	0501	0.217
2012	0502	0.215
2012	0511	0.199
2012	0512	0.182
2012	0513	0.195
2012	0514	0.186
2012	0515	0.188
2012	0516	0.212
2012	0517	0.18199999999999997
2012	0519	0.207
2012	0520	0.192
2012	0521	0.209
2012	0522	0.19
2012	0528	0.20100000000000004
2012	0529	0.184
2012	0532	0.197
2012	0533	0.202
2012	0534	0.20500000000000002
2012	0536	0.18999999999999997
2012	0538	0.189
2012	0540	0.202
2012	0541	0.234
2012	0542	0.206
2012	0543	0.196
2012	0544	0.21
2012	0545	0.21100000000000002
2012	0602	0.257
2012	0604	0.228
2012	0605	0.219
2012	0612	0.248
2012	0615	0.201
2012	0616	0.226
2012	0617	0.218
2012	0618	0.23000000000000004
2012	0619	0.213
2012	0620	0.23799999999999996
2012	0621	0.209
2012	0622	0.231
2012	0623	0.205
2012	0624	0.221
2012	0625	0.21
2012	0626	0.25
2012	0627	0.215
2012	0628	0.214
2012	0631	0.206
2012	0632	0.185
2012	0633	0.20799999999999996
2012	0701	0.23
2012	0702	0.20800000000000002
2012	0704	0.239
2012	0706	0.241
2012	0709	0.223
2012	0710	0.23272206134000262
2012	0711	0.21600000000000003
2012	0712	0.22225524691358023
2012	0713	0.207
2012	0714	0.244
2012	0715	0.2162508459282653
2012	0716	0.208
2012	0719	0.202
2012	0720	0.215
2012	0722	0.25
2012	0723	0.24899999999999997
2012	0728	0.209
2012	0729	0.24981350743955363
2012	0805	0.22
2012	0806	0.224
2012	0807	0.21
2012	0811	0.186
2012	0814	0.218
2012	0815	0.21800000000000003
2012	0817	0.195
2012	0819	0.20699999999999996
2012	0821	0.23599999999999996
2012	0822	0.212
2012	0826	0.203
2012	0827	0.19300000000000003
2012	0828	0.208
2012	0829	0.198
2012	0830	0.19799999999999998
2012	0831	0.194
2012	0833	0.187
2012	0834	0.212
2012	0901	0.214
2012	0904	0.22300000000000003
2012	0906	0.22400000000000003
2012	0911	0.186
2012	0912	0.189
2012	0914	0.233
2012	0919	0.199
2012	0926	0.227
2012	0928	0.185
2012	0929	0.201
2012	0935	0.194
2012	0937	0.201
2012	0938	0.209
2012	0940	0.216
2012	0941	0.24
2012	1001	0.23300000000000004
2012	1002	0.217
2012	1003	0.22400000000000003
2012	1004	0.22
2012	1014	0.199
2012	1017	0.197
2012	1018	0.243
2012	1021	0.185
2012	1026	0.208
2012	1027	0.17899999999999996
2012	1029	0.21700000000000003
2012	1032	0.214
2012	1034	0.21
2012	1037	0.20500000000000002
2012	1046	0.216
2012	1101	0.217
2012	1102	0.24599999999999997
2012	1103	0.286
2012	1106	0.238
2012	1108	0.24524120340849806
2012	1111	0.193
2012	1112	0.198
2012	1114	0.19
2012	1119	0.21
2012	1120	0.22
2012	1121	0.221
2012	1122	0.20199999999999999
2012	1124	0.256
2012	1127	0.246
2012	1129	0.202
2012	1130	0.217
2012	1133	0.216
2012	1134	0.201
2012	1135	0.201
2012	1141	0.243
2012	1142	0.23400000000000004
2012	1144	0.193
2012	1145	0.221
2012	1146	0.198
2012	1149	0.212
2012	1151	0.20800000000000002
2012	1160	0.223
2012	1201	0.25
2012	1211	0.203
2012	1216	0.20999999999999996
2012	1219	0.21600000000000003
2012	1221	0.21
2012	1222	0.211
2012	1223	0.22400000000000003
2012	1224	0.201
2012	1227	0.19
2012	1228	0.189
2012	1231	0.19199999999999998
2012	1232	0.21
2012	1233	0.182
2012	1234	0.188
2012	1235	0.20000000000000004
2012	1238	0.199
2012	1241	0.213
2012	1242	0.193
2012	1243	0.214
2012	1244	0.253
2012	1245	0.209
2012	1246	0.21199999999999997
2012	1247	0.199
2012	1251	0.178
2012	1252	0.165
2012	1253	0.194
2012	1256	0.191
2012	1259	0.221
2012	1260	0.2
2012	1263	0.20900000000000002
2012	1264	0.211
2012	1265	0.201
2012	1266	0.18399999999999997
2012	1401	0.20699999999999996
2012	1411	0.204
2012	1412	0.219
2012	1413	0.186
2012	1416	0.186
2012	1417	0.20499999999999996
2012	1418	0.20700000000000002
2012	1419	0.183
2012	1420	0.2
2012	1421	0.198
2012	1422	0.175
2012	1424	0.174
2012	1426	0.188
2012	1428	0.196
2012	1429	0.24299999999999997
2012	1430	0.19099999999999998
2012	1431	0.19300000000000003
2012	1432	0.209
2012	1433	0.184
2012	1438	0.222
2012	1439	0.221
2012	1441	0.21
2012	1443	0.19
2012	1444	0.187
2012	1445	0.193
2012	1449	0.195
2012	1502	0.21299999999999997
2012	1504	0.23100000000000004
2012	1505	0.221
2012	1506	0.21040997375328083
2012	1507	0.2276572106727779
2012	1508	0.23037194986711604
2012	1511	0.213
2012	1514	0.218
2012	1515	0.228
2012	1516	0.224
2012	1517	0.213
2012	1519	0.207
2012	1520	0.191
2012	1523	0.207
2012	1524	0.185
2012	1525	0.195
2012	1526	0.212
2012	1528	0.195
2012	1529	0.2
2012	1531	0.196
2012	1532	0.206
2012	1534	0.228
2012	1535	0.22
2012	1539	0.199
2012	1543	0.19400000000000003
2012	1545	0.202
2012	1546	0.235
2012	1547	0.20399999999999996
2012	1548	0.206
2012	1551	0.20299999999999999
2012	1554	0.202
2012	1557	0.191
2012	1560	0.20899999999999996
2012	1563	0.199
2012	1566	0.181
2012	1567	0.173
2012	1571	0.20300000000000004
2012	1573	0.227
2012	1576	0.206
2012	1577	0.20453858569555128
2012	1578	0.19502243125904484
2012	1579	0.20520114497911185
2012	1580	0.21068203962206342
2012	1601	0.233
2012	1612	0.208
2012	1613	0.183
2012	1617	0.213
2012	1620	0.207
2012	1621	0.197
2012	1622	0.184
2012	1624	0.194
2012	1627	0.202
2012	1630	0.195
2012	1632	0.202
2012	1633	0.196
2012	1634	0.2
2012	1635	0.189
2012	1636	0.196
2012	1638	0.192
2012	1640	0.203
2012	1644	0.173
2012	1648	0.193
2012	1653	0.187
2012	1657	0.17800000000000002
2012	1662	0.175
2012	1663	0.196
2012	1664	0.181
2012	1665	0.19
2012	1702	0.19800000000000004
2012	1703	0.217
2012	1711	0.208
2012	1714	0.199
2012	1717	0.20100000000000004
2012	1718	0.177
2012	1719	0.204
2012	1721	0.184
2012	1724	0.176
2012	1725	0.193
2012	1736	0.183
2012	1738	0.199
2012	1739	0.17700000000000002
2012	1740	0.167
2012	1742	0.21800000000000003
2012	1743	0.199
2012	1744	0.183
2012	1748	0.21100000000000002
2012	1749	0.199
2012	1750	0.201
2012	1751	0.198
2012	1755	0.2
2012	1756	0.193
2012	1804	0.203
2012	1805	0.205
2012	1806	0.20423402039487956
2012	1811	0.188
2012	1812	0.194
2012	1813	0.198
2012	1815	0.204
2012	1816	0.197
2012	1818	0.222
2012	1820	0.2
2012	1822	0.208
2012	1824	0.18399999999999997
2012	1825	0.175
2012	1826	0.18599999999999997
2012	1827	0.201
2012	1828	0.255
2012	1832	0.182
2012	1833	0.182
2012	1834	0.23599999999999996
2012	1835	0.311
2012	1836	0.182
2012	1837	0.201
2012	1838	0.187
2012	1839	0.184
2012	1840	0.195
2012	1841	0.186
2012	1845	0.177
2012	1848	0.206
2012	1849	0.199
2012	1850	0.204
2012	1851	0.229
2012	1852	0.177
2012	1853	0.181
2012	1854	0.199
2012	1856	0.224
2012	1857	0.236
2012	1859	0.197
2012	1860	0.209
2012	1865	0.211
2012	1866	0.211
2012	1867	0.204
2012	1868	0.227
2012	1870	0.204
2012	1871	0.203
2012	1874	0.228
2012	1875	0.20161567263974325
2012	1901	
2012	1902	0.217
2012	1903	0.21
2012	1911	0.20100000000000004
2012	1913	0.197
2012	1915	
2012	1917	0.19700000000000004
2012	1919	0.192
2012	1920	0.17
2012	1922	0.181
2012	1923	0.2
2012	1924	0.195
2012	1925	0.188
2012	1926	0.181
2012	1927	0.189
2012	1928	0.199
2012	1929	0.204
2012	1931	0.20599999999999996
2012	1933	0.182
2012	1936	0.203
2012	1938	0.201
2012	1939	0.194
2012	1940	0.186
2012	1941	0.185
2012	1942	0.198
2012	1943	0.197
2012	2002	0.207
2012	2003	0.201
2012	2004	0.20699999999999996
2012	2011	0.207
2012	2012	0.195
2012	2014	0.199
2012	2015	0.205
2012	2017	0.204
2012	2018	0.208
2012	2019	0.21600000000000003
2012	2020	0.19
2012	2021	0.20200000000000004
2012	2022	0.189
2012	2023	0.213
2012	2024	0.211
2012	2025	0.203
2012	2027	0.201
2012	2028	0.205
2012	2030	0.193
2012	3001	0.211
2012	3002	0.22447113224996695
2012	3003	0.21
2012	3004	0.22300000000000003
2012	3005	0.2425661266412537
2012	3006	0.228
2012	3007	0.219
2012	3011	0.216
2012	3012	0.21
2012	3013	0.205
2012	3014	0.2091417725776614
2012	3015	0.198
2012	3016	0.215
2012	3017	0.202
2012	3018	0.205
2012	3019	0.216
2012	3020	0.22736685630390896
2012	3021	0.229
2012	3022	0.246
2012	3023	0.23000000000000004
2012	3024	0.298
2012	3025	0.2572807945931993
2012	3026	0.20452946835118324
2012	3027	0.21
2012	3028	0.19600000000000004
2012	3029	0.232
2012	3030	0.22240989334554737
2012	3031	0.21600000000000003
2012	3032	0.215
2012	3033	0.212
2012	3034	0.197
2012	3035	0.203
2012	3036	0.202
2012	3037	0.195
2012	3038	0.248
2012	3039	0.201
2012	3040	0.226
2012	3041	0.218
2012	3042	0.23000000000000004
2012	3043	0.213
2012	3044	0.23799999999999996
2012	3045	0.209
2012	3046	0.231
2012	3047	0.205
2012	3048	0.221
2012	3049	0.25
2012	3050	0.206
2012	3051	0.185
2012	3052	0.20799999999999996
2012	3053	0.197
2012	3054	0.202
2012	3101	0.211
2012	3103	0.22447113224996695
2012	3105	0.21
2012	3107	0.22300000000000003
2012	3110	0.216
2012	3112	0.202
2012	3114	0.205
2012	3116	0.198
2012	3118	0.2091417725776614
2012	3120	0.215
2012	3122	0.205
2012	3124	0.21
2012	3201	0.298
2012	3203	0.2572807945931993
2012	3205	0.22240989334554737
2012	3207	0.22736685630390896
2012	3209	0.212
2012	3212	0.23000000000000004
2012	3214	0.246
2012	3216	0.216
2012	3218	0.229
2012	3220	0.19600000000000004
2012	3222	0.232
2012	3224	0.21
2012	3226	0.20452946835118324
2012	3228	0.197
2012	3230	0.215
2012	3232	0.21600000000000003
2012	3234	0.202
2012	3236	0.197
2012	3238	0.202
2012	3240	0.203
2012	3242	0.195
2012	3301	0.2425661266412537
2012	3303	0.228
2012	3305	0.219
2012	3310	0.248
2012	3312	0.25
2012	3314	0.221
2012	3316	0.205
2012	3318	0.231
2012	3320	0.201
2012	3322	0.226
2012	3324	0.218
2012	3326	0.23000000000000004
2012	3328	0.213
2012	3330	0.23799999999999996
2012	3332	0.209
2012	3334	0.206
2012	3336	0.185
2012	3338	0.20799999999999996
2012	3401	0.208
2012	3403	0.226
2012	3405	0.217
2012	3407	0.215
2012	3411	0.2
2012	3412	0.196
2012	3413	0.206
2012	3414	0.184
2012	3415	0.188
2012	3416	0.202
2012	3417	0.21400000000000002
2012	3418	0.206
2012	3419	0.193
2012	3420	0.206
2012	3421	0.208
2012	3422	0.205
2012	3423	0.233
2012	3424	0.186
2012	3425	0.21099999999999997
2012	3426	0.201
2012	3427	0.19999999999999998
2012	3428	0.187
2012	3429	0.19699999999999998
2012	3430	0.176
2012	3431	0.199
2012	3432	0.182
2012	3433	0.195
2012	3434	0.186
2012	3435	0.188
2012	3436	0.212
2012	3437	0.18199999999999997
2012	3438	0.207
2012	3439	0.192
2012	3440	0.209
2012	3441	0.19
2012	3442	0.20100000000000004
2012	3443	0.184
2012	3446	0.20500000000000002
2012	3447	0.18999999999999997
2012	3448	0.189
2012	3449	0.202
2012	3450	0.234
2012	3451	0.206
2012	3452	0.196
2012	3453	0.21
2012	3454	0.21100000000000002
2012	3801	0.23
2012	3802	0.21259747941216617
2012	3803	0.2334164634269244
2012	3804	0.23272206134000262
2012	3805	0.22225524691358023
2012	3806	0.22
2012	3807	0.224
2012	3808	0.21
2012	3811	0.24981350743955363
2012	3812	0.186
2012	3813	0.218
2012	3814	0.21800000000000003
2012	3815	0.195
2012	3816	0.20699999999999996
2012	3817	0.22572857142857145
2012	3818	0.203
2012	3819	0.19300000000000003
2012	3820	0.208
2012	3821	0.198
2012	3822	0.19799999999999998
2012	3823	0.194
2012	3824	0.187
2012	3825	0.212
2012	3901	0.23
2012	3903	0.21259747941216617
2012	3905	0.2334164634269244
2012	3907	0.23272206134000262
2012	3909	0.22225524691358023
2012	3911	0.24981350743955363
2012	4001	0.22
2012	4003	0.224
2012	4005	0.21
2012	4010	0.186
2012	4012	0.218
2012	4014	0.21800000000000003
2012	4016	0.195
2012	4018	0.20699999999999996
2012	4020	0.22572857142857145
2012	4022	0.208
2012	4024	0.19300000000000003
2012	4026	0.203
2012	4028	0.198
2012	4030	0.19799999999999998
2012	4032	0.194
2012	4034	0.187
2012	4036	0.212
2012	4201	0.214
2012	4202	0.22300000000000003
2012	4203	0.22400000000000003
2012	4204	0.2318690743345003
2012	4205	0.21370308274743105
2012	4206	0.22400000000000003
2012	4207	0.22
2012	4211	0.186
2012	4212	0.189
2012	4213	0.233
2012	4214	0.199
2012	4215	0.227
2012	4216	0.185
2012	4217	0.201
2012	4218	0.194
2012	4219	0.201
2012	4220	0.209
2012	4221	0.216
2012	4222	0.24
2012	4223	0.199
2012	4224	0.208
2012	4225	0.20783190734557594
2012	4226	0.21
2012	4227	0.20500000000000002
2012	4228	0.216
2012	4601	0.25
2012	4602	0.21182517010628127
2012	4611	0.203
2012	4612	0.20999999999999996
2012	4613	0.21600000000000003
2012	4614	0.21
2012	4615	0.211
2012	4616	0.22400000000000003
2012	4617	0.201
2012	4618	0.1899901866292824
2012	4619	0.21
2012	4620	0.182
2012	4621	0.19925669418159855
2012	4622	0.199
2012	4623	0.193
2012	4624	0.21382304870687655
2012	4625	0.253
2012	4626	0.21261237629664956
2012	4627	0.199
2012	4628	0.178
2012	4629	0.165
2012	4630	0.194
2012	4631	0.2025768307322929
2012	4632	0.211
2012	4633	0.201
2012	4634	0.18399999999999997
2012	4635	0.204
2012	4636	0.219
2012	4637	0.186
2012	4638	0.186
2012	4639	0.20499999999999996
2012	4640	0.19737722028932428
2012	4641	0.198
2012	4642	0.175
2012	4643	0.174
2012	4644	0.188
2012	4645	0.196
2012	4646	0.24299999999999997
2012	4647	0.20097561791843954
2012	4648	0.222
2012	4649	0.19644801275481152
2012	4650	0.193
2012	4651	0.195
2012	5001	0.233
2012	5004	0.19800000000000004
2012	5005	0.217
2012	5006	0.195521242919027
2012	5007	0.21408364348677766
2012	5011	0.208
2012	5012	0.183
2012	5013	0.213
2012	5014	0.207
2012	5015	0.197
2012	5016	0.184
2012	5017	0.202
2012	5018	0.195
2012	5019	0.202
2012	5020	0.196
2012	5021	0.2
2012	5022	0.189
2012	5023	0.196
2012	5024	0.192
2012	5025	0.203
2012	5026	0.173
2012	5027	0.193
2012	5028	0.187
2012	5029	0.17800000000000002
2012	5030	0.175
2012	5031	0.196
2012	5032	0.181
2012	5033	0.19
2012	5034	0.208
2012	5035	0.199
2012	5036	0.20100000000000004
2012	5037	0.204
2012	5038	0.184
2012	5039	0.176
2012	5040	0.193
2012	5041	0.183
2012	5042	0.199
2012	5043	0.17700000000000002
2012	5044	0.167
2012	5045	0.21800000000000003
2012	5046	0.199
2012	5047	0.183
2012	5048	0.21100000000000002
2012	5049	0.199
2012	5050	0.201
2012	5051	0.198
2012	5052	0.2
2012	5053	0.193
2012	5054	0.18804577954319762
2012	5055	0.20321701008329682
2012	5056	0.20752973977695166
2012	5057	0.19936215603421623
2012	5058	0.19662794533459002
2012	5059	0.19162031137459137
2012	5060	0.19936659505907628
2012	5061	0.173
2012	5401	0.217
2012	5402	0.21
2012	5403	0.195
2012	5404	0.207
2012	5405	0.201
2012	5406	0.20672313596491226
2012	5411	0.20100000000000004
2012	5412	0.19096616541353384
2012	5413	0.19700000000000004
2012	5414	0.192
2012	5415	0.17
2012	5416	0.181
2012	5417	0.2
2012	5418	0.195
2012	5419	0.188
2012	5420	0.181
2012	5421	0.20368391589295468
2012	5422	0.182
2012	5423	0.203
2012	5424	0.201
2012	5425	0.194
2012	5426	0.186
2012	5427	0.185
2012	5428	0.198
2012	5429	0.197
2012	5430	0.207
2012	5432	0.199
2012	5433	0.205
2012	5434	0.208
2012	5435	0.21600000000000003
2012	5436	0.19
2012	5437	0.20200000000000004
2012	5438	0.189
2012	5439	0.213
2012	5440	0.211
2012	5441	0.203
2012	5442	0.201
2012	5443	0.205
2012	5444	0.193
2012	5501	0.217
2012	5503	0.21
2012	5510	0.20100000000000004
2012	5512	0.19096616541353384
2012	5514	0.19700000000000004
2012	5516	0.192
2012	5518	0.17
2012	5520	0.181
2012	5522	0.2
2012	5524	0.195
2012	5526	0.188
2012	5528	0.181
2012	5530	0.20368391589295468
2012	5532	0.182
2012	5534	0.203
2012	5536	0.201
2012	5538	0.194
2012	5540	0.186
2012	5542	0.185
2012	5544	0.198
2012	5546	0.197
2012	5601	0.195
2012	5603	0.20672313596491226
2012	5605	0.193
2012	5607	0.201
2012	5610	0.20200000000000004
2012	5612	0.207
2012	5614	0.199
2012	5616	0.205
2012	5618	0.208
2012	5620	0.21600000000000003
2012	5622	0.19
2012	5624	0.189
2012	5626	0.213
2012	5628	0.203
2012	5630	0.211
2012	5632	0.205
2012	5634	0.207
2012	5636	0.201
2013	0101	0.214
2013	0104	0.233
2013	0105	0.212
2013	0106	0.23500000000000001
2013	0111	0.255
2013	0118	0.18700000000000003
2013	0119	0.203
2013	0121	0.18899999999999997
2013	0122	0.21600000000000003
2013	0123	0.216
2013	0124	0.215
2013	0125	0.219
2013	0127	0.202
2013	0128	0.221
2013	0135	0.21
2013	0136	0.217
2013	0137	0.2
2013	0138	0.206
2013	0211	0.226
2013	0213	0.218
2013	0214	0.235
2013	0215	0.248
2013	0216	0.241
2013	0217	0.235
2013	0219	0.294
2013	0220	0.291
2013	0221	0.21
2013	0226	0.214
2013	0227	0.20700000000000002
2013	0228	0.216
2013	0229	0.2
2013	0230	0.236
2013	0231	0.233
2013	0233	0.224
2013	0234	0.21599999999999997
2013	0235	0.22
2013	0236	0.199
2013	0237	0.204
2013	0238	0.202
2013	0239	0.196
2013	0301	0.303
2013	0402	0.22
2013	0403	0.226
2013	0412	0.199
2013	0415	0.202
2013	0417	0.208
2013	0418	0.19
2013	0419	0.198
2013	0420	0.2
2013	0423	0.215
2013	0425	0.211
2013	0426	0.199
2013	0427	0.20700000000000002
2013	0428	0.201
2013	0429	0.2
2013	0430	0.257
2013	0432	0.191
2013	0434	0.214
2013	0436	0.196
2013	0437	0.20599999999999996
2013	0438	0.191
2013	0439	0.178
2013	0441	0.188
2013	0501	0.225
2013	0502	0.213
2013	0511	0.21200000000000002
2013	0512	0.193
2013	0513	0.205
2013	0514	0.192
2013	0515	0.194
2013	0516	0.21500000000000002
2013	0517	0.19100000000000003
2013	0519	0.224
2013	0520	0.205
2013	0521	0.214
2013	0522	0.193
2013	0528	0.203
2013	0529	0.189
2013	0532	0.20000000000000004
2013	0533	0.202
2013	0534	0.211
2013	0536	0.193
2013	0538	0.19400000000000003
2013	0540	0.194
2013	0541	0.24
2013	0542	0.20600000000000002
2013	0543	0.196
2013	0544	0.209
2013	0545	0.214
2013	0602	0.259
2013	0604	0.236
2013	0605	0.224
2013	0612	0.254
2013	0615	0.214
2013	0616	0.236
2013	0617	0.222
2013	0618	0.253
2013	0619	0.205
2013	0620	0.226
2013	0621	0.208
2013	0622	0.24099999999999996
2013	0623	0.214
2013	0624	0.22
2013	0625	0.21200000000000002
2013	0626	0.243
2013	0627	0.22399999999999998
2013	0628	0.22200000000000003
2013	0631	0.217
2013	0632	0.19299999999999998
2013	0633	0.208
2013	0701	0.226
2013	0702	0.21299999999999997
2013	0704	0.239
2013	0706	0.247
2013	0709	0.225
2013	0710	0.23795366475565588
2013	0711	0.208
2013	0712	0.2241984330765686
2013	0713	0.209
2013	0714	0.20600000000000002
2013	0715	0.21140268456375838
2013	0716	0.209
2013	0719	0.2
2013	0720	0.221
2013	0722	0.251
2013	0723	0.244
2013	0728	0.21
2013	0729	0.2496884267282881
2013	0805	0.222
2013	0806	0.227
2013	0807	0.21400000000000002
2013	0811	0.187
2013	0814	0.224
2013	0815	0.22
2013	0817	0.201
2013	0819	0.207
2013	0821	0.23800000000000002
2013	0822	0.219
2013	0826	0.21200000000000002
2013	0827	0.211
2013	0828	0.211
2013	0829	0.209
2013	0830	0.22199999999999998
2013	0831	0.207
2013	0833	0.193
2013	0834	0.211
2013	0901	0.224
2013	0904	0.268
2013	0906	0.23
2013	0911	0.196
2013	0912	0.191
2013	0914	0.23599999999999996
2013	0919	0.205
2013	0926	0.22199999999999998
2013	0928	0.199
2013	0929	0.2
2013	0935	0.193
2013	0937	0.204
2013	0938	0.213
2013	0940	0.216
2013	0941	0.291
2013	1001	0.237
2013	1002	0.225
2013	1003	0.215
2013	1004	0.218
2013	1014	0.195
2013	1017	0.193
2013	1018	0.215
2013	1021	0.197
2013	1026	0.224
2013	1027	0.192
2013	1029	0.217
2013	1032	0.207
2013	1034	0.217
2013	1037	0.21099999999999997
2013	1046	0.223
2013	1101	0.221
2013	1102	0.251
2013	1103	0.286
2013	1106	0.237
2013	1108	0.2500875787465099
2013	1111	0.192
2013	1112	0.201
2013	1114	0.193
2013	1119	0.218
2013	1120	0.221
2013	1121	0.224
2013	1122	0.205
2013	1124	0.263
2013	1127	0.261
2013	1129	0.198
2013	1130	0.223
2013	1133	0.22999999999999998
2013	1134	0.2
2013	1135	0.209
2013	1141	0.253
2013	1142	0.22899999999999998
2013	1144	0.186
2013	1145	0.20299999999999999
2013	1146	0.202
2013	1149	0.219
2013	1151	0.189
2013	1160	0.226
2013	1201	0.251
2013	1211	0.204
2013	1216	0.209
2013	1219	0.217
2013	1221	0.217
2013	1222	0.21500000000000002
2013	1223	0.233
2013	1224	0.20299999999999999
2013	1227	0.195
2013	1228	0.19
2013	1231	0.195
2013	1232	0.226
2013	1233	0.198
2013	1234	0.199
2013	1235	0.204
2013	1238	0.204
2013	1241	0.208
2013	1242	0.19
2013	1243	0.222
2013	1244	0.253
2013	1245	0.213
2013	1246	0.21800000000000003
2013	1247	0.20000000000000004
2013	1251	0.186
2013	1252	0.176
2013	1253	0.195
2013	1256	0.199
2013	1259	0.212
2013	1260	0.20500000000000002
2013	1263	0.20899999999999996
2013	1264	0.21800000000000003
2013	1265	0.191
2013	1266	0.192
2013	1401	0.215
2013	1411	0.201
2013	1412	0.206
2013	1413	0.189
2013	1416	0.193
2013	1417	0.20399999999999996
2013	1418	0.21200000000000002
2013	1419	0.182
2013	1420	0.202
2013	1421	0.222
2013	1422	0.19
2013	1424	0.181
2013	1426	0.187
2013	1428	0.201
2013	1429	0.229
2013	1430	0.195
2013	1431	0.20200000000000004
2013	1432	0.205
2013	1433	0.186
2013	1438	0.206
2013	1439	0.21700000000000003
2013	1441	0.217
2013	1443	0.19900000000000004
2013	1444	0.186
2013	1445	0.196
2013	1449	0.201
2013	1502	0.217
2013	1504	0.238
2013	1505	0.228
2013	1506	0.21360692931708736
2013	1507	0.2305552808879841
2013	1508	0.23330457863980397
2013	1511	0.212
2013	1514	0.22
2013	1515	0.221
2013	1516	0.235
2013	1517	0.223
2013	1519	0.214
2013	1520	0.199
2013	1523	0.21
2013	1524	0.18299999999999997
2013	1525	0.186
2013	1526	0.192
2013	1528	0.205
2013	1529	0.203
2013	1531	0.198
2013	1532	0.21099999999999997
2013	1534	0.212
2013	1535	0.219
2013	1539	0.201
2013	1543	0.18999999999999997
2013	1545	0.205
2013	1546	0.228
2013	1547	0.207
2013	1548	0.208
2013	1551	0.203
2013	1554	0.212
2013	1557	0.20099999999999998
2013	1560	0.207
2013	1563	0.208
2013	1566	0.188
2013	1567	0.174
2013	1571	0.21
2013	1573	0.216
2013	1576	0.21200000000000002
2013	1577	0.21055598609041232
2013	1578	0.1863923324973128
2013	1579	0.20667226890756304
2013	1580	0.21336401636289767
2013	1601	0.23399999999999999
2013	1612	0.202
2013	1613	0.195
2013	1617	0.216
2013	1620	0.213
2013	1621	0.194
2013	1622	0.196
2013	1624	0.198
2013	1627	0.202
2013	1630	0.189
2013	1632	0.206
2013	1633	0.206
2013	1634	0.199
2013	1635	0.19
2013	1636	0.189
2013	1638	0.193
2013	1640	0.199
2013	1644	0.189
2013	1648	0.19200000000000003
2013	1653	0.193
2013	1657	0.18
2013	1662	0.188
2013	1663	0.202
2013	1664	0.187
2013	1665	0.182
2013	1702	0.202
2013	1703	0.20700000000000002
2013	1711	0.211
2013	1714	0.199
2013	1717	0.207
2013	1718	0.181
2013	1719	0.204
2013	1721	0.188
2013	1724	0.183
2013	1725	0.192
2013	1736	0.191
2013	1738	0.202
2013	1739	0.181
2013	1740	0.181
2013	1742	0.21900000000000003
2013	1743	0.197
2013	1744	0.198
2013	1748	0.197
2013	1749	0.209
2013	1750	0.199
2013	1751	0.21200000000000002
2013	1755	0.191
2013	1756	0.193
2013	1804	0.206
2013	1805	0.205
2013	1806	0.2033063328424153
2013	1811	0.19100000000000003
2013	1812	0.224
2013	1813	0.201
2013	1815	0.206
2013	1816	0.195
2013	1818	0.214
2013	1820	0.21
2013	1822	0.203
2013	1824	0.18800000000000003
2013	1825	0.177
2013	1826	0.19999999999999998
2013	1827	0.241
2013	1828	0.233
2013	1832	0.18
2013	1833	0.189
2013	1834	0.226
2013	1835	0.225
2013	1836	0.19
2013	1837	0.205
2013	1838	0.203
2013	1839	0.191
2013	1840	0.201
2013	1841	0.195
2013	1845	0.185
2013	1848	0.216
2013	1849	0.206
2013	1850	0.201
2013	1851	0.24
2013	1852	0.178
2013	1853	0.19299999999999998
2013	1854	0.193
2013	1856	0.203
2013	1857	0.241
2013	1859	0.196
2013	1860	0.206
2013	1865	0.22
2013	1866	0.214
2013	1867	0.21000000000000002
2013	1868	0.227
2013	1870	0.208
2013	1871	0.206
2013	1874	0.239
2013	1875	0.2033759617935792
2013	1901	
2013	1902	0.217
2013	1903	0.20799999999999996
2013	1911	0.211
2013	1913	0.196
2013	1915	
2013	1917	0.222
2013	1919	0.203
2013	1920	0.18
2013	1922	0.184
2013	1923	0.202
2013	1924	0.19099999999999998
2013	1925	0.183
2013	1926	0.187
2013	1927	0.195
2013	1928	0.203
2013	1929	0.219
2013	1931	0.20099999999999998
2013	1933	0.194
2013	1936	0.208
2013	1938	0.206
2013	1939	0.208
2013	1940	0.201
2013	1941	0.188
2013	1942	0.209
2013	1943	0.196
2013	2002	0.208
2013	2003	0.207
2013	2004	0.207
2013	2011	0.21199999999999997
2013	2012	0.197
2013	2014	0.213
2013	2015	0.193
2013	2017	0.195
2013	2018	0.20899999999999996
2013	2019	0.21800000000000003
2013	2020	0.196
2013	2021	0.205
2013	2022	0.188
2013	2023	0.228
2013	2024	0.205
2013	2025	0.202
2013	2027	0.21899999999999997
2013	2028	0.206
2013	2030	0.206
2013	3001	0.214
2013	3002	0.22778898922859322
2013	3003	0.212
2013	3004	0.23500000000000001
2013	3005	0.24388602991126954
2013	3006	0.236
2013	3007	0.224
2013	3011	0.255
2013	3012	0.18700000000000003
2013	3013	0.203
2013	3014	0.21525349811776406
2013	3015	0.202
2013	3016	0.221
2013	3017	0.21
2013	3018	0.2
2013	3019	0.226
2013	3020	0.22598572462457028
2013	3021	0.235
2013	3022	0.248
2013	3023	0.241
2013	3024	0.294
2013	3025	0.2680969395394911
2013	3026	0.20909027647169456
2013	3027	0.216
2013	3028	0.2
2013	3029	0.236
2013	3030	0.22538199601055275
2013	3031	0.224
2013	3032	0.21599999999999997
2013	3033	0.22
2013	3034	0.199
2013	3035	0.204
2013	3036	0.202
2013	3037	0.196
2013	3038	0.254
2013	3039	0.214
2013	3040	0.236
2013	3041	0.222
2013	3042	0.253
2013	3043	0.205
2013	3044	0.226
2013	3045	0.208
2013	3046	0.24099999999999996
2013	3047	0.214
2013	3048	0.22
2013	3049	0.243
2013	3050	0.217
2013	3051	0.19299999999999998
2013	3052	0.208
2013	3053	0.20000000000000004
2013	3054	0.202
2013	3101	0.214
2013	3103	0.22778898922859322
2013	3105	0.212
2013	3107	0.23500000000000001
2013	3110	0.255
2013	3112	0.21
2013	3114	0.2
2013	3116	0.202
2013	3118	0.21525349811776406
2013	3120	0.221
2013	3122	0.203
2013	3124	0.18700000000000003
2013	3201	0.294
2013	3203	0.2680969395394911
2013	3205	0.22538199601055275
2013	3207	0.22598572462457028
2013	3209	0.22
2013	3212	0.241
2013	3214	0.248
2013	3216	0.226
2013	3218	0.235
2013	3220	0.2
2013	3222	0.236
2013	3224	0.216
2013	3226	0.20909027647169456
2013	3228	0.199
2013	3230	0.21599999999999997
2013	3232	0.224
2013	3234	0.202
2013	3236	0.20000000000000004
2013	3238	0.202
2013	3240	0.204
2013	3242	0.196
2013	3301	0.24388602991126954
2013	3303	0.236
2013	3305	0.224
2013	3310	0.254
2013	3312	0.243
2013	3314	0.22
2013	3316	0.214
2013	3318	0.24099999999999996
2013	3320	0.214
2013	3322	0.236
2013	3324	0.222
2013	3326	0.253
2013	3328	0.205
2013	3330	0.226
2013	3332	0.208
2013	3334	0.217
2013	3336	0.19299999999999998
2013	3338	0.208
2013	3401	0.22
2013	3403	0.226
2013	3405	0.225
2013	3407	0.213
2013	3411	0.199
2013	3412	0.202
2013	3413	0.208
2013	3414	0.19
2013	3415	0.198
2013	3416	0.2
2013	3417	0.215
2013	3418	0.211
2013	3419	0.199
2013	3420	0.20700000000000002
2013	3421	0.201
2013	3422	0.2
2013	3423	0.257
2013	3424	0.191
2013	3425	0.214
2013	3426	0.196
2013	3427	0.20599999999999996
2013	3428	0.191
2013	3429	0.178
2013	3430	0.188
2013	3431	0.21200000000000002
2013	3432	0.193
2013	3433	0.205
2013	3434	0.192
2013	3435	0.194
2013	3436	0.21500000000000002
2013	3437	0.19100000000000003
2013	3438	0.224
2013	3439	0.205
2013	3440	0.214
2013	3441	0.193
2013	3442	0.203
2013	3443	0.189
2013	3446	0.211
2013	3447	0.193
2013	3448	0.19400000000000003
2013	3449	0.194
2013	3450	0.24
2013	3451	0.20600000000000002
2013	3452	0.196
2013	3453	0.209
2013	3454	0.214
2013	3801	0.226
2013	3802	0.21044841537424136
2013	3803	0.23362863058149022
2013	3804	0.23795366475565588
2013	3805	0.2241984330765686
2013	3806	0.222
2013	3807	0.227
2013	3808	0.21400000000000002
2013	3811	0.2496884267282881
2013	3812	0.187
2013	3813	0.224
2013	3814	0.22
2013	3815	0.201
2013	3816	0.207
2013	3817	0.22982962598425197
2013	3818	0.21200000000000002
2013	3819	0.211
2013	3820	0.211
2013	3821	0.209
2013	3822	0.22199999999999998
2013	3823	0.207
2013	3824	0.193
2013	3825	0.211
2013	3901	0.226
2013	3903	0.21044841537424136
2013	3905	0.23362863058149022
2013	3907	0.23795366475565588
2013	3909	0.2241984330765686
2013	3911	0.2496884267282881
2013	4001	0.222
2013	4003	0.227
2013	4005	0.21400000000000002
2013	4010	0.187
2013	4012	0.224
2013	4014	0.22
2013	4016	0.201
2013	4018	0.207
2013	4020	0.22982962598425197
2013	4022	0.211
2013	4024	0.211
2013	4026	0.21200000000000002
2013	4028	0.209
2013	4030	0.22199999999999998
2013	4032	0.207
2013	4034	0.193
2013	4036	0.211
2013	4201	0.224
2013	4202	0.268
2013	4203	0.23
2013	4204	0.2319109819997837
2013	4205	0.22040676371780515
2013	4206	0.215
2013	4207	0.218
2013	4211	0.196
2013	4212	0.191
2013	4213	0.23599999999999996
2013	4214	0.205
2013	4215	0.22199999999999998
2013	4216	0.199
2013	4217	0.2
2013	4218	0.193
2013	4219	0.204
2013	4220	0.213
2013	4221	0.216
2013	4222	0.291
2013	4223	0.195
2013	4224	0.224
2013	4225	0.20433853578396138
2013	4226	0.217
2013	4227	0.21099999999999997
2013	4228	0.223
2013	4601	0.251
2013	4602	0.21568691064211945
2013	4611	0.204
2013	4612	0.209
2013	4613	0.217
2013	4614	0.217
2013	4615	0.21500000000000002
2013	4616	0.233
2013	4617	0.20299999999999999
2013	4618	0.1919450030602431
2013	4619	0.226
2013	4620	0.198
2013	4621	0.20369796191112596
2013	4622	0.204
2013	4623	0.19
2013	4624	0.21956593806921673
2013	4625	0.253
2013	4626	0.2162549921406532
2013	4627	0.20000000000000004
2013	4628	0.186
2013	4629	0.176
2013	4630	0.195
2013	4631	0.20555936694884064
2013	4632	0.21800000000000003
2013	4633	0.191
2013	4634	0.192
2013	4635	0.201
2013	4636	0.206
2013	4637	0.189
2013	4638	0.193
2013	4639	0.20399999999999996
2013	4640	0.19913343572138406
2013	4641	0.222
2013	4642	0.19
2013	4643	0.181
2013	4644	0.187
2013	4645	0.201
2013	4646	0.229
2013	4647	0.20076876792177878
2013	4648	0.206
2013	4649	0.20476438167413022
2013	4650	0.196
2013	4651	0.201
2013	5001	0.23399999999999999
2013	5004	0.202
2013	5005	0.20700000000000002
2013	5006	0.199777346652357
2013	5007	0.20490472779369628
2013	5011	0.202
2013	5012	0.195
2013	5013	0.216
2013	5014	0.213
2013	5015	0.194
2013	5016	0.196
2013	5017	0.202
2013	5018	0.189
2013	5019	0.206
2013	5020	0.206
2013	5021	0.199
2013	5022	0.19
2013	5023	0.189
2013	5024	0.193
2013	5025	0.199
2013	5026	0.189
2013	5027	0.19200000000000003
2013	5028	0.193
2013	5029	0.18
2013	5030	0.188
2013	5031	0.202
2013	5032	0.187
2013	5033	0.182
2013	5034	0.211
2013	5035	0.199
2013	5036	0.207
2013	5037	0.204
2013	5038	0.188
2013	5039	0.183
2013	5040	0.192
2013	5041	0.191
2013	5042	0.202
2013	5043	0.181
2013	5044	0.181
2013	5045	0.21900000000000003
2013	5046	0.197
2013	5047	0.198
2013	5048	0.197
2013	5049	0.209
2013	5050	0.199
2013	5051	0.21200000000000002
2013	5052	0.191
2013	5053	0.193
2013	5054	0.19210517529215357
2013	5055	0.2028730019064379
2013	5056	0.2122129256682534
2013	5057	0.19780040733197557
2013	5058	0.193
2013	5059	0.19251812132211404
2013	5060	0.20605129296584018
2013	5061	0.174
2013	5401	0.217
2013	5402	0.20799999999999996
2013	5403	0.197
2013	5404	0.208
2013	5405	0.207
2013	5406	0.20588080662585523
2013	5411	0.211
2013	5412	0.19054623044096727
2013	5413	0.222
2013	5414	0.203
2013	5415	0.18
2013	5416	0.184
2013	5417	0.202
2013	5418	0.19099999999999998
2013	5419	0.183
2013	5420	0.187
2013	5421	0.2016300683679686
2013	5422	0.194
2013	5423	0.208
2013	5424	0.206
2013	5425	0.208
2013	5426	0.201
2013	5427	0.188
2013	5428	0.209
2013	5429	0.196
2013	5430	0.21199999999999997
2013	5432	0.213
2013	5433	0.193
2013	5434	0.20899999999999996
2013	5435	0.21800000000000003
2013	5436	0.196
2013	5437	0.205
2013	5438	0.188
2013	5439	0.228
2013	5440	0.205
2013	5441	0.202
2013	5442	0.21899999999999997
2013	5443	0.206
2013	5444	0.206
2013	5501	0.217
2013	5503	0.20799999999999996
2013	5510	0.211
2013	5512	0.19054623044096727
2013	5514	0.222
2013	5516	0.203
2013	5518	0.18
2013	5520	0.184
2013	5522	0.202
2013	5524	0.19099999999999998
2013	5526	0.183
2013	5528	0.187
2013	5530	0.2016300683679686
2013	5532	0.194
2013	5534	0.208
2013	5536	0.206
2013	5538	0.208
2013	5540	0.201
2013	5542	0.188
2013	5544	0.209
2013	5546	0.196
2013	5601	0.197
2013	5603	0.20588080662585523
2013	5605	0.206
2013	5607	0.207
2013	5610	0.205
2013	5612	0.21199999999999997
2013	5614	0.213
2013	5616	0.193
2013	5618	0.20899999999999996
2013	5620	0.21800000000000003
2013	5622	0.196
2013	5624	0.188
2013	5626	0.228
2013	5628	0.202
2013	5630	0.205
2013	5632	0.206
2013	5634	0.208
2013	5636	0.21899999999999997
2014	0101	0.217
2014	0104	0.24
2014	0105	0.21799999999999997
2014	0106	0.228
2014	0111	0.227
2014	0118	0.206
2014	0119	0.217
2014	0121	0.202
2014	0122	0.21099999999999997
2014	0123	0.21400000000000002
2014	0124	0.221
2014	0125	0.217
2014	0127	0.214
2014	0128	0.225
2014	0135	0.221
2014	0136	0.23
2014	0137	0.203
2014	0138	0.206
2014	0211	0.227
2014	0213	0.219
2014	0214	0.24099999999999996
2014	0215	0.252
2014	0216	0.242
2014	0217	0.238
2014	0219	0.302
2014	0220	0.306
2014	0221	0.212
2014	0226	0.212
2014	0227	0.20699999999999996
2014	0228	0.215
2014	0229	0.211
2014	0230	0.235
2014	0231	0.23599999999999996
2014	0233	0.22799999999999998
2014	0234	0.221
2014	0235	0.222
2014	0236	0.202
2014	0237	0.207
2014	0238	0.21
2014	0239	0.203
2014	0301	0.312
2014	0402	0.223
2014	0403	0.235
2014	0412	0.206
2014	0415	0.2
2014	0417	0.212
2014	0418	0.192
2014	0419	0.207
2014	0420	0.2
2014	0423	0.21900000000000003
2014	0425	0.224
2014	0426	0.206
2014	0427	0.211
2014	0428	0.208
2014	0429	0.212
2014	0430	0.25
2014	0432	0.197
2014	0434	0.235
2014	0436	0.22
2014	0437	0.20599999999999996
2014	0438	0.189
2014	0439	0.186
2014	0441	0.203
2014	0501	0.221
2014	0502	0.221
2014	0511	0.218
2014	0512	0.21
2014	0513	0.212
2014	0514	0.2
2014	0515	0.193
2014	0516	0.242
2014	0517	0.19700000000000004
2014	0519	0.23
2014	0520	0.227
2014	0521	0.216
2014	0522	0.191
2014	0528	0.208
2014	0529	0.195
2014	0532	0.205
2014	0533	0.215
2014	0534	0.219
2014	0536	0.203
2014	0538	0.2
2014	0540	0.214
2014	0541	0.246
2014	0542	0.215
2014	0543	0.211
2014	0544	0.216
2014	0545	0.23600000000000002
2014	0602	0.262
2014	0604	0.236
2014	0605	0.226
2014	0612	0.264
2014	0615	0.223
2014	0616	0.23
2014	0617	0.223
2014	0618	0.247
2014	0619	0.208
2014	0620	0.241
2014	0621	0.213
2014	0622	0.233
2014	0623	0.215
2014	0624	0.217
2014	0625	0.225
2014	0626	0.254
2014	0627	0.222
2014	0628	0.22200000000000003
2014	0631	0.22500000000000003
2014	0632	0.188
2014	0633	0.208
2014	0701	0.225
2014	0702	0.219
2014	0704	0.245
2014	0706	0.247
2014	0709	0.23900000000000002
2014	0710	0.23888193685293552
2014	0711	0.212
2014	0712	0.2374933724134914
2014	0713	0.217
2014	0714	0.206
2014	0715	0.21603380822322285
2014	0716	0.218
2014	0719	0.20699999999999996
2014	0720	0.223
2014	0722	0.255
2014	0723	0.23299999999999998
2014	0728	0.21099999999999997
2014	0729	0.25088325104443604
2014	0805	0.229
2014	0806	0.234
2014	0807	0.221
2014	0811	0.188
2014	0814	0.224
2014	0815	0.227
2014	0817	0.204
2014	0819	0.21300000000000002
2014	0821	0.23599999999999996
2014	0822	0.223
2014	0826	0.209
2014	0827	0.215
2014	0828	0.222
2014	0829	0.21099999999999997
2014	0830	0.211
2014	0831	0.213
2014	0833	0.197
2014	0834	0.219
2014	0901	0.239
2014	0904	0.297
2014	0906	0.23399999999999999
2014	0911	0.215
2014	0912	0.211
2014	0914	0.234
2014	0919	0.195
2014	0926	0.23
2014	0928	0.19
2014	0929	0.227
2014	0935	0.19899999999999998
2014	0937	0.206
2014	0938	0.207
2014	0940	0.233
2014	0941	0.257
2014	1001	0.245
2014	1002	0.231
2014	1003	0.222
2014	1004	0.22899999999999998
2014	1014	0.201
2014	1017	0.198
2014	1018	0.22799999999999998
2014	1021	0.206
2014	1026	0.244
2014	1027	0.18699999999999997
2014	1029	0.235
2014	1032	0.21
2014	1034	0.209
2014	1037	0.208
2014	1046	0.254
2014	1101	0.229
2014	1102	0.252
2014	1103	0.292
2014	1106	0.24200000000000002
2014	1108	0.2515075606354762
2014	1111	0.2
2014	1112	0.213
2014	1114	0.206
2014	1119	0.219
2014	1120	0.22900000000000004
2014	1121	0.224
2014	1122	0.21199999999999997
2014	1124	0.346
2014	1127	0.262
2014	1129	0.223
2014	1130	0.224
2014	1133	0.243
2014	1134	0.202
2014	1135	0.214
2014	1141	0.246
2014	1142	0.262
2014	1144	0.201
2014	1145	0.21400000000000002
2014	1146	0.202
2014	1149	0.218
2014	1151	0.19799999999999998
2014	1160	0.232
2014	1201	0.255
2014	1211	0.207
2014	1216	0.207
2014	1219	0.22599999999999998
2014	1221	0.218
2014	1222	0.217
2014	1223	0.235
2014	1224	0.207
2014	1227	0.202
2014	1228	0.19600000000000004
2014	1231	0.205
2014	1232	0.213
2014	1233	0.212
2014	1234	0.205
2014	1235	0.21
2014	1238	0.202
2014	1241	0.22
2014	1242	0.205
2014	1243	0.22099999999999997
2014	1244	0.282
2014	1245	0.21399999999999997
2014	1246	0.222
2014	1247	0.203
2014	1251	0.188
2014	1252	0.18499999999999997
2014	1253	0.20300000000000004
2014	1256	0.2
2014	1259	0.218
2014	1260	0.205
2014	1263	0.215
2014	1264	0.21800000000000003
2014	1265	0.199
2014	1266	0.18600000000000003
2014	1401	0.225
2014	1411	0.205
2014	1412	0.208
2014	1413	0.193
2014	1416	0.196
2014	1417	0.20900000000000002
2014	1418	0.198
2014	1419	0.187
2014	1420	0.205
2014	1421	0.207
2014	1422	0.191
2014	1424	0.187
2014	1426	0.184
2014	1428	0.193
2014	1429	0.237
2014	1430	0.196
2014	1431	0.211
2014	1432	0.212
2014	1433	0.18
2014	1438	0.226
2014	1439	0.217
2014	1441	0.208
2014	1443	0.20099999999999998
2014	1444	0.201
2014	1445	0.198
2014	1449	0.20400000000000001
2014	1502	0.225
2014	1504	0.238
2014	1505	0.23299999999999998
2014	1506	0.22075933730094902
2014	1507	0.2335632762244443
2014	1508	0.23634844335554783
2014	1511	0.219
2014	1514	0.216
2014	1515	0.227
2014	1516	0.235
2014	1517	0.21600000000000003
2014	1519	0.213
2014	1520	0.211
2014	1523	0.24
2014	1524	0.197
2014	1525	0.194
2014	1526	0.198
2014	1528	0.206
2014	1529	0.211
2014	1531	0.199
2014	1532	0.226
2014	1534	0.22
2014	1535	0.222
2014	1539	0.2
2014	1543	0.196
2014	1545	0.203
2014	1546	0.23699999999999996
2014	1547	0.21100000000000002
2014	1548	0.209
2014	1551	0.209
2014	1554	0.216
2014	1557	0.228
2014	1560	0.216
2014	1563	0.21
2014	1566	0.186
2014	1567	0.188
2014	1571	0.223
2014	1573	0.218
2014	1576	0.214
2014	1577	0.2115515199368338
2014	1578	0.19738051470588236
2014	1579	0.209
2014	1580	0.21614772170122754
2014	1601	0.23599999999999996
2014	1612	0.198
2014	1613	0.201
2014	1617	0.215
2014	1620	0.263
2014	1621	0.20300000000000004
2014	1622	0.207
2014	1624	0.194
2014	1627	0.215
2014	1630	0.20500000000000002
2014	1632	0.202
2014	1633	0.197
2014	1634	0.198
2014	1635	0.188
2014	1636	0.2
2014	1638	0.198
2014	1640	0.19799999999999998
2014	1644	0.179
2014	1648	0.198
2014	1653	0.193
2014	1657	0.178
2014	1662	0.195
2014	1663	0.206
2014	1664	0.194
2014	1665	0.192
2014	1702	0.20700000000000002
2014	1703	0.207
2014	1711	0.209
2014	1714	0.20699999999999996
2014	1717	0.204
2014	1718	0.182
2014	1719	0.211
2014	1721	0.19600000000000004
2014	1724	0.188
2014	1725	0.193
2014	1736	0.199
2014	1738	0.20200000000000004
2014	1739	0.179
2014	1740	0.194
2014	1742	0.222
2014	1743	0.188
2014	1744	0.197
2014	1748	0.217
2014	1749	0.199
2014	1750	0.207
2014	1751	0.21000000000000002
2014	1755	0.197
2014	1756	0.2
2014	1804	0.21
2014	1805	0.212
2014	1806	0.2096097613324176
2014	1811	0.2
2014	1812	0.206
2014	1813	0.209
2014	1815	0.216
2014	1816	0.214
2014	1818	0.216
2014	1820	0.213
2014	1822	0.213
2014	1824	0.194
2014	1825	0.17
2014	1826	0.209
2014	1827	0.23
2014	1828	0.246
2014	1832	0.188
2014	1833	0.19200000000000003
2014	1834	0.244
2014	1835	0.215
2014	1836	0.188
2014	1837	0.207
2014	1838	0.188
2014	1839	0.195
2014	1840	0.21899999999999997
2014	1841	0.199
2014	1845	0.18
2014	1848	0.22100000000000003
2014	1849	0.216
2014	1850	0.201
2014	1851	0.248
2014	1852	0.185
2014	1853	0.205
2014	1854	0.199
2014	1856	0.21
2014	1857	0.236
2014	1859	0.201
2014	1860	0.212
2014	1865	0.228
2014	1866	0.221
2014	1867	0.22
2014	1868	0.23300000000000004
2014	1870	0.212
2014	1871	0.217
2014	1874	0.24099999999999996
2014	1875	0.20814659685863873
2014	1901	
2014	1902	0.225
2014	1903	0.22400000000000003
2014	1911	0.223
2014	1913	0.194
2014	1915	
2014	1917	0.211
2014	1919	0.206
2014	1920	0.185
2014	1922	0.188
2014	1923	0.213
2014	1924	0.194
2014	1925	0.19
2014	1926	0.191
2014	1927	0.197
2014	1928	0.228
2014	1929	0.23700000000000002
2014	1931	0.207
2014	1933	0.192
2014	1936	0.222
2014	1938	0.217
2014	1939	0.204
2014	1940	0.205
2014	1941	0.19900000000000004
2014	1942	0.203
2014	1943	0.212
2014	2002	0.226
2014	2003	0.214
2014	2004	0.21400000000000002
2014	2011	0.212
2014	2012	0.205
2014	2014	0.209
2014	2015	0.206
2014	2017	0.21
2014	2018	0.21700000000000003
2014	2019	0.22800000000000004
2014	2020	0.2
2014	2021	0.21100000000000002
2014	2022	0.21000000000000002
2014	2023	0.232
2014	2024	0.205
2014	2025	0.229
2014	2027	0.215
2014	2028	0.225
2014	2030	0.201
2014	3001	0.217
2014	3002	0.2367461052813032
2014	3003	0.21799999999999997
2014	3004	0.228
2014	3005	0.24947469592671187
2014	3006	0.236
2014	3007	0.226
2014	3011	0.227
2014	3012	0.206
2014	3013	0.217
2014	3014	0.21596582490798116
2014	3015	0.214
2014	3016	0.225
2014	3017	0.221
2014	3018	0.203
2014	3019	0.227
2014	3020	0.22794035521623024
2014	3021	0.24099999999999996
2014	3022	0.252
2014	3023	0.242
2014	3024	0.302
2014	3025	0.2775039925698558
2014	3026	0.21158446697996539
2014	3027	0.215
2014	3028	0.211
2014	3029	0.235
2014	3030	0.2268226495186598
2014	3031	0.22799999999999998
2014	3032	0.221
2014	3033	0.222
2014	3034	0.202
2014	3035	0.207
2014	3036	0.21
2014	3037	0.203
2014	3038	0.264
2014	3039	0.223
2014	3040	0.23
2014	3041	0.223
2014	3042	0.247
2014	3043	0.208
2014	3044	0.241
2014	3045	0.213
2014	3046	0.233
2014	3047	0.215
2014	3048	0.217
2014	3049	0.254
2014	3050	0.22500000000000003
2014	3051	0.188
2014	3052	0.208
2014	3053	0.205
2014	3054	0.215
2014	3101	0.217
2014	3103	0.2367461052813032
2014	3105	0.21799999999999997
2014	3107	0.228
2014	3110	0.227
2014	3112	0.221
2014	3114	0.203
2014	3116	0.214
2014	3118	0.21596582490798116
2014	3120	0.225
2014	3122	0.217
2014	3124	0.206
2014	3201	0.302
2014	3203	0.2775039925698558
2014	3205	0.2268226495186598
2014	3207	0.22794035521623024
2014	3209	0.222
2014	3212	0.242
2014	3214	0.252
2014	3216	0.227
2014	3218	0.24099999999999996
2014	3220	0.211
2014	3222	0.235
2014	3224	0.215
2014	3226	0.21158446697996539
2014	3228	0.202
2014	3230	0.221
2014	3232	0.22799999999999998
2014	3234	0.215
2014	3236	0.205
2014	3238	0.21
2014	3240	0.207
2014	3242	0.203
2014	3301	0.24947469592671187
2014	3303	0.236
2014	3305	0.226
2014	3310	0.264
2014	3312	0.254
2014	3314	0.217
2014	3316	0.215
2014	3318	0.233
2014	3320	0.223
2014	3322	0.23
2014	3324	0.223
2014	3326	0.247
2014	3328	0.208
2014	3330	0.241
2014	3332	0.213
2014	3334	0.22500000000000003
2014	3336	0.188
2014	3338	0.208
2014	3401	0.223
2014	3403	0.235
2014	3405	0.221
2014	3407	0.221
2014	3411	0.206
2014	3412	0.2
2014	3413	0.212
2014	3414	0.192
2014	3415	0.207
2014	3416	0.2
2014	3417	0.21900000000000003
2014	3418	0.224
2014	3419	0.206
2014	3420	0.211
2014	3421	0.208
2014	3422	0.212
2014	3423	0.25
2014	3424	0.197
2014	3425	0.235
2014	3426	0.22
2014	3427	0.20599999999999996
2014	3428	0.189
2014	3429	0.186
2014	3430	0.203
2014	3431	0.218
2014	3432	0.21
2014	3433	0.212
2014	3434	0.2
2014	3435	0.193
2014	3436	0.242
2014	3437	0.19700000000000004
2014	3438	0.23
2014	3439	0.227
2014	3440	0.216
2014	3441	0.191
2014	3442	0.208
2014	3443	0.195
2014	3446	0.219
2014	3447	0.203
2014	3448	0.2
2014	3449	0.214
2014	3450	0.246
2014	3451	0.215
2014	3452	0.211
2014	3453	0.216
2014	3454	0.23600000000000002
2014	3801	0.225
2014	3802	0.2164204047292211
2014	3803	0.24012983785063322
2014	3804	0.23888193685293552
2014	3805	0.2374933724134914
2014	3806	0.229
2014	3807	0.234
2014	3808	0.221
2014	3811	0.25088325104443604
2014	3812	0.188
2014	3813	0.224
2014	3814	0.227
2014	3815	0.204
2014	3816	0.21300000000000002
2014	3817	0.23046549857269416
2014	3818	0.209
2014	3819	0.215
2014	3820	0.222
2014	3821	0.21099999999999997
2014	3822	0.211
2014	3823	0.213
2014	3824	0.197
2014	3825	0.219
2014	3901	0.225
2014	3903	0.2164204047292211
2014	3905	0.24012983785063322
2014	3907	0.23888193685293552
2014	3909	0.2374933724134914
2014	3911	0.25088325104443604
2014	4001	0.229
2014	4003	0.234
2014	4005	0.221
2014	4010	0.188
2014	4012	0.224
2014	4014	0.227
2014	4016	0.204
2014	4018	0.21300000000000002
2014	4020	0.23046549857269416
2014	4022	0.222
2014	4024	0.215
2014	4026	0.209
2014	4028	0.21099999999999997
2014	4030	0.211
2014	4032	0.213
2014	4034	0.197
2014	4036	0.219
2014	4201	0.239
2014	4202	0.297
2014	4203	0.23399999999999999
2014	4204	0.24032073462353928
2014	4205	0.22931771296460965
2014	4206	0.222
2014	4207	0.22899999999999998
2014	4211	0.215
2014	4212	0.211
2014	4213	0.234
2014	4214	0.195
2014	4215	0.23
2014	4216	0.19
2014	4217	0.227
2014	4218	0.19899999999999998
2014	4219	0.206
2014	4220	0.207
2014	4221	0.233
2014	4222	0.257
2014	4223	0.201
2014	4224	0.244
2014	4225	0.20592798374809546
2014	4226	0.209
2014	4227	0.208
2014	4228	0.254
2014	4601	0.255
2014	4602	0.22227319529938444
2014	4611	0.207
2014	4612	0.207
2014	4613	0.22599999999999998
2014	4614	0.218
2014	4615	0.217
2014	4616	0.235
2014	4617	0.207
2014	4618	0.19921606068532569
2014	4619	0.213
2014	4620	0.212
2014	4621	0.20969792426553485
2014	4622	0.202
2014	4623	0.205
2014	4624	0.22082987514995334
2014	4625	0.282
2014	4626	0.2199569776363275
2014	4627	0.203
2014	4628	0.188
2014	4629	0.18499999999999997
2014	4630	0.20300000000000004
2014	4631	0.20908541877621872
2014	4632	0.21800000000000003
2014	4633	0.199
2014	4634	0.18600000000000003
2014	4635	0.205
2014	4636	0.208
2014	4637	0.193
2014	4638	0.196
2014	4639	0.20900000000000002
2014	4640	0.20053755470215234
2014	4641	0.207
2014	4642	0.191
2014	4643	0.187
2014	4644	0.184
2014	4645	0.193
2014	4646	0.237
2014	4647	0.2055341814623235
2014	4648	0.226
2014	4649	0.2032363344051447
2014	4650	0.198
2014	4651	0.20400000000000001
2014	5001	0.23599999999999996
2014	5004	0.20700000000000002
2014	5005	0.207
2014	5006	0.2049815897499689
2014	5007	0.2058933186156743
2014	5011	0.198
2014	5012	0.201
2014	5013	0.215
2014	5014	0.263
2014	5015	0.20300000000000004
2014	5016	0.207
2014	5017	0.215
2014	5018	0.20500000000000002
2014	5019	0.202
2014	5020	0.197
2014	5021	0.198
2014	5022	0.188
2014	5023	0.2
2014	5024	0.198
2014	5025	0.19799999999999998
2014	5026	0.179
2014	5027	0.198
2014	5028	0.193
2014	5029	0.178
2014	5030	0.195
2014	5031	0.206
2014	5032	0.194
2014	5033	0.192
2014	5034	0.209
2014	5035	0.20699999999999996
2014	5036	0.204
2014	5037	0.211
2014	5038	0.19600000000000004
2014	5039	0.188
2014	5040	0.193
2014	5041	0.199
2014	5042	0.20200000000000004
2014	5043	0.179
2014	5044	0.194
2014	5045	0.222
2014	5046	0.188
2014	5047	0.197
2014	5048	0.217
2014	5049	0.199
2014	5050	0.207
2014	5051	0.21000000000000002
2014	5052	0.197
2014	5053	0.2
2014	5054	0.18981805705323007
2014	5055	0.20425865880619012
2014	5056	0.21250636132315523
2014	5057	0.2087247594936709
2014	5058	0.2043003784295175
2014	5059	0.19945025663426885
2014	5060	0.20861875332978158
2014	5061	0.188
2014	5401	0.225
2014	5402	0.22400000000000003
2014	5403	0.205
2014	5404	0.226
2014	5405	0.214
2014	5406	0.2136292115011466
2014	5411	0.223
2014	5412	0.19131304967910626
2014	5413	0.211
2014	5414	0.206
2014	5415	0.185
2014	5416	0.188
2014	5417	0.213
2014	5418	0.194
2014	5419	0.19
2014	5420	0.191
2014	5421	0.20907750790553725
2014	5422	0.192
2014	5423	0.222
2014	5424	0.217
2014	5425	0.204
2014	5426	0.205
2014	5427	0.19900000000000004
2014	5428	0.203
2014	5429	0.212
2014	5430	0.212
2014	5432	0.209
2014	5433	0.206
2014	5434	0.21700000000000003
2014	5435	0.22800000000000004
2014	5436	0.2
2014	5437	0.21100000000000002
2014	5438	0.21000000000000002
2014	5439	0.232
2014	5440	0.205
2014	5441	0.229
2014	5442	0.215
2014	5443	0.225
2014	5444	0.201
2014	5501	0.225
2014	5503	0.22400000000000003
2014	5510	0.223
2014	5512	0.19131304967910626
2014	5514	0.211
2014	5516	0.206
2014	5518	0.185
2014	5520	0.188
2014	5522	0.213
2014	5524	0.194
2014	5526	0.19
2014	5528	0.191
2014	5530	0.20907750790553725
2014	5532	0.192
2014	5534	0.222
2014	5536	0.217
2014	5538	0.204
2014	5540	0.205
2014	5542	0.19900000000000004
2014	5544	0.203
2014	5546	0.212
2014	5601	0.205
2014	5603	0.2136292115011466
2014	5605	0.201
2014	5607	0.214
2014	5610	0.21100000000000002
2014	5612	0.212
2014	5614	0.209
2014	5616	0.206
2014	5618	0.21700000000000003
2014	5620	0.22800000000000004
2014	5622	0.2
2014	5624	0.21000000000000002
2014	5626	0.232
2014	5628	0.229
2014	5630	0.205
2014	5632	0.225
2014	5634	0.226
2014	5636	0.215
2015	0101	0.232
2015	0104	0.253
2015	0105	0.231
2015	0106	0.24
2015	0111	0.247
2015	0118	0.235
2015	0119	0.24899999999999997
2015	0121	0.293
2015	0122	0.21599999999999997
2015	0123	0.233
2015	0124	0.233
2015	0125	0.239
2015	0127	0.224
2015	0128	0.258
2015	0135	0.241
2015	0136	0.248
2015	0137	0.21400000000000002
2015	0138	0.22100000000000003
2015	0211	0.252
2015	0213	0.243
2015	0214	0.24300000000000002
2015	0215	0.285
2015	0216	0.247
2015	0217	0.26
2015	0219	0.345
2015	0220	0.331
2015	0221	0.219
2015	0226	0.225
2015	0227	0.227
2015	0228	0.226
2015	0229	0.22400000000000003
2015	0230	0.253
2015	0231	0.248
2015	0233	0.235
2015	0234	0.241
2015	0235	0.233
2015	0236	0.213
2015	0237	0.217
2015	0238	0.219
2015	0239	0.216
2015	0301	0.341
2015	0402	0.237
2015	0403	0.249
2015	0412	0.212
2015	0415	0.207
2015	0417	0.223
2015	0418	0.201
2015	0419	0.219
2015	0420	0.213
2015	0423	0.231
2015	0425	0.226
2015	0426	0.212
2015	0427	0.223
2015	0428	0.212
2015	0429	0.21
2015	0430	0.24799999999999997
2015	0432	0.2
2015	0434	0.213
2015	0436	0.234
2015	0437	0.215
2015	0438	0.204
2015	0439	0.203
2015	0441	0.204
2015	0501	0.239
2015	0502	0.23099999999999998
2015	0511	0.23
2015	0512	0.226
2015	0513	0.204
2015	0514	0.198
2015	0515	0.21
2015	0516	0.232
2015	0517	0.202
2015	0519	0.219
2015	0520	0.218
2015	0521	0.235
2015	0522	0.19800000000000004
2015	0528	0.217
2015	0529	0.197
2015	0532	0.213
2015	0533	0.222
2015	0534	0.232
2015	0536	0.198
2015	0538	0.202
2015	0540	0.21299999999999997
2015	0541	0.224
2015	0542	0.22900000000000004
2015	0543	0.207
2015	0544	0.225
2015	0545	0.255
2015	0602	0.288
2015	0604	0.247
2015	0605	0.236
2015	0612	0.269
2015	0615	0.239
2015	0616	0.248
2015	0617	0.238
2015	0618	0.266
2015	0619	0.259
2015	0620	0.262
2015	0621	0.299
2015	0622	0.24799999999999997
2015	0623	0.238
2015	0624	0.234
2015	0625	0.22700000000000004
2015	0626	0.269
2015	0627	0.233
2015	0628	0.23400000000000004
2015	0631	0.23699999999999996
2015	0632	0.2
2015	0633	0.223
2015	0701	0.239
2015	0702	0.226
2015	0704	0.265
2015	0706	0.269
2015	0709	0.247
2015	0710	0.2588062477053969
2015	0711	0.228
2015	0712	0.24582124910265613
2015	0713	0.239
2015	0714	0.216
2015	0715	0.22373938294010892
2015	0716	0.22899999999999998
2015	0719	0.21500000000000002
2015	0720	0.241
2015	0722	0.275
2015	0723	0.268
2015	0728	0.22500000000000003
2015	0729	0.27368655700510497
2015	0805	0.23999999999999996
2015	0806	0.24399999999999997
2015	0807	0.23600000000000002
2015	0811	0.193
2015	0814	0.22599999999999998
2015	0815	0.233
2015	0817	0.211
2015	0819	0.234
2015	0821	0.257
2015	0822	0.221
2015	0826	0.21999999999999997
2015	0827	0.21700000000000003
2015	0828	0.247
2015	0829	0.209
2015	0830	0.22799999999999998
2015	0831	0.222
2015	0833	0.205
2015	0834	0.232
2015	0901	0.26
2015	0904	0.283
2015	0906	0.24700000000000003
2015	0911	0.21799999999999997
2015	0912	0.197
2015	0914	0.248
2015	0919	0.203
2015	0926	0.25
2015	0928	0.201
2015	0929	0.21
2015	0935	0.207
2015	0937	0.217
2015	0938	0.232
2015	0940	0.224
2015	0941	0.269
2015	1001	0.26
2015	1002	0.246
2015	1003	0.236
2015	1004	0.228
2015	1014	0.208
2015	1017	0.215
2015	1018	0.241
2015	1021	0.216
2015	1026	0.233
2015	1027	0.204
2015	1029	0.254
2015	1032	0.227
2015	1034	0.226
2015	1037	0.218
2015	1046	0.226
2015	1101	0.236
2015	1102	0.268
2015	1103	0.311
2015	1106	0.25
2015	1108	0.26795157152020527
2015	1111	0.221
2015	1112	0.208
2015	1114	0.217
2015	1119	0.229
2015	1120	0.247
2015	1121	0.25
2015	1122	0.215
2015	1124	0.295
2015	1127	0.277
2015	1129	0.265
2015	1130	0.24199999999999997
2015	1133	0.244
2015	1134	0.208
2015	1135	0.213
2015	1141	0.257
2015	1142	0.26
2015	1144	0.192
2015	1145	0.204
2015	1146	0.207
2015	1149	0.228
2015	1151	0.173
2015	1160	0.261
2015	1201	0.272
2015	1211	0.211
2015	1216	0.22700000000000004
2015	1219	0.288
2015	1221	0.22600000000000003
2015	1222	0.23800000000000002
2015	1223	0.237
2015	1224	0.208
2015	1227	0.193
2015	1228	0.203
2015	1231	0.208
2015	1232	0.222
2015	1233	0.203
2015	1234	0.202
2015	1235	0.219
2015	1238	0.215
2015	1241	0.231
2015	1242	0.22
2015	1243	0.247
2015	1244	0.278
2015	1245	0.222
2015	1246	0.23100000000000004
2015	1247	0.205
2015	1251	0.192
2015	1252	0.255
2015	1253	0.21
2015	1256	0.206
2015	1259	0.23400000000000004
2015	1260	0.21000000000000002
2015	1263	0.219
2015	1264	0.24
2015	1265	0.206
2015	1266	0.21
2015	1401	0.249
2015	1411	0.241
2015	1412	0.225
2015	1413	0.20600000000000002
2015	1416	0.208
2015	1417	0.234
2015	1418	0.205
2015	1419	0.2
2015	1420	0.21699999999999997
2015	1421	0.214
2015	1422	0.207
2015	1424	0.183
2015	1426	0.198
2015	1428	0.221
2015	1429	0.264
2015	1430	0.216
2015	1431	0.213
2015	1432	0.24
2015	1433	0.23
2015	1438	0.214
2015	1439	0.234
2015	1441	0.23499999999999996
2015	1443	0.21100000000000002
2015	1444	0.194
2015	1445	0.211
2015	1449	0.268
2015	1502	0.237
2015	1504	0.252
2015	1505	0.23600000000000002
2015	1506	0.23266387784316844
2015	1507	0.24409385883354082
2015	1508	0.24700459978356118
2015	1511	0.227
2015	1514	0.234
2015	1515	0.258
2015	1516	0.236
2015	1517	0.22799999999999998
2015	1519	0.219
2015	1520	0.207
2015	1523	0.211
2015	1524	0.199
2015	1525	0.214
2015	1526	0.21
2015	1528	0.219
2015	1529	0.22
2015	1531	0.209
2015	1532	0.229
2015	1534	0.222
2015	1535	0.21899999999999997
2015	1539	0.208
2015	1543	0.203
2015	1545	0.22
2015	1546	0.259
2015	1547	0.223
2015	1548	0.21
2015	1551	0.212
2015	1554	0.222
2015	1557	0.203
2015	1560	0.23
2015	1563	0.221
2015	1566	0.188
2015	1567	0.189
2015	1571	0.211
2015	1573	0.23
2015	1576	0.244
2015	1577	0.2160067660325554
2015	1578	0.20321956601691799
2015	1579	0.21052271698113206
2015	1580	0.22589309552855596
2015	1601	0.252
2015	1612	0.208
2015	1613	0.19
2015	1617	0.233
2015	1620	0.296
2015	1621	0.204
2015	1622	0.205
2015	1624	0.196
2015	1627	0.206
2015	1630	0.19900000000000004
2015	1632	0.201
2015	1633	0.198
2015	1634	0.211
2015	1635	0.19999999999999998
2015	1636	0.222
2015	1638	0.19900000000000004
2015	1640	0.202
2015	1644	0.181
2015	1648	0.22600000000000003
2015	1653	0.199
2015	1657	0.182
2015	1662	0.21200000000000002
2015	1663	0.21599999999999997
2015	1664	0.196
2015	1665	0.214
2015	1702	0.211
2015	1703	0.219
2015	1711	0.21
2015	1714	0.21000000000000002
2015	1717	0.21
2015	1718	0.193
2015	1719	0.22400000000000003
2015	1721	0.199
2015	1724	0.192
2015	1725	0.188
2015	1736	0.202
2015	1738	0.223
2015	1739	0.18
2015	1740	0.211
2015	1742	0.226
2015	1743	0.24099999999999996
2015	1744	0.203
2015	1748	0.203
2015	1749	0.225
2015	1750	0.223
2015	1751	0.213
2015	1755	0.199
2015	1756	0.207
2015	1804	0.215
2015	1805	0.212
2015	1806	0.20867908664105847
2015	1811	0.203
2015	1812	0.2
2015	1813	0.219
2015	1815	0.218
2015	1816	0.206
2015	1818	0.227
2015	1820	0.219
2015	1822	0.214
2015	1824	0.202
2015	1825	0.174
2015	1826	0.217
2015	1827	0.237
2015	1828	0.231
2015	1832	0.197
2015	1833	0.204
2015	1834	0.25
2015	1835	0.242
2015	1836	0.206
2015	1837	0.214
2015	1838	0.22
2015	1839	0.205
2015	1840	0.223
2015	1841	0.204
2015	1845	0.18
2015	1848	0.22700000000000004
2015	1849	0.218
2015	1850	0.195
2015	1851	0.24099999999999996
2015	1852	0.184
2015	1853	0.209
2015	1854	0.195
2015	1856	0.285
2015	1857	0.296
2015	1859	0.21
2015	1860	0.227
2015	1865	0.24199999999999997
2015	1866	0.231
2015	1867	0.224
2015	1868	0.243
2015	1870	0.231
2015	1871	0.21500000000000002
2015	1874	0.237
2015	1875	0.2059411610191752
2015	1901	
2015	1902	0.227
2015	1903	0.222
2015	1911	0.214
2015	1913	0.2
2015	1915	
2015	1917	0.21699999999999997
2015	1919	0.208
2015	1920	0.214
2015	1922	0.192
2015	1923	0.216
2015	1924	0.241
2015	1925	0.20999999999999996
2015	1926	0.186
2015	1927	0.21600000000000003
2015	1928	0.246
2015	1929	0.232
2015	1931	0.235
2015	1933	0.2
2015	1936	0.22700000000000004
2015	1938	0.227
2015	1939	0.2
2015	1940	0.202
2015	1941	0.229
2015	1942	0.207
2015	1943	0.23600000000000002
2015	2002	0.23
2015	2003	0.226
2015	2004	0.22000000000000003
2015	2011	0.213
2015	2012	0.208
2015	2014	0.208
2015	2015	0.212
2015	2017	0.213
2015	2018	0.236
2015	2019	0.248
2015	2020	0.2
2015	2021	0.208
2015	2022	0.205
2015	2023	0.24900000000000003
2015	2024	0.228
2015	2025	0.21
2015	2027	0.23
2015	2028	0.226
2015	2030	0.204
2015	3001	0.232
2015	3002	0.2513800272085707
2015	3003	0.231
2015	3004	0.24
2015	3005	0.2688792586758855
2015	3006	0.247
2015	3007	0.236
2015	3011	0.247
2015	3012	0.235
2015	3013	0.24899999999999997
2015	3014	0.2309910745254006
2015	3015	0.224
2015	3016	0.258
2015	3017	0.241
2015	3018	0.21400000000000002
2015	3019	0.252
2015	3020	0.2510180995475113
2015	3021	0.24300000000000002
2015	3022	0.285
2015	3023	0.247
2015	3024	0.345
2015	3025	0.2979890301642697
2015	3026	0.22203256494694476
2015	3027	0.226
2015	3028	0.22400000000000003
2015	3029	0.253
2015	3030	0.24014845087673253
2015	3031	0.235
2015	3032	0.241
2015	3033	0.233
2015	3034	0.213
2015	3035	0.217
2015	3036	0.219
2015	3037	0.216
2015	3038	0.269
2015	3039	0.239
2015	3040	0.248
2015	3041	0.238
2015	3042	0.266
2015	3043	0.259
2015	3044	0.262
2015	3045	0.299
2015	3046	0.24799999999999997
2015	3047	0.238
2015	3048	0.234
2015	3049	0.269
2015	3050	0.23699999999999996
2015	3051	0.2
2015	3052	0.223
2015	3053	0.213
2015	3054	0.222
2015	3101	0.232
2015	3103	0.2513800272085707
2015	3105	0.231
2015	3107	0.24
2015	3110	0.247
2015	3112	0.241
2015	3114	0.21400000000000002
2015	3116	0.224
2015	3118	0.2309910745254006
2015	3120	0.258
2015	3122	0.24899999999999997
2015	3124	0.235
2015	3201	0.345
2015	3203	0.2979890301642697
2015	3205	0.24014845087673253
2015	3207	0.2510180995475113
2015	3209	0.233
2015	3212	0.247
2015	3214	0.285
2015	3216	0.252
2015	3218	0.24300000000000002
2015	3220	0.22400000000000003
2015	3222	0.253
2015	3224	0.226
2015	3226	0.22203256494694476
2015	3228	0.213
2015	3230	0.241
2015	3232	0.235
2015	3234	0.222
2015	3236	0.213
2015	3238	0.219
2015	3240	0.217
2015	3242	0.216
2015	3301	0.2688792586758855
2015	3303	0.247
2015	3305	0.236
2015	3310	0.269
2015	3312	0.269
2015	3314	0.234
2015	3316	0.238
2015	3318	0.24799999999999997
2015	3320	0.239
2015	3322	0.248
2015	3324	0.238
2015	3326	0.266
2015	3328	0.259
2015	3330	0.262
2015	3332	0.299
2015	3334	0.23699999999999996
2015	3336	0.2
2015	3338	0.223
2015	3401	0.237
2015	3403	0.249
2015	3405	0.239
2015	3407	0.23099999999999998
2015	3411	0.212
2015	3412	0.207
2015	3413	0.223
2015	3414	0.201
2015	3415	0.219
2015	3416	0.213
2015	3417	0.231
2015	3418	0.226
2015	3419	0.212
2015	3420	0.223
2015	3421	0.212
2015	3422	0.21
2015	3423	0.24799999999999997
2015	3424	0.2
2015	3425	0.213
2015	3426	0.234
2015	3427	0.215
2015	3428	0.204
2015	3429	0.203
2015	3430	0.204
2015	3431	0.23
2015	3432	0.226
2015	3433	0.204
2015	3434	0.198
2015	3435	0.21
2015	3436	0.232
2015	3437	0.202
2015	3438	0.219
2015	3439	0.218
2015	3440	0.235
2015	3441	0.19800000000000004
2015	3442	0.217
2015	3443	0.197
2015	3446	0.232
2015	3447	0.198
2015	3448	0.202
2015	3449	0.21299999999999997
2015	3450	0.224
2015	3451	0.22900000000000004
2015	3452	0.207
2015	3453	0.225
2015	3454	0.255
2015	3801	0.239
2015	3802	0.22982991624498342
2015	3803	0.258490551658101
2015	3804	0.2588062477053969
2015	3805	0.24582124910265613
2015	3806	0.23999999999999996
2015	3807	0.24399999999999997
2015	3808	0.23600000000000002
2015	3811	0.27368655700510497
2015	3812	0.193
2015	3813	0.22599999999999998
2015	3814	0.233
2015	3815	0.211
2015	3816	0.234
2015	3817	0.24184394071490845
2015	3818	0.21999999999999997
2015	3819	0.21700000000000003
2015	3820	0.247
2015	3821	0.209
2015	3822	0.22799999999999998
2015	3823	0.222
2015	3824	0.205
2015	3825	0.232
2015	3901	0.239
2015	3903	0.22982991624498342
2015	3905	0.258490551658101
2015	3907	0.2588062477053969
2015	3909	0.24582124910265613
2015	3911	0.27368655700510497
2015	4001	0.23999999999999996
2015	4003	0.24399999999999997
2015	4005	0.23600000000000002
2015	4010	0.193
2015	4012	0.22599999999999998
2015	4014	0.233
2015	4016	0.211
2015	4018	0.234
2015	4020	0.24184394071490845
2015	4022	0.247
2015	4024	0.21700000000000003
2015	4026	0.21999999999999997
2015	4028	0.209
2015	4030	0.22799999999999998
2015	4032	0.222
2015	4034	0.205
2015	4036	0.232
2015	4201	0.26
2015	4202	0.283
2015	4203	0.24700000000000003
2015	4204	0.25524788367597623
2015	4205	0.24468294193091858
2015	4206	0.236
2015	4207	0.228
2015	4211	0.21799999999999997
2015	4212	0.197
2015	4213	0.248
2015	4214	0.203
2015	4215	0.25
2015	4216	0.201
2015	4217	0.21
2015	4218	0.207
2015	4219	0.217
2015	4220	0.232
2015	4221	0.224
2015	4222	0.269
2015	4223	0.208
2015	4224	0.233
2015	4225	0.22300892414476947
2015	4226	0.226
2015	4227	0.218
2015	4228	0.226
2015	4601	0.272
2015	4602	0.2439158493089612
2015	4611	0.211
2015	4612	0.22700000000000004
2015	4613	0.288
2015	4614	0.22600000000000003
2015	4615	0.23800000000000002
2015	4616	0.237
2015	4617	0.208
2015	4618	0.20352822123353398
2015	4619	0.222
2015	4620	0.203
2015	4621	0.2179745218758187
2015	4622	0.215
2015	4623	0.22
2015	4624	0.24432252016568565
2015	4625	0.278
2015	4626	0.22970324682557366
2015	4627	0.205
2015	4628	0.192
2015	4629	0.255
2015	4630	0.21
2015	4631	0.21382473714123332
2015	4632	0.24
2015	4633	0.206
2015	4634	0.21
2015	4635	0.241
2015	4636	0.225
2015	4637	0.20600000000000002
2015	4638	0.208
2015	4639	0.234
2015	4640	0.21217278138047438
2015	4641	0.214
2015	4642	0.207
2015	4643	0.183
2015	4644	0.198
2015	4645	0.221
2015	4646	0.264
2015	4647	0.2316290113151549
2015	4648	0.214
2015	4649	0.21855784414692755
2015	4650	0.211
2015	4651	0.268
2015	5001	0.252
2015	5004	0.211
2015	5005	0.219
2015	5006	0.2090000413274373
2015	5007	0.21501019607843136
2015	5011	0.208
2015	5012	0.19
2015	5013	0.233
2015	5014	0.296
2015	5015	0.204
2015	5016	0.205
2015	5017	0.206
2015	5018	0.19900000000000004
2015	5019	0.201
2015	5020	0.198
2015	5021	0.211
2015	5022	0.19999999999999998
2015	5023	0.222
2015	5024	0.19900000000000004
2015	5025	0.202
2015	5026	0.181
2015	5027	0.22600000000000003
2015	5028	0.199
2015	5029	0.182
2015	5030	0.21200000000000002
2015	5031	0.21599999999999997
2015	5032	0.196
2015	5033	0.214
2015	5034	0.21
2015	5035	0.21000000000000002
2015	5036	0.21
2015	5037	0.22400000000000003
2015	5038	0.199
2015	5039	0.192
2015	5040	0.188
2015	5041	0.202
2015	5042	0.223
2015	5043	0.18
2015	5044	0.211
2015	5045	0.226
2015	5046	0.24099999999999996
2015	5047	0.203
2015	5048	0.203
2015	5049	0.225
2015	5050	0.223
2015	5051	0.213
2015	5052	0.199
2015	5053	0.207
2015	5054	0.19496700058927519
2015	5055	0.20608986615678776
2015	5056	0.22539308232750854
2015	5057	0.20495271772075166
2015	5058	0.1994624852071006
2015	5059	0.20404435768125373
2015	5060	0.2176198644642101
2015	5061	0.189
2015	5401	0.227
2015	5402	0.222
2015	5403	0.208
2015	5404	0.23
2015	5405	0.226
2015	5406	0.21935958485958487
2015	5411	0.214
2015	5412	0.19520149953139643
2015	5413	0.21699999999999997
2015	5414	0.208
2015	5415	0.214
2015	5416	0.192
2015	5417	0.216
2015	5418	0.241
2015	5419	0.20999999999999996
2015	5420	0.186
2015	5421	0.2334983185364541
2015	5422	0.2
2015	5423	0.22700000000000004
2015	5424	0.227
2015	5425	0.2
2015	5426	0.202
2015	5427	0.229
2015	5428	0.207
2015	5429	0.23600000000000002
2015	5430	0.213
2015	5432	0.208
2015	5433	0.212
2015	5434	0.236
2015	5435	0.248
2015	5436	0.2
2015	5437	0.208
2015	5438	0.205
2015	5439	0.24900000000000003
2015	5440	0.228
2015	5441	0.21
2015	5442	0.23
2015	5443	0.226
2015	5444	0.204
2015	5501	0.227
2015	5503	0.222
2015	5510	0.214
2015	5512	0.19520149953139643
2015	5514	0.21699999999999997
2015	5516	0.208
2015	5518	0.214
2015	5520	0.192
2015	5522	0.216
2015	5524	0.241
2015	5526	0.20999999999999996
2015	5528	0.186
2015	5530	0.2334983185364541
2015	5532	0.2
2015	5534	0.22700000000000004
2015	5536	0.227
2015	5538	0.2
2015	5540	0.202
2015	5542	0.229
2015	5544	0.207
2015	5546	0.23600000000000002
2015	5601	0.208
2015	5603	0.21935958485958487
2015	5605	0.204
2015	5607	0.226
2015	5610	0.208
2015	5612	0.213
2015	5614	0.208
2015	5616	0.212
2015	5618	0.236
2015	5620	0.248
2015	5622	0.2
2015	5624	0.205
2015	5626	0.24900000000000003
2015	5628	0.21
2015	5630	0.228
2015	5632	0.226
2015	5634	0.23
2015	5636	0.23
2016	0101	0.227
2016	0104	0.241
2016	0105	0.22399999999999998
2016	0106	0.237
2016	0111	0.243
2016	0118	0.22600000000000003
2016	0119	0.218
2016	0121	0.228
2016	0122	0.222
2016	0123	0.22
2016	0124	0.224
2016	0125	0.229
2016	0127	0.208
2016	0128	0.233
2016	0135	0.22
2016	0136	0.235
2016	0137	0.21899999999999997
2016	0138	0.214
2016	0211	0.24
2016	0213	0.234
2016	0214	0.244
2016	0215	0.27
2016	0216	0.246
2016	0217	0.254
2016	0219	0.312
2016	0220	0.309
2016	0221	0.216
2016	0226	0.216
2016	0227	0.213
2016	0228	0.224
2016	0229	0.21500000000000002
2016	0230	0.239
2016	0231	0.244
2016	0233	0.234
2016	0234	0.24
2016	0235	0.227
2016	0236	0.214
2016	0237	0.221
2016	0238	0.221
2016	0239	0.213
2016	0301	0.323
2016	0402	0.239
2016	0403	0.244
2016	0412	0.21
2016	0415	0.21
2016	0417	0.21899999999999997
2016	0418	0.197
2016	0419	0.21
2016	0420	0.21299999999999997
2016	0423	0.227
2016	0425	0.224
2016	0426	0.216
2016	0427	0.218
2016	0428	0.212
2016	0429	0.224
2016	0430	0.262
2016	0432	0.22
2016	0434	0.218
2016	0436	0.211
2016	0437	0.219
2016	0438	0.211
2016	0439	0.19
2016	0441	0.202
2016	0501	0.22700000000000004
2016	0502	0.233
2016	0511	0.22
2016	0512	0.214
2016	0513	0.211
2016	0514	0.195
2016	0515	0.201
2016	0516	0.22399999999999998
2016	0517	0.202
2016	0519	0.224
2016	0520	0.213
2016	0521	0.22199999999999998
2016	0522	0.203
2016	0528	0.215
2016	0529	0.19800000000000004
2016	0532	0.21100000000000002
2016	0533	0.213
2016	0534	0.235
2016	0536	0.196
2016	0538	0.211
2016	0540	0.21299999999999997
2016	0541	0.23500000000000001
2016	0542	0.22
2016	0543	0.217
2016	0544	0.21899999999999997
2016	0545	0.23599999999999996
2016	0602	0.268
2016	0604	0.231
2016	0605	0.23600000000000002
2016	0612	0.292
2016	0615	0.234
2016	0616	0.235
2016	0617	0.23399999999999999
2016	0618	0.266
2016	0619	0.219
2016	0620	0.24499999999999997
2016	0621	0.225
2016	0622	0.24
2016	0623	0.225
2016	0624	0.23500000000000001
2016	0625	0.222
2016	0626	0.257
2016	0627	0.24
2016	0628	0.222
2016	0631	0.22499999999999998
2016	0632	0.215
2016	0633	0.21399999999999997
2016	0701	0.234
2016	0702	0.22599999999999998
2016	0704	0.25
2016	0706	0.24699999999999997
2016	0709	0.239
2016	0710	0.23950209732866556
2016	0711	0.213
2016	0712	0.23819919725513042
2016	0713	0.22699999999999998
2016	0714	0.21299999999999997
2016	0715	0.2230426495972382
2016	0716	0.23300000000000004
2016	0719	0.216
2016	0720	0.22199999999999998
2016	0722	0.264
2016	0723	0.262
2016	0728	0.224
2016	0729	0.2636261281588448
2016	0805	0.23400000000000004
2016	0806	0.23900000000000002
2016	0807	0.224
2016	0811	0.209
2016	0814	0.227
2016	0815	0.228
2016	0817	0.212
2016	0819	0.21
2016	0821	0.241
2016	0822	0.233
2016	0826	0.222
2016	0827	0.232
2016	0828	0.227
2016	0829	0.208
2016	0830	0.22999999999999998
2016	0831	0.205
2016	0833	0.205
2016	0834	0.222
2016	0901	0.241
2016	0904	0.341
2016	0906	0.23899999999999996
2016	0911	0.197
2016	0912	0.211
2016	0914	0.225
2016	0919	0.20499999999999996
2016	0926	0.23600000000000002
2016	0928	0.192
2016	0929	0.216
2016	0935	0.22399999999999998
2016	0937	0.22200000000000003
2016	0938	0.21600000000000003
2016	0940	0.22
2016	0941	0.254
2016	1001	0.246
2016	1002	0.235
2016	1003	0.22099999999999997
2016	1004	0.22799999999999998
2016	1014	0.201
2016	1017	0.211
2016	1018	0.22400000000000003
2016	1021	0.201
2016	1026	0.231
2016	1027	0.206
2016	1029	0.24399999999999997
2016	1032	0.224
2016	1034	0.20899999999999996
2016	1037	0.20400000000000001
2016	1046	0.257
2016	1101	0.223
2016	1102	0.251
2016	1103	0.289
2016	1106	0.24499999999999997
2016	1108	0.2515045886034342
2016	1111	0.211
2016	1112	0.21800000000000003
2016	1114	0.204
2016	1119	0.212
2016	1120	0.225
2016	1121	0.23200000000000004
2016	1122	0.216
2016	1124	0.27
2016	1127	0.251
2016	1129	0.282
2016	1130	0.238
2016	1133	0.241
2016	1134	0.208
2016	1135	0.224
2016	1141	0.256
2016	1142	0.245
2016	1144	0.195
2016	1145	0.204
2016	1146	0.22
2016	1149	0.219
2016	1151	0.212
2016	1160	0.302
2016	1201	0.255
2016	1211	0.208
2016	1216	0.22
2016	1219	0.229
2016	1221	0.216
2016	1222	0.224
2016	1223	0.236
2016	1224	0.21400000000000002
2016	1227	0.201
2016	1228	0.21
2016	1231	0.197
2016	1232	0.269
2016	1233	0.204
2016	1234	0.205
2016	1235	0.21600000000000003
2016	1238	0.211
2016	1241	0.253
2016	1242	0.203
2016	1243	0.22999999999999998
2016	1244	0.278
2016	1245	0.216
2016	1246	0.21999999999999997
2016	1247	0.207
2016	1251	0.199
2016	1252	0.20599999999999996
2016	1253	0.20799999999999996
2016	1256	0.205
2016	1259	0.219
2016	1260	0.20499999999999996
2016	1263	0.21
2016	1264	0.228
2016	1265	0.223
2016	1266	0.198
2016	1401	0.228
2016	1411	0.217
2016	1412	0.24000000000000002
2016	1413	0.19800000000000004
2016	1416	0.211
2016	1417	0.20199999999999999
2016	1418	0.22200000000000003
2016	1419	0.205
2016	1420	0.211
2016	1421	0.221
2016	1422	0.196
2016	1424	0.185
2016	1426	0.195
2016	1428	0.20999999999999996
2016	1429	0.256
2016	1430	0.20600000000000002
2016	1431	0.21100000000000002
2016	1432	0.22
2016	1433	0.19500000000000003
2016	1438	0.212
2016	1439	0.22500000000000003
2016	1441	0.22599999999999998
2016	1443	0.208
2016	1444	0.19
2016	1445	0.208
2016	1449	0.21
2016	1502	0.231
2016	1504	0.239
2016	1505	0.233
2016	1506	0.22676244101918844
2016	1507	0.2322986733596271
2016	1508	0.2350687605073106
2016	1511	0.219
2016	1514	0.21900000000000003
2016	1515	0.23400000000000004
2016	1516	0.236
2016	1517	0.221
2016	1519	0.216
2016	1520	0.21000000000000002
2016	1523	0.206
2016	1524	0.252
2016	1525	0.22999999999999998
2016	1526	0.213
2016	1528	0.212
2016	1529	0.195
2016	1531	0.208
2016	1532	0.225
2016	1534	0.221
2016	1535	0.215
2016	1539	0.212
2016	1543	0.19900000000000004
2016	1545	0.212
2016	1546	0.251
2016	1547	0.216
2016	1548	0.22000000000000003
2016	1551	0.206
2016	1554	0.221
2016	1557	0.205
2016	1560	0.212
2016	1563	0.222
2016	1566	0.194
2016	1567	0.194
2016	1571	0.223
2016	1573	0.233
2016	1576	0.225
2016	1577	0.21295223209924785
2016	1578	0.23711227544910182
2016	1579	0.2163184162621359
2016	1580	0.21497741345540372
2016	1601	0.247
2016	1612	0.208
2016	1613	0.203
2016	1617	0.22699999999999998
2016	1620	0.274
2016	1621	0.21399999999999997
2016	1622	0.21
2016	1624	0.19800000000000004
2016	1627	0.21499999999999997
2016	1630	0.216
2016	1632	0.218
2016	1633	0.22700000000000004
2016	1634	0.21300000000000002
2016	1635	0.19999999999999998
2016	1636	0.228
2016	1638	0.203
2016	1640	0.201
2016	1644	0.199
2016	1648	0.2
2016	1653	0.195
2016	1657	0.184
2016	1662	0.185
2016	1663	0.208
2016	1664	0.197
2016	1665	0.215
2016	1702	0.212
2016	1703	0.212
2016	1711	0.202
2016	1714	0.21300000000000002
2016	1717	0.228
2016	1718	0.206
2016	1719	0.21799999999999997
2016	1721	0.196
2016	1724	0.194
2016	1725	0.188
2016	1736	0.208
2016	1738	0.198
2016	1739	0.212
2016	1740	0.217
2016	1742	0.24199999999999997
2016	1743	0.218
2016	1744	0.204
2016	1748	0.211
2016	1749	0.213
2016	1750	0.22
2016	1751	0.21599999999999997
2016	1755	0.218
2016	1756	0.20000000000000004
2016	1804	0.215
2016	1805	0.217
2016	1806	0.21368748123686582
2016	1811	0.209
2016	1812	0.21
2016	1813	0.221
2016	1815	0.224
2016	1816	0.227
2016	1818	0.228
2016	1820	0.209
2016	1822	0.216
2016	1824	0.19499999999999998
2016	1825	0.186
2016	1826	0.193
2016	1827	0.23599999999999996
2016	1828	0.23499999999999996
2016	1832	0.193
2016	1833	0.194
2016	1834	0.24
2016	1835	0.256
2016	1836	0.197
2016	1837	0.21499999999999997
2016	1838	0.211
2016	1839	0.212
2016	1840	0.207
2016	1841	0.199
2016	1845	0.183
2016	1848	0.22
2016	1849	0.23099999999999998
2016	1850	0.196
2016	1851	0.244
2016	1852	0.187
2016	1853	0.211
2016	1854	0.203
2016	1856	0.237
2016	1857	0.272
2016	1859	0.228
2016	1860	0.22099999999999997
2016	1865	0.229
2016	1866	0.225
2016	1867	0.21999999999999997
2016	1868	0.24100000000000002
2016	1870	0.21499999999999997
2016	1871	0.21800000000000003
2016	1874	0.26
2016	1875	0.2128088467614534
2016	1901	
2016	1902	0.22699999999999998
2016	1903	0.219
2016	1911	0.231
2016	1913	0.20599999999999996
2016	1915	
2016	1917	0.222
2016	1919	0.205
2016	1920	0.209
2016	1922	0.198
2016	1923	0.209
2016	1924	0.197
2016	1925	0.188
2016	1926	0.198
2016	1927	0.20799999999999996
2016	1928	0.24299999999999997
2016	1929	0.232
2016	1931	0.228
2016	1933	0.197
2016	1936	0.227
2016	1938	0.226
2016	1939	0.20700000000000002
2016	1940	0.203
2016	1941	0.215
2016	1942	0.215
2016	1943	0.205
2016	2002	0.237
2016	2003	0.228
2016	2004	0.22
2016	2011	0.21200000000000002
2016	2012	0.21200000000000002
2016	2014	0.228
2016	2015	0.225
2016	2017	0.225
2016	2018	0.244
2016	2019	0.246
2016	2020	0.206
2016	2021	0.215
2016	2022	0.246
2016	2023	0.267
2016	2024	0.24
2016	2025	0.21600000000000003
2016	2027	0.225
2016	2028	0.234
2016	2030	0.205
2016	3001	0.227
2016	3002	0.23905314861460958
2016	3003	0.22399999999999998
2016	3004	0.237
2016	3005	0.25296870514505204
2016	3006	0.231
2016	3007	0.23600000000000002
2016	3011	0.243
2016	3012	0.22600000000000003
2016	3013	0.218
2016	3014	0.2232990890688259
2016	3015	0.208
2016	3016	0.233
2016	3017	0.22
2016	3018	0.21899999999999997
2016	3019	0.24
2016	3020	0.24339196887104972
2016	3021	0.244
2016	3022	0.27
2016	3023	0.246
2016	3024	0.312
2016	3025	0.28370768368658733
2016	3026	0.21648619317496684
2016	3027	0.224
2016	3028	0.21500000000000002
2016	3029	0.239
2016	3030	0.23366058102509252
2016	3031	0.234
2016	3032	0.24
2016	3033	0.227
2016	3034	0.214
2016	3035	0.221
2016	3036	0.221
2016	3037	0.213
2016	3038	0.292
2016	3039	0.234
2016	3040	0.235
2016	3041	0.23399999999999999
2016	3042	0.266
2016	3043	0.219
2016	3044	0.24499999999999997
2016	3045	0.225
2016	3046	0.24
2016	3047	0.225
2016	3048	0.23500000000000001
2016	3049	0.257
2016	3050	0.22499999999999998
2016	3051	0.215
2016	3052	0.21399999999999997
2016	3053	0.21100000000000002
2016	3054	0.213
2016	3101	0.227
2016	3103	0.23905314861460958
2016	3105	0.22399999999999998
2016	3107	0.237
2016	3110	0.243
2016	3112	0.22
2016	3114	0.21899999999999997
2016	3116	0.208
2016	3118	0.2232990890688259
2016	3120	0.233
2016	3122	0.218
2016	3124	0.22600000000000003
2016	3201	0.312
2016	3203	0.28370768368658733
2016	3205	0.23366058102509252
2016	3207	0.24339196887104972
2016	3209	0.227
2016	3212	0.246
2016	3214	0.27
2016	3216	0.24
2016	3218	0.244
2016	3220	0.21500000000000002
2016	3222	0.239
2016	3224	0.224
2016	3226	0.21648619317496684
2016	3228	0.214
2016	3230	0.24
2016	3232	0.234
2016	3234	0.213
2016	3236	0.21100000000000002
2016	3238	0.221
2016	3240	0.221
2016	3242	0.213
2016	3301	0.25296870514505204
2016	3303	0.231
2016	3305	0.23600000000000002
2016	3310	0.292
2016	3312	0.257
2016	3314	0.23500000000000001
2016	3316	0.225
2016	3318	0.24
2016	3320	0.234
2016	3322	0.235
2016	3324	0.23399999999999999
2016	3326	0.266
2016	3328	0.219
2016	3330	0.24499999999999997
2016	3332	0.225
2016	3334	0.22499999999999998
2016	3336	0.215
2016	3338	0.21399999999999997
2016	3401	0.239
2016	3403	0.244
2016	3405	0.22700000000000004
2016	3407	0.233
2016	3411	0.21
2016	3412	0.21
2016	3413	0.21899999999999997
2016	3414	0.197
2016	3415	0.21
2016	3416	0.21299999999999997
2016	3417	0.227
2016	3418	0.224
2016	3419	0.216
2016	3420	0.218
2016	3421	0.212
2016	3422	0.224
2016	3423	0.262
2016	3424	0.22
2016	3425	0.218
2016	3426	0.211
2016	3427	0.219
2016	3428	0.211
2016	3429	0.19
2016	3430	0.202
2016	3431	0.22
2016	3432	0.214
2016	3433	0.211
2016	3434	0.195
2016	3435	0.201
2016	3436	0.22399999999999998
2016	3437	0.202
2016	3438	0.224
2016	3439	0.213
2016	3440	0.22199999999999998
2016	3441	0.203
2016	3442	0.215
2016	3443	0.19800000000000004
2016	3446	0.235
2016	3447	0.196
2016	3448	0.211
2016	3449	0.21299999999999997
2016	3450	0.23500000000000001
2016	3451	0.22
2016	3452	0.217
2016	3453	0.21899999999999997
2016	3454	0.23599999999999996
2016	3801	0.234
2016	3802	0.22462842118874185
2016	3803	0.24691815945930246
2016	3804	0.23950209732866556
2016	3805	0.23819919725513042
2016	3806	0.23400000000000004
2016	3807	0.23900000000000002
2016	3808	0.224
2016	3811	0.2636261281588448
2016	3812	0.209
2016	3813	0.227
2016	3814	0.228
2016	3815	0.212
2016	3816	0.21
2016	3817	0.23767554363444773
2016	3818	0.222
2016	3819	0.232
2016	3820	0.227
2016	3821	0.208
2016	3822	0.22999999999999998
2016	3823	0.205
2016	3824	0.205
2016	3825	0.222
2016	3901	0.234
2016	3903	0.22462842118874185
2016	3905	0.24691815945930246
2016	3907	0.23950209732866556
2016	3909	0.23819919725513042
2016	3911	0.2636261281588448
2016	4001	0.23400000000000004
2016	4003	0.23900000000000002
2016	4005	0.224
2016	4010	0.209
2016	4012	0.227
2016	4014	0.228
2016	4016	0.212
2016	4018	0.21
2016	4020	0.23767554363444773
2016	4022	0.227
2016	4024	0.232
2016	4026	0.222
2016	4028	0.208
2016	4030	0.22999999999999998
2016	4032	0.205
2016	4034	0.205
2016	4036	0.222
2016	4201	0.241
2016	4202	0.341
2016	4203	0.23899999999999996
2016	4204	0.24154882875073028
2016	4205	0.23353382831034175
2016	4206	0.22099999999999997
2016	4207	0.22799999999999998
2016	4211	0.197
2016	4212	0.211
2016	4213	0.225
2016	4214	0.20499999999999996
2016	4215	0.23600000000000002
2016	4216	0.192
2016	4217	0.216
2016	4218	0.22399999999999998
2016	4219	0.22200000000000003
2016	4220	0.21600000000000003
2016	4221	0.22
2016	4222	0.254
2016	4223	0.201
2016	4224	0.231
2016	4225	0.22092592954035328
2016	4226	0.20899999999999996
2016	4227	0.20400000000000001
2016	4228	0.257
2016	4601	0.255
2016	4602	0.22699059491346207
2016	4611	0.208
2016	4612	0.22
2016	4613	0.229
2016	4614	0.216
2016	4615	0.224
2016	4616	0.236
2016	4617	0.21400000000000002
2016	4618	0.20526462614779187
2016	4619	0.269
2016	4620	0.204
2016	4621	0.2153405017921147
2016	4622	0.211
2016	4623	0.203
2016	4624	0.23377457871115248
2016	4625	0.278
2016	4626	0.21910750197563833
2016	4627	0.207
2016	4628	0.199
2016	4629	0.20599999999999996
2016	4630	0.20799999999999996
2016	4631	0.20773845451993259
2016	4632	0.228
2016	4633	0.223
2016	4634	0.198
2016	4635	0.217
2016	4636	0.24000000000000002
2016	4637	0.19800000000000004
2016	4638	0.211
2016	4639	0.20199999999999999
2016	4640	0.21103901670894937
2016	4641	0.221
2016	4642	0.196
2016	4643	0.185
2016	4644	0.195
2016	4645	0.20999999999999996
2016	4646	0.256
2016	4647	0.21357810340060823
2016	4648	0.212
2016	4649	0.21368119239959038
2016	4650	0.208
2016	4651	0.21
2016	5001	0.247
2016	5004	0.212
2016	5005	0.212
2016	5006	0.21012876419285834
2016	5007	0.20940838519489025
2016	5011	0.208
2016	5012	0.203
2016	5013	0.22699999999999998
2016	5014	0.274
2016	5015	0.21399999999999997
2016	5016	0.21
2016	5017	0.21499999999999997
2016	5018	0.216
2016	5019	0.218
2016	5020	0.22700000000000004
2016	5021	0.21300000000000002
2016	5022	0.19999999999999998
2016	5023	0.228
2016	5024	0.203
2016	5025	0.201
2016	5026	0.199
2016	5027	0.2
2016	5028	0.195
2016	5029	0.184
2016	5030	0.185
2016	5031	0.208
2016	5032	0.197
2016	5033	0.215
2016	5034	0.202
2016	5035	0.21300000000000002
2016	5036	0.228
2016	5037	0.21799999999999997
2016	5038	0.196
2016	5039	0.194
2016	5040	0.188
2016	5041	0.208
2016	5042	0.198
2016	5043	0.212
2016	5044	0.217
2016	5045	0.24199999999999997
2016	5046	0.218
2016	5047	0.204
2016	5048	0.211
2016	5049	0.213
2016	5050	0.22
2016	5051	0.21599999999999997
2016	5052	0.218
2016	5053	0.20000000000000004
2016	5054	0.20077621621621622
2016	5055	0.21069933677229183
2016	5056	0.22280857142857144
2016	5057	0.2144784741690028
2016	5058	0.21645405150011812
2016	5059	0.20901718716113643
2016	5060	0.21784463365920317
2016	5061	0.194
2016	5401	0.22699999999999998
2016	5402	0.219
2016	5403	0.21200000000000002
2016	5404	0.237
2016	5405	0.228
2016	5406	0.22045039164490862
2016	5411	0.231
2016	5412	0.2003623959296947
2016	5413	0.222
2016	5414	0.205
2016	5415	0.209
2016	5416	0.198
2016	5417	0.209
2016	5418	0.197
2016	5419	0.188
2016	5420	0.198
2016	5421	0.22709900593768764
2016	5422	0.197
2016	5423	0.227
2016	5424	0.226
2016	5425	0.20700000000000002
2016	5426	0.203
2016	5427	0.215
2016	5428	0.215
2016	5429	0.205
2016	5430	0.21200000000000002
2016	5432	0.228
2016	5433	0.225
2016	5434	0.244
2016	5435	0.246
2016	5436	0.206
2016	5437	0.215
2016	5438	0.246
2016	5439	0.267
2016	5440	0.24
2016	5441	0.21600000000000003
2016	5442	0.225
2016	5443	0.234
2016	5444	0.205
2016	5501	0.22699999999999998
2016	5503	0.219
2016	5510	0.231
2016	5512	0.2003623959296947
2016	5514	0.222
2016	5516	0.205
2016	5518	0.209
2016	5520	0.198
2016	5522	0.209
2016	5524	0.197
2016	5526	0.188
2016	5528	0.198
2016	5530	0.22709900593768764
2016	5532	0.197
2016	5534	0.227
2016	5536	0.226
2016	5538	0.20700000000000002
2016	5540	0.203
2016	5542	0.215
2016	5544	0.215
2016	5546	0.205
2016	5601	0.21200000000000002
2016	5603	0.22045039164490862
2016	5605	0.205
2016	5607	0.228
2016	5610	0.215
2016	5612	0.21200000000000002
2016	5614	0.228
2016	5616	0.225
2016	5618	0.244
2016	5620	0.246
2016	5622	0.206
2016	5624	0.246
2016	5626	0.267
2016	5628	0.21600000000000003
2016	5630	0.24
2016	5632	0.234
2016	5634	0.237
2016	5636	0.225
2017	0101	0.23
2017	0104	0.243
2017	0105	0.227
2017	0106	0.237
2017	0111	0.249
2017	0118	0.227
2017	0119	0.232
2017	0121	0.227
2017	0122	0.219
2017	0123	0.22
2017	0124	0.239
2017	0125	0.237
2017	0127	0.209
2017	0128	0.223
2017	0135	0.217
2017	0136	0.249
2017	0137	0.226
2017	0138	0.21599999999999997
2017	0211	0.242
2017	0213	0.228
2017	0214	0.259
2017	0215	0.273
2017	0216	0.252
2017	0217	0.24499999999999997
2017	0219	0.327
2017	0220	0.31
2017	0221	0.218
2017	0226	0.212
2017	0227	0.228
2017	0228	0.226
2017	0229	0.212
2017	0230	0.23799999999999996
2017	0231	0.24
2017	0233	0.22999999999999998
2017	0234	0.289
2017	0235	0.23600000000000002
2017	0236	0.208
2017	0237	0.211
2017	0238	0.217
2017	0239	0.212
2017	0301	0.321
2017	0402	0.23000000000000004
2017	0403	0.246
2017	0412	0.214
2017	0415	0.20199999999999999
2017	0417	0.22
2017	0418	0.193
2017	0419	0.209
2017	0420	0.209
2017	0423	0.23599999999999996
2017	0425	0.22400000000000003
2017	0426	0.223
2017	0427	0.22
2017	0428	0.225
2017	0429	0.214
2017	0430	0.22199999999999998
2017	0432	0.21200000000000002
2017	0434	0.235
2017	0436	0.2
2017	0437	0.22
2017	0438	0.192
2017	0439	0.19599999999999998
2017	0441	0.199
2017	0501	0.232
2017	0502	0.233
2017	0511	0.20899999999999996
2017	0512	0.211
2017	0513	0.194
2017	0514	0.201
2017	0515	0.205
2017	0516	0.234
2017	0517	0.2
2017	0519	0.219
2017	0520	0.212
2017	0521	0.232
2017	0522	0.205
2017	0528	0.221
2017	0529	0.198
2017	0532	0.212
2017	0533	0.211
2017	0534	0.22799999999999998
2017	0536	0.194
2017	0538	0.198
2017	0540	0.216
2017	0541	0.24100000000000002
2017	0542	0.222
2017	0543	0.225
2017	0544	0.229
2017	0545	0.219
2017	0602	0.266
2017	0604	0.233
2017	0605	0.231
2017	0612	0.265
2017	0615	0.24
2017	0616	0.228
2017	0617	0.23200000000000004
2017	0618	0.258
2017	0619	0.21699999999999997
2017	0620	0.251
2017	0621	0.223
2017	0622	0.24
2017	0623	0.237
2017	0624	0.22499999999999998
2017	0625	0.22300000000000003
2017	0626	0.257
2017	0627	0.224
2017	0628	0.216
2017	0631	0.225
2017	0632	0.21799999999999997
2017	0633	0.224
2017	0701	0.226
2017	0702	0.22499999999999998
2017	0704	0.24799999999999997
2017	0706	0.24751349011633425
2017	0709	0.24000000000000002
2017	0710	0.24
2017	0711	0.218
2017	0712	0.23941523294026676
2017	0713	0.222
2017	0714	0.205
2017	0715	0.2204748165562442
2017	0716	0.21600000000000003
2017	0719	0.2164490439883733
2017	0720	0.22246151743249473
2017	0722	0.258
2017	0723	0.251
2017	0728	0.22899999999999998
2017	0729	0.25670685260158943
2017	0805	0.233
2017	0806	0.237
2017	0807	0.224
2017	0811	0.193
2017	0814	0.225
2017	0815	0.23500000000000001
2017	0817	0.213
2017	0819	0.214
2017	0821	0.247
2017	0822	0.23
2017	0826	0.225
2017	0827	0.232
2017	0828	0.229
2017	0829	0.207
2017	0830	0.22200000000000003
2017	0831	0.22100000000000003
2017	0833	0.212
2017	0834	0.228
2017	0901	0.23800000000000002
2017	0904	0.241
2017	0906	0.23400000000000004
2017	0911	0.205
2017	0912	0.229
2017	0914	0.223
2017	0919	0.203
2017	0926	0.234
2017	0928	0.197
2017	0929	0.235
2017	0935	0.204
2017	0937	0.216
2017	0938	0.22599999999999998
2017	0940	0.228
2017	0941	0.274
2017	1001	0.251
2017	1002	0.237
2017	1003	0.219
2017	1004	0.22
2017	1014	0.20799999999999996
2017	1017	0.203
2017	1018	0.297
2017	1021	0.205
2017	1026	0.258
2017	1027	0.21
2017	1029	0.24
2017	1032	0.218
2017	1034	0.21100000000000002
2017	1037	0.208
2017	1046	0.256
2017	1101	0.221
2017	1102	0.246
2017	1103	0.286
2017	1106	0.24200000000000002
2017	1108	0.2457728753485705
2017	1111	0.214
2017	1112	0.211
2017	1114	0.209
2017	1119	0.213
2017	1120	0.226
2017	1121	0.22500000000000003
2017	1122	0.206
2017	1124	0.269
2017	1127	0.24200000000000002
2017	1129	0.232
2017	1130	0.229
2017	1133	0.235
2017	1134	0.214
2017	1135	0.213
2017	1141	0.248
2017	1142	0.246
2017	1144	0.2
2017	1145	0.202
2017	1146	0.212
2017	1149	0.218
2017	1151	0.197
2017	1160	0.259
2017	1201	0.257
2017	1211	0.204
2017	1216	0.256
2017	1219	0.218
2017	1221	0.22
2017	1222	0.209
2017	1223	0.246
2017	1224	0.206
2017	1227	0.185
2017	1228	0.202
2017	1231	0.198
2017	1232	0.213
2017	1233	0.205
2017	1234	0.195
2017	1235	0.219
2017	1238	0.227
2017	1241	0.224
2017	1242	0.194
2017	1243	0.23
2017	1244	0.275
2017	1245	0.209
2017	1246	0.226
2017	1247	0.20000000000000004
2017	1251	0.198
2017	1252	0.195
2017	1253	0.204
2017	1256	0.207
2017	1259	0.21800000000000003
2017	1260	0.195
2017	1263	0.208
2017	1264	0.219
2017	1265	0.215
2017	1266	0.20299999999999999
2017	1401	0.233
2017	1411	0.22300000000000003
2017	1412	0.24300000000000002
2017	1413	0.20300000000000004
2017	1416	0.202
2017	1417	0.216
2017	1418	0.22199999999999998
2017	1419	0.219
2017	1420	0.216
2017	1421	0.225
2017	1422	0.223
2017	1424	0.183
2017	1426	0.196
2017	1428	0.219
2017	1429	0.249
2017	1430	0.206
2017	1431	0.21700000000000003
2017	1432	0.221
2017	1433	0.192
2017	1438	0.217
2017	1439	0.231
2017	1441	0.22800000000000004
2017	1443	0.21300000000000002
2017	1444	0.186
2017	1445	0.206
2017	1449	0.213
2017	1502	0.23
2017	1504	0.245
2017	1505	0.22899999999999998
2017	1506	0.2267976780671478
2017	1507	0.2379594715698393
2017	1508	0.2407970619199344
2017	1511	0.237
2017	1514	0.253
2017	1515	0.23699999999999996
2017	1516	0.234
2017	1517	0.22
2017	1519	0.214
2017	1520	0.20599999999999996
2017	1523	0.22399999999999998
2017	1524	0.19099999999999998
2017	1525	0.217
2017	1526	0.21
2017	1528	0.22
2017	1529	0.196
2017	1531	0.205
2017	1532	0.228
2017	1534	0.22500000000000003
2017	1535	0.228
2017	1539	0.214
2017	1543	0.204
2017	1545	0.218
2017	1546	0.251
2017	1547	0.218
2017	1548	0.215
2017	1551	0.201
2017	1554	0.22700000000000004
2017	1557	0.21
2017	1560	0.21100000000000002
2017	1563	0.218
2017	1566	0.20400000000000001
2017	1567	0.209
2017	1571	0.213
2017	1573	0.223
2017	1576	0.23
2017	1577	0.2107433009708738
2017	1578	0.1981570464767616
2017	1579	0.21133527851458886
2017	1580	0.22021611645669217
2017	1601	0.247
2017	1612	0.2
2017	1613	0.231
2017	1617	0.214
2017	1620	0.298
2017	1621	0.206
2017	1622	0.19500000000000003
2017	1624	0.202
2017	1627	0.21799999999999997
2017	1630	0.20699999999999996
2017	1632	0.202
2017	1633	0.22
2017	1634	0.208
2017	1635	0.2
2017	1636	0.201
2017	1638	0.197
2017	1640	0.205
2017	1644	0.19
2017	1648	0.198
2017	1653	0.205
2017	1657	0.179
2017	1662	0.18699999999999997
2017	1663	0.213
2017	1664	0.19
2017	1665	0.206
2017	1702	0.213
2017	1703	0.21399999999999997
2017	1711	0.217
2017	1714	0.211
2017	1717	0.21700000000000003
2017	1718	0.2
2017	1719	0.215
2017	1721	0.196
2017	1724	0.199
2017	1725	0.195
2017	1736	0.197
2017	1738	0.2
2017	1739	0.21
2017	1740	0.217
2017	1742	0.214
2017	1743	0.2
2017	1744	0.21
2017	1748	0.20699999999999996
2017	1749	0.227
2017	1750	0.242
2017	1751	0.22300000000000003
2017	1755	0.211
2017	1756	0.203
2017	1804	0.216
2017	1805	0.209
2017	1806	0.20704486463257413
2017	1811	0.219
2017	1812	0.215
2017	1813	0.21599999999999997
2017	1815	0.216
2017	1816	0.229
2017	1818	0.243
2017	1820	0.218
2017	1822	0.216
2017	1824	0.2
2017	1825	0.18699999999999997
2017	1826	0.201
2017	1827	0.23100000000000004
2017	1828	0.277
2017	1832	0.19
2017	1833	0.19500000000000003
2017	1834	0.271
2017	1835	0.257
2017	1836	0.2
2017	1837	0.206
2017	1838	0.21900000000000003
2017	1839	0.209
2017	1840	0.205
2017	1841	0.204
2017	1845	0.187
2017	1848	0.22100000000000003
2017	1849	0.222
2017	1850	0.191
2017	1851	0.248
2017	1852	0.186
2017	1853	0.196
2017	1854	0.205
2017	1856	0.244
2017	1857	0.266
2017	1859	0.239
2017	1860	0.223
2017	1865	0.252
2017	1866	0.225
2017	1867	0.228
2017	1868	0.256
2017	1870	0.217
2017	1871	0.253
2017	1874	0.262
2017	1875	0.20588328912466844
2017	1901	
2017	1902	0.224
2017	1903	0.21999999999999997
2017	1911	0.21199999999999997
2017	1913	0.195
2017	1915	
2017	1917	0.236
2017	1919	0.214
2017	1920	0.197
2017	1922	0.194
2017	1923	0.212
2017	1924	0.192
2017	1925	0.197
2017	1926	0.206
2017	1927	0.211
2017	1928	0.249
2017	1929	0.243
2017	1931	0.22099999999999997
2017	1933	0.196
2017	1936	0.24299999999999997
2017	1938	0.217
2017	1939	0.202
2017	1940	0.208
2017	1941	0.217
2017	1942	0.215
2017	1943	0.252
2017	2002	0.24
2017	2003	0.222
2017	2004	0.22599999999999998
2017	2011	0.20799999999999996
2017	2012	0.212
2017	2014	0.231
2017	2015	0.218
2017	2017	0.225
2017	2018	0.253
2017	2019	0.241
2017	2020	0.205
2017	2021	0.21799999999999997
2017	2022	0.24
2017	2023	0.26
2017	2024	0.246
2017	2025	0.21
2017	2027	0.217
2017	2028	0.23799999999999996
2017	2030	0.20500000000000002
2017	3001	0.23
2017	3002	0.24496207999335468
2017	3003	0.227
2017	3004	0.237
2017	3005	0.25214095494014077
2017	3006	0.233
2017	3007	0.231
2017	3011	0.249
2017	3012	0.227
2017	3013	0.232
2017	3014	0.23061250713226064
2017	3015	0.209
2017	3016	0.223
2017	3017	0.217
2017	3018	0.226
2017	3019	0.242
2017	3020	0.2359533335644697
2017	3021	0.259
2017	3022	0.273
2017	3023	0.252
2017	3024	0.327
2017	3025	0.2798885368976067
2017	3026	0.21836594052353533
2017	3027	0.226
2017	3028	0.212
2017	3029	0.23799999999999996
2017	3030	0.2323235065942591
2017	3031	0.22999999999999998
2017	3032	0.289
2017	3033	0.23600000000000002
2017	3034	0.208
2017	3035	0.211
2017	3036	0.217
2017	3037	0.212
2017	3038	0.265
2017	3039	0.24
2017	3040	0.228
2017	3041	0.23200000000000004
2017	3042	0.258
2017	3043	0.21699999999999997
2017	3044	0.251
2017	3045	0.223
2017	3046	0.24
2017	3047	0.237
2017	3048	0.22499999999999998
2017	3049	0.257
2017	3050	0.225
2017	3051	0.21799999999999997
2017	3052	0.224
2017	3053	0.212
2017	3054	0.211
2017	3101	0.23
2017	3103	0.24496207999335468
2017	3105	0.227
2017	3107	0.237
2017	3110	0.249
2017	3112	0.217
2017	3114	0.226
2017	3116	0.209
2017	3118	0.23061250713226064
2017	3120	0.223
2017	3122	0.232
2017	3124	0.227
2017	3201	0.327
2017	3203	0.2798885368976067
2017	3205	0.2323235065942591
2017	3207	0.2359533335644697
2017	3209	0.23600000000000002
2017	3212	0.252
2017	3214	0.273
2017	3216	0.242
2017	3218	0.259
2017	3220	0.212
2017	3222	0.23799999999999996
2017	3224	0.226
2017	3226	0.21836594052353533
2017	3228	0.208
2017	3230	0.289
2017	3232	0.22999999999999998
2017	3234	0.211
2017	3236	0.212
2017	3238	0.217
2017	3240	0.211
2017	3242	0.212
2017	3301	0.25214095494014077
2017	3303	0.233
2017	3305	0.231
2017	3310	0.265
2017	3312	0.257
2017	3314	0.22499999999999998
2017	3316	0.237
2017	3318	0.24
2017	3320	0.24
2017	3322	0.228
2017	3324	0.23200000000000004
2017	3326	0.258
2017	3328	0.21699999999999997
2017	3330	0.251
2017	3332	0.223
2017	3334	0.225
2017	3336	0.21799999999999997
2017	3338	0.224
2017	3401	0.23000000000000004
2017	3403	0.246
2017	3405	0.232
2017	3407	0.233
2017	3411	0.214
2017	3412	0.20199999999999999
2017	3413	0.22
2017	3414	0.193
2017	3415	0.209
2017	3416	0.209
2017	3417	0.23599999999999996
2017	3418	0.22400000000000003
2017	3419	0.223
2017	3420	0.22
2017	3421	0.225
2017	3422	0.214
2017	3423	0.22199999999999998
2017	3424	0.21200000000000002
2017	3425	0.235
2017	3426	0.2
2017	3427	0.22
2017	3428	0.192
2017	3429	0.19599999999999998
2017	3430	0.199
2017	3431	0.20899999999999996
2017	3432	0.211
2017	3433	0.194
2017	3434	0.201
2017	3435	0.205
2017	3436	0.234
2017	3437	0.2
2017	3438	0.219
2017	3439	0.212
2017	3440	0.232
2017	3441	0.205
2017	3442	0.221
2017	3443	0.198
2017	3446	0.22799999999999998
2017	3447	0.194
2017	3448	0.198
2017	3449	0.216
2017	3450	0.24100000000000002
2017	3451	0.222
2017	3452	0.225
2017	3453	0.229
2017	3454	0.219
2017	3801	0.226
2017	3802	0.221090256235924
2017	3803	0.2424208204675783
2017	3804	0.24
2017	3805	0.23941523294026676
2017	3806	0.233
2017	3807	0.237
2017	3808	0.224
2017	3811	0.25670685260158943
2017	3812	0.193
2017	3813	0.225
2017	3814	0.23500000000000001
2017	3815	0.213
2017	3816	0.214
2017	3817	0.24007610033128254
2017	3818	0.225
2017	3819	0.232
2017	3820	0.229
2017	3821	0.207
2017	3822	0.22200000000000003
2017	3823	0.22100000000000003
2017	3824	0.212
2017	3825	0.228
2017	3901	0.226
2017	3903	0.221090256235924
2017	3905	0.2424208204675783
2017	3907	0.24
2017	3909	0.23941523294026676
2017	3911	0.25670685260158943
2017	4001	0.233
2017	4003	0.237
2017	4005	0.224
2017	4010	0.193
2017	4012	0.225
2017	4014	0.23500000000000001
2017	4016	0.213
2017	4018	0.214
2017	4020	0.24007610033128254
2017	4022	0.229
2017	4024	0.232
2017	4026	0.225
2017	4028	0.207
2017	4030	0.22200000000000003
2017	4032	0.22100000000000003
2017	4034	0.212
2017	4036	0.228
2017	4201	0.23800000000000002
2017	4202	0.241
2017	4203	0.23400000000000004
2017	4204	0.2529177655216178
2017	4205	0.23441729734459074
2017	4206	0.219
2017	4207	0.22
2017	4211	0.205
2017	4212	0.229
2017	4213	0.223
2017	4214	0.203
2017	4215	0.234
2017	4216	0.197
2017	4217	0.235
2017	4218	0.204
2017	4219	0.216
2017	4220	0.22599999999999998
2017	4221	0.228
2017	4222	0.274
2017	4223	0.20799999999999996
2017	4224	0.258
2017	4225	0.21663614411281754
2017	4226	0.21100000000000002
2017	4227	0.208
2017	4228	0.256
2017	4601	0.257
2017	4602	0.23233100388241817
2017	4611	0.204
2017	4612	0.256
2017	4613	0.218
2017	4614	0.22
2017	4615	0.209
2017	4616	0.246
2017	4617	0.206
2017	4618	0.19918992180712428
2017	4619	0.213
2017	4620	0.205
2017	4621	0.2175503981355603
2017	4622	0.227
2017	4623	0.194
2017	4624	0.22902815319998338
2017	4625	0.275
2017	4626	0.22171513113651647
2017	4627	0.20000000000000004
2017	4628	0.198
2017	4629	0.195
2017	4630	0.204
2017	4631	0.2054139542936288
2017	4632	0.219
2017	4633	0.215
2017	4634	0.20299999999999999
2017	4635	0.22300000000000003
2017	4636	0.24300000000000002
2017	4637	0.20300000000000004
2017	4638	0.202
2017	4639	0.216
2017	4640	0.2172735922498054
2017	4641	0.225
2017	4642	0.223
2017	4643	0.183
2017	4644	0.196
2017	4645	0.219
2017	4646	0.249
2017	4647	0.21463213240673007
2017	4648	0.217
2017	4649	0.2177278373800113
2017	4650	0.206
2017	4651	0.213
2017	5001	0.247
2017	5004	0.213
2017	5005	0.21399999999999997
2017	5006	0.211562094172418
2017	5007	0.21173029072812988
2017	5011	0.2
2017	5012	0.231
2017	5013	0.214
2017	5014	0.298
2017	5015	0.206
2017	5016	0.19500000000000003
2017	5017	0.21799999999999997
2017	5018	0.20699999999999996
2017	5019	0.202
2017	5020	0.22
2017	5021	0.208
2017	5022	0.2
2017	5023	0.201
2017	5024	0.197
2017	5025	0.205
2017	5026	0.19
2017	5027	0.198
2017	5028	0.205
2017	5029	0.179
2017	5030	0.18699999999999997
2017	5031	0.213
2017	5032	0.19
2017	5033	0.206
2017	5034	0.217
2017	5035	0.211
2017	5036	0.21700000000000003
2017	5037	0.215
2017	5038	0.196
2017	5039	0.199
2017	5040	0.195
2017	5041	0.197
2017	5042	0.2
2017	5043	0.21
2017	5044	0.217
2017	5045	0.214
2017	5046	0.2
2017	5047	0.21
2017	5048	0.20699999999999996
2017	5049	0.227
2017	5050	0.242
2017	5051	0.22300000000000003
2017	5052	0.211
2017	5053	0.203
2017	5054	0.20131143648595173
2017	5055	0.20748961988304093
2017	5056	0.2169594043609289
2017	5057	0.2117217442895283
2017	5058	0.20586428233064896
2017	5059	0.19947012510785161
2017	5060	0.23178421933863544
2017	5061	0.209
2017	5401	0.224
2017	5402	0.21999999999999997
2017	5403	0.212
2017	5404	0.24
2017	5405	0.222
2017	5406	0.22591111303444691
2017	5411	0.21199999999999997
2017	5412	0.19237953488372092
2017	5413	0.236
2017	5414	0.214
2017	5415	0.197
2017	5416	0.194
2017	5417	0.212
2017	5418	0.192
2017	5419	0.197
2017	5420	0.206
2017	5421	0.22302335456475583
2017	5422	0.196
2017	5423	0.24299999999999997
2017	5424	0.217
2017	5425	0.202
2017	5426	0.208
2017	5427	0.217
2017	5428	0.215
2017	5429	0.252
2017	5430	0.20799999999999996
2017	5432	0.231
2017	5433	0.218
2017	5434	0.253
2017	5435	0.241
2017	5436	0.205
2017	5437	0.21799999999999997
2017	5438	0.24
2017	5439	0.26
2017	5440	0.246
2017	5441	0.21
2017	5442	0.217
2017	5443	0.23799999999999996
2017	5444	0.20500000000000002
2017	5501	0.224
2017	5503	0.21999999999999997
2017	5510	0.21199999999999997
2017	5512	0.19237953488372092
2017	5514	0.236
2017	5516	0.214
2017	5518	0.197
2017	5520	0.194
2017	5522	0.212
2017	5524	0.192
2017	5526	0.197
2017	5528	0.206
2017	5530	0.22302335456475583
2017	5532	0.196
2017	5534	0.24299999999999997
2017	5536	0.217
2017	5538	0.202
2017	5540	0.208
2017	5542	0.217
2017	5544	0.215
2017	5546	0.252
2017	5601	0.212
2017	5603	0.22591111303444691
2017	5605	0.20500000000000002
2017	5607	0.222
2017	5610	0.21799999999999997
2017	5612	0.20799999999999996
2017	5614	0.231
2017	5616	0.218
2017	5618	0.253
2017	5620	0.241
2017	5622	0.205
2017	5624	0.24
2017	5626	0.26
2017	5628	0.21
2017	5630	0.246
2017	5632	0.23799999999999996
2017	5634	0.24
2017	5636	0.217
2018	0101	0.227
2018	0104	0.245
2018	0105	0.232
2018	0106	0.246
2018	0111	0.24099999999999996
2018	0118	0.22300000000000003
2018	0119	0.219
2018	0121	0.226
2018	0122	0.21699999999999997
2018	0123	0.219
2018	0124	0.22699999999999998
2018	0125	0.237
2018	0127	0.206
2018	0128	0.253
2018	0135	0.22
2018	0136	0.232
2018	0137	0.20899999999999996
2018	0138	0.203
2018	0211	0.234
2018	0213	0.234
2018	0214	0.241
2018	0215	0.268
2018	0216	0.246
2018	0217	0.243
2018	0219	0.315
2018	0220	0.294
2018	0221	0.217
2018	0226	0.216
2018	0227	0.232
2018	0228	0.231
2018	0229	0.21
2018	0230	0.238
2018	0231	0.24399999999999997
2018	0233	0.223
2018	0234	0.237
2018	0235	0.238
2018	0236	0.21000000000000002
2018	0237	0.21499999999999997
2018	0238	0.213
2018	0239	0.237
2018	0301	0.32
2018	0402	0.23700000000000002
2018	0403	0.239
2018	0412	0.218
2018	0415	0.2
2018	0417	0.22
2018	0418	0.206
2018	0419	0.21
2018	0420	0.21299999999999997
2018	0423	0.23
2018	0425	0.21799999999999997
2018	0426	0.23000000000000004
2018	0427	0.21800000000000003
2018	0428	0.222
2018	0429	0.213
2018	0430	0.232
2018	0432	0.21100000000000002
2018	0434	0.218
2018	0436	0.202
2018	0437	0.214
2018	0438	0.194
2018	0439	0.21400000000000002
2018	0441	0.211
2018	0501	0.23000000000000004
2018	0502	0.237
2018	0511	0.208
2018	0512	0.209
2018	0513	0.199
2018	0514	0.197
2018	0515	0.201
2018	0516	0.226
2018	0517	0.19400000000000003
2018	0519	0.217
2018	0520	0.225
2018	0521	0.228
2018	0522	0.199
2018	0528	0.216
2018	0529	0.201
2018	0532	0.208
2018	0533	0.215
2018	0534	0.23000000000000004
2018	0536	0.2
2018	0538	0.202
2018	0540	0.214
2018	0541	0.228
2018	0542	0.21599999999999997
2018	0543	0.238
2018	0544	0.236
2018	0545	0.216
2018	0602	0.262
2018	0604	0.236
2018	0605	0.234
2018	0612	0.258
2018	0615	0.246
2018	0616	0.225
2018	0617	0.229
2018	0618	0.269
2018	0619	0.211
2018	0620	0.258
2018	0621	0.22099999999999997
2018	0622	0.248
2018	0623	0.23299999999999998
2018	0624	0.227
2018	0625	0.22999999999999998
2018	0626	0.26
2018	0627	0.223
2018	0628	0.21900000000000003
2018	0631	0.24600000000000002
2018	0632	0.209
2018	0633	0.22100000000000003
2018	0701	0.226
2018	0702	0.22655648740389137
2018	0704	0.246
2018	0706	0.2506074087427884
2018	0709	0.23657642541956164
2018	0710	0.243
2018	0711	0.215
2018	0712	0.236
2018	0713	0.222
2018	0714	0.20641813296798991
2018	0715	0.222
2018	0716	0.212
2018	0719	0.21915465703822803
2018	0720	0.2252422864004009
2018	0722	0.2603046990089826
2018	0723	0.25324216841571556
2018	0728	0.22573333925449843
2018	0729	0.259
2018	0805	0.23399999999999999
2018	0806	0.235
2018	0807	0.22800000000000004
2018	0811	0.203
2018	0814	0.224
2018	0815	0.23
2018	0817	0.213
2018	0819	0.22
2018	0821	0.24
2018	0822	0.234
2018	0826	0.219
2018	0827	0.224
2018	0828	0.225
2018	0829	0.204
2018	0830	0.215
2018	0831	0.224
2018	0833	0.215
2018	0834	0.217
2018	0901	0.238
2018	0904	0.242
2018	0906	0.23299999999999998
2018	0911	0.213
2018	0912	0.216
2018	0914	0.239
2018	0919	0.198
2018	0926	0.22900000000000004
2018	0928	0.195
2018	0929	0.207
2018	0935	0.222
2018	0937	0.213
2018	0938	0.23
2018	0940	0.212
2018	0941	0.32
2018	1001	0.242
2018	1002	0.229
2018	1003	0.21500000000000002
2018	1004	0.218
2018	1014	0.205
2018	1017	0.206
2018	1018	0.22500000000000003
2018	1021	0.213
2018	1026	0.232
2018	1027	0.23
2018	1029	0.23199999999999998
2018	1032	0.218
2018	1034	0.213
2018	1037	0.21300000000000002
2018	1046	0.241
2018	1101	0.227
2018	1102	0.24599999999999997
2018	1103	0.288
2018	1106	0.24199999999999997
2018	1108	0.24543782710702036
2018	1111	0.208
2018	1112	0.222
2018	1114	0.212
2018	1119	0.213
2018	1120	0.22499999999999998
2018	1121	0.228
2018	1122	0.206
2018	1124	0.26
2018	1127	0.24899999999999997
2018	1129	0.211
2018	1130	0.222
2018	1133	0.24099999999999996
2018	1134	0.209
2018	1135	0.215
2018	1141	0.239
2018	1142	0.23600000000000002
2018	1144	0.196
2018	1145	0.20600000000000002
2018	1146	0.20800000000000002
2018	1149	0.218
2018	1151	0.24399999999999997
2018	1160	0.23500000000000001
2018	1201	0.259
2018	1211	0.209
2018	1216	0.20599999999999996
2018	1219	0.217
2018	1221	0.21
2018	1222	0.211
2018	1223	0.246
2018	1224	0.208
2018	1227	0.174
2018	1228	0.205
2018	1231	0.207
2018	1232	0.211
2018	1233	0.208
2018	1234	0.196
2018	1235	0.219
2018	1238	0.212
2018	1241	0.217
2018	1242	0.194
2018	1243	0.22900000000000004
2018	1244	0.298
2018	1245	0.21499999999999997
2018	1246	0.226
2018	1247	0.199
2018	1251	0.197
2018	1252	0.219
2018	1253	0.205
2018	1256	0.203
2018	1259	0.211
2018	1260	0.19999999999999998
2018	1263	0.215
2018	1264	0.22000000000000003
2018	1265	0.217
2018	1266	0.198
2018	1401	0.226
2018	1411	0.22300000000000003
2018	1412	0.238
2018	1413	0.201
2018	1416	0.208
2018	1417	0.208
2018	1418	0.22399999999999998
2018	1419	0.194
2018	1420	0.208
2018	1421	0.228
2018	1422	0.199
2018	1424	0.187
2018	1426	0.19
2018	1428	0.223
2018	1429	0.229
2018	1430	0.204
2018	1431	0.212
2018	1432	0.22199999999999998
2018	1433	0.20200000000000004
2018	1438	0.216
2018	1439	0.235
2018	1441	0.232
2018	1443	0.208
2018	1444	0.187
2018	1445	0.202
2018	1449	0.208
2018	1502	0.231
2018	1504	0.247
2018	1505	0.23
2018	1506	0.2280404452108481
2018	1507	0.2407758395450703
2018	1508	0.24364701417964932
2018	1511	0.224
2018	1514	0.24899999999999997
2018	1515	0.262
2018	1516	0.229
2018	1517	0.22699999999999998
2018	1519	0.222
2018	1520	0.20799999999999996
2018	1523	0.216
2018	1524	0.19900000000000004
2018	1525	0.223
2018	1526	0.208
2018	1528	0.216
2018	1529	0.207
2018	1531	0.215
2018	1532	0.225
2018	1534	0.22999999999999998
2018	1535	0.218
2018	1539	0.215
2018	1543	0.20799999999999996
2018	1545	0.218
2018	1546	0.256
2018	1547	0.242
2018	1548	0.214
2018	1551	0.205
2018	1554	0.21900000000000003
2018	1557	0.202
2018	1560	0.21
2018	1563	0.218
2018	1566	0.19699999999999998
2018	1567	0.192
2018	1571	0.225
2018	1573	0.218
2018	1576	0.226
2018	1577	0.21803155456914022
2018	1578	0.20231112793338382
2018	1579	0.2116572077185017
2018	1580	0.22282248305318356
2018	1601	0.248
2018	1612	0.202
2018	1613	0.226
2018	1617	0.226
2018	1620	0.32
2018	1621	0.21000000000000002
2018	1622	0.205
2018	1624	0.2046977594483344
2018	1627	0.206
2018	1630	0.214
2018	1632	0.227
2018	1633	0.222
2018	1634	0.216
2018	1635	0.20299999999999999
2018	1636	0.206
2018	1638	0.204
2018	1640	0.204
2018	1644	0.194
2018	1648	0.197
2018	1653	0.206
2018	1657	0.186
2018	1662	0.198
2018	1663	0.209
2018	1664	0.193
2018	1665	0.198
2018	1702	0.212
2018	1703	0.217
2018	1711	0.21099999999999997
2018	1714	0.21299999999999997
2018	1717	0.22
2018	1718	0.2026710489587469
2018	1719	0.218
2018	1721	0.197
2018	1724	0.194
2018	1725	0.206
2018	1736	0.197
2018	1738	0.205
2018	1739	0.195
2018	1740	0.211
2018	1742	0.22199999999999998
2018	1743	0.202
2018	1744	0.201
2018	1748	0.204
2018	1749	0.22
2018	1750	0.239
2018	1751	0.22
2018	1755	0.197
2018	1756	0.203
2018	1804	0.22099999999999997
2018	1805	0.211
2018	1806	0.20808514688703325
2018	1811	0.19999999999999998
2018	1812	0.217
2018	1813	0.212
2018	1815	0.21099999999999997
2018	1816	0.304
2018	1818	0.26
2018	1820	0.208
2018	1822	0.215
2018	1824	0.199
2018	1825	0.189
2018	1826	0.18400000000000002
2018	1827	0.337
2018	1828	0.224
2018	1832	0.195
2018	1833	0.196
2018	1834	0.279
2018	1835	0.225
2018	1836	0.20499999999999996
2018	1837	0.21699999999999997
2018	1838	0.218
2018	1839	0.216
2018	1840	0.187
2018	1841	0.205
2018	1845	0.183
2018	1848	0.223
2018	1849	0.22000000000000003
2018	1850	0.192
2018	1851	0.245
2018	1852	0.182
2018	1853	0.206
2018	1854	0.199
2018	1856	0.265
2018	1857	0.263
2018	1859	0.24800000000000003
2018	1860	0.227
2018	1865	0.246
2018	1866	0.228
2018	1867	0.22000000000000003
2018	1868	0.246
2018	1870	0.218
2018	1871	0.214
2018	1874	0.28
2018	1875	0.20543313798614812
2018	1901	
2018	1902	0.231
2018	1903	0.218
2018	1911	0.202
2018	1913	0.203
2018	1915	
2018	1917	0.21900000000000003
2018	1919	0.22
2018	1920	0.194
2018	1922	0.196
2018	1923	0.23600000000000002
2018	1924	0.197
2018	1925	0.199
2018	1926	0.203
2018	1927	0.212
2018	1928	0.248
2018	1929	0.251
2018	1931	0.223
2018	1933	0.196
2018	1936	0.239
2018	1938	0.212
2018	1939	0.212
2018	1940	0.21
2018	1941	0.218
2018	1942	0.212
2018	1943	0.209
2018	2002	0.249
2018	2003	0.22100000000000003
2018	2004	0.22799999999999998
2018	2011	0.203
2018	2012	0.217
2018	2014	0.234
2018	2015	0.218
2018	2017	0.211
2018	2018	0.266
2018	2019	0.249
2018	2020	0.202
2018	2021	0.22100000000000003
2018	2022	0.24699999999999997
2018	2023	0.274
2018	2024	0.257
2018	2025	0.222
2018	2027	0.225
2018	2028	0.262
2018	2030	0.21
2018	3001	0.227
2018	3002	0.2407042386636806
2018	3003	0.232
2018	3004	0.246
2018	3005	0.250924169009591
2018	3006	0.236
2018	3007	0.234
2018	3011	0.24099999999999996
2018	3012	0.22300000000000003
2018	3013	0.219
2018	3014	0.22425313954808673
2018	3015	0.206
2018	3016	0.253
2018	3017	0.22
2018	3018	0.20899999999999996
2018	3019	0.234
2018	3020	0.23821306279926968
2018	3021	0.241
2018	3022	0.268
2018	3023	0.246
2018	3024	0.315
2018	3025	0.2691923772999526
2018	3026	0.21735953608247424
2018	3027	0.231
2018	3028	0.21
2018	3029	0.238
2018	3030	0.2363241669748631
2018	3031	0.223
2018	3032	0.237
2018	3033	0.238
2018	3034	0.21000000000000002
2018	3035	0.21499999999999997
2018	3036	0.213
2018	3037	0.237
2018	3038	0.258
2018	3039	0.246
2018	3040	0.225
2018	3041	0.229
2018	3042	0.269
2018	3043	0.211
2018	3044	0.258
2018	3045	0.22099999999999997
2018	3046	0.248
2018	3047	0.23299999999999998
2018	3048	0.227
2018	3049	0.26
2018	3050	0.24600000000000002
2018	3051	0.209
2018	3052	0.22100000000000003
2018	3053	0.208
2018	3054	0.215
2018	3101	0.227
2018	3103	0.2407042386636806
2018	3105	0.232
2018	3107	0.246
2018	3110	0.24099999999999996
2018	3112	0.22
2018	3114	0.20899999999999996
2018	3116	0.206
2018	3118	0.22425313954808673
2018	3120	0.253
2018	3122	0.219
2018	3124	0.22300000000000003
2018	3201	0.315
2018	3203	0.2691923772999526
2018	3205	0.2363241669748631
2018	3207	0.23821306279926968
2018	3209	0.238
2018	3212	0.246
2018	3214	0.268
2018	3216	0.234
2018	3218	0.241
2018	3220	0.21
2018	3222	0.238
2018	3224	0.231
2018	3226	0.21735953608247424
2018	3228	0.21000000000000002
2018	3230	0.237
2018	3232	0.223
2018	3234	0.215
2018	3236	0.208
2018	3238	0.213
2018	3240	0.21499999999999997
2018	3242	0.237
2018	3301	0.250924169009591
2018	3303	0.236
2018	3305	0.234
2018	3310	0.258
2018	3312	0.26
2018	3314	0.227
2018	3316	0.23299999999999998
2018	3318	0.248
2018	3320	0.246
2018	3322	0.225
2018	3324	0.229
2018	3326	0.269
2018	3328	0.211
2018	3330	0.258
2018	3332	0.22099999999999997
2018	3334	0.24600000000000002
2018	3336	0.209
2018	3338	0.22100000000000003
2018	3401	0.23700000000000002
2018	3403	0.239
2018	3405	0.23000000000000004
2018	3407	0.237
2018	3411	0.218
2018	3412	0.2
2018	3413	0.22
2018	3414	0.206
2018	3415	0.21
2018	3416	0.21299999999999997
2018	3417	0.23
2018	3418	0.21799999999999997
2018	3419	0.23000000000000004
2018	3420	0.21800000000000003
2018	3421	0.222
2018	3422	0.213
2018	3423	0.232
2018	3424	0.21100000000000002
2018	3425	0.218
2018	3426	0.202
2018	3427	0.214
2018	3428	0.194
2018	3429	0.21400000000000002
2018	3430	0.211
2018	3431	0.208
2018	3432	0.209
2018	3433	0.199
2018	3434	0.197
2018	3435	0.201
2018	3436	0.226
2018	3437	0.19400000000000003
2018	3438	0.217
2018	3439	0.225
2018	3440	0.228
2018	3441	0.199
2018	3442	0.216
2018	3443	0.201
2018	3446	0.23000000000000004
2018	3447	0.2
2018	3448	0.202
2018	3449	0.214
2018	3450	0.228
2018	3451	0.21599999999999997
2018	3452	0.238
2018	3453	0.236
2018	3454	0.216
2018	3801	0.226
2018	3802	0.222
2018	3803	0.24005041741692584
2018	3804	0.243
2018	3805	0.236
2018	3806	0.23399999999999999
2018	3807	0.235
2018	3808	0.22800000000000004
2018	3811	0.259
2018	3812	0.203
2018	3813	0.224
2018	3814	0.23
2018	3815	0.213
2018	3816	0.22
2018	3817	0.23758258619096034
2018	3818	0.219
2018	3819	0.224
2018	3820	0.225
2018	3821	0.204
2018	3822	0.215
2018	3823	0.224
2018	3824	0.215
2018	3825	0.217
2018	3901	0.226
2018	3903	0.222
2018	3905	0.24005041741692584
2018	3907	0.243
2018	3909	0.236
2018	3911	0.259
2018	4001	0.23399999999999999
2018	4003	0.235
2018	4005	0.22800000000000004
2018	4010	0.203
2018	4012	0.224
2018	4014	0.23
2018	4016	0.213
2018	4018	0.22
2018	4020	0.23758258619096034
2018	4022	0.225
2018	4024	0.224
2018	4026	0.219
2018	4028	0.204
2018	4030	0.215
2018	4032	0.224
2018	4034	0.215
2018	4036	0.217
2018	4201	0.238
2018	4202	0.242
2018	4203	0.23299999999999998
2018	4204	0.23804863027467607
2018	4205	0.2280345339445536
2018	4206	0.21500000000000002
2018	4207	0.218
2018	4211	0.213
2018	4212	0.216
2018	4213	0.239
2018	4214	0.198
2018	4215	0.22900000000000004
2018	4216	0.195
2018	4217	0.207
2018	4218	0.222
2018	4219	0.213
2018	4220	0.23
2018	4221	0.212
2018	4222	0.32
2018	4223	0.205
2018	4224	0.232
2018	4225	0.22006932509413926
2018	4226	0.213
2018	4227	0.21300000000000002
2018	4228	0.241
2018	4601	0.259
2018	4602	0.2290023347601312
2018	4611	0.209
2018	4612	0.20599999999999996
2018	4613	0.217
2018	4614	0.21
2018	4615	0.211
2018	4616	0.246
2018	4617	0.208
2018	4618	0.20258721445015052
2018	4619	0.211
2018	4620	0.208
2018	4621	0.21761922878514314
2018	4622	0.212
2018	4623	0.194
2018	4624	0.22707945127179197
2018	4625	0.298
2018	4626	0.2219909252527397
2018	4627	0.199
2018	4628	0.197
2018	4629	0.219
2018	4630	0.205
2018	4631	0.20900341414629098
2018	4632	0.22000000000000003
2018	4633	0.217
2018	4634	0.198
2018	4635	0.22300000000000003
2018	4636	0.238
2018	4637	0.201
2018	4638	0.208
2018	4639	0.208
2018	4640	0.20691668095319732
2018	4641	0.228
2018	4642	0.199
2018	4643	0.187
2018	4644	0.19
2018	4645	0.223
2018	4646	0.229
2018	4647	0.21557838182397668
2018	4648	0.216
2018	4649	0.2154229302221225
2018	4650	0.202
2018	4651	0.208
2018	5001	0.248
2018	5004	0.212
2018	5005	0.217
2018	5006	0.21018820464813381
2018	5007	0.21533328970617105
2018	5011	0.202
2018	5012	0.226
2018	5013	0.226
2018	5014	0.32
2018	5015	0.21000000000000002
2018	5016	0.205
2018	5017	0.206
2018	5018	0.214
2018	5019	0.227
2018	5020	0.222
2018	5021	0.216
2018	5022	0.20299999999999999
2018	5023	0.206
2018	5024	0.204
2018	5025	0.204
2018	5026	0.194
2018	5027	0.197
2018	5028	0.206
2018	5029	0.186
2018	5030	0.198
2018	5031	0.209
2018	5032	0.193
2018	5033	0.198
2018	5034	0.21099999999999997
2018	5035	0.21299999999999997
2018	5036	0.22
2018	5037	0.218
2018	5038	0.197
2018	5039	0.194
2018	5040	0.206
2018	5041	0.197
2018	5042	0.205
2018	5043	0.195
2018	5044	0.211
2018	5045	0.22199999999999998
2018	5046	0.202
2018	5047	0.201
2018	5048	0.204
2018	5049	0.22
2018	5050	0.239
2018	5051	0.22
2018	5052	0.197
2018	5053	0.203
2018	5054	0.20399999999999996
2018	5055	0.21081925401739646
2018	5056	0.22600000000000003
2018	5057	0.20809534997552617
2018	5058	0.216928841607565
2018	5059	0.20568652206755153
2018	5060	0.22888208970756582
2018	5061	0.192
2018	5401	0.231
2018	5402	0.218
2018	5403	0.217
2018	5404	0.249
2018	5405	0.22100000000000003
2018	5406	0.22648970588235295
2018	5411	0.202
2018	5412	0.19678344697860337
2018	5413	0.21900000000000003
2018	5414	0.22
2018	5415	0.194
2018	5416	0.196
2018	5417	0.23600000000000002
2018	5418	0.197
2018	5419	0.199
2018	5420	0.203
2018	5421	0.22512545757071548
2018	5422	0.196
2018	5423	0.239
2018	5424	0.212
2018	5425	0.212
2018	5426	0.21
2018	5427	0.218
2018	5428	0.212
2018	5429	0.209
2018	5430	0.203
2018	5432	0.234
2018	5433	0.218
2018	5434	0.266
2018	5435	0.249
2018	5436	0.202
2018	5437	0.22100000000000003
2018	5438	0.24699999999999997
2018	5439	0.274
2018	5440	0.257
2018	5441	0.222
2018	5442	0.225
2018	5443	0.262
2018	5444	0.21
2018	5501	0.231
2018	5503	0.218
2018	5510	0.202
2018	5512	0.19678344697860337
2018	5514	0.21900000000000003
2018	5516	0.22
2018	5518	0.194
2018	5520	0.196
2018	5522	0.23600000000000002
2018	5524	0.197
2018	5526	0.199
2018	5528	0.203
2018	5530	0.22512545757071548
2018	5532	0.196
2018	5534	0.239
2018	5536	0.212
2018	5538	0.212
2018	5540	0.21
2018	5542	0.218
2018	5544	0.212
2018	5546	0.209
2018	5601	0.217
2018	5603	0.22648970588235295
2018	5605	0.21
2018	5607	0.22100000000000003
2018	5610	0.22100000000000003
2018	5612	0.203
2018	5614	0.234
2018	5616	0.218
2018	5618	0.266
2018	5620	0.249
2018	5622	0.202
2018	5624	0.24699999999999997
2018	5626	0.274
2018	5628	0.222
2018	5630	0.257
2018	5632	0.262
2018	5634	0.249
2018	5636	0.225
2019	0101	0.228
2019	0104	0.247
2019	0105	0.23
2019	0106	0.236
2019	0111	0.257
2019	0118	0.222
2019	0119	0.213
2019	0121	0.20400000000000001
2019	0122	0.22099999999999997
2019	0123	0.222
2019	0124	0.225
2019	0125	0.236
2019	0127	0.213
2019	0128	0.229
2019	0135	0.223
2019	0136	0.24299999999999997
2019	0137	0.21499999999999997
2019	0138	0.209
2019	0211	0.241
2019	0213	0.233
2019	0214	0.245
2019	0215	0.271
2019	0216	0.24499999999999997
2019	0217	0.244
2019	0219	0.31
2019	0220	0.299
2019	0221	0.221
2019	0226	0.218
2019	0227	0.232
2019	0228	0.23900000000000002
2019	0229	0.20899999999999996
2019	0230	0.234
2019	0231	0.239
2019	0233	0.22399999999999998
2019	0234	0.236
2019	0235	0.24
2019	0236	0.20999999999999996
2019	0237	0.211
2019	0238	0.221
2019	0239	0.21
2019	0301	0.314
2019	0402	0.23900000000000002
2019	0403	0.241
2019	0412	0.218
2019	0415	0.203
2019	0417	0.219
2019	0418	0.196
2019	0419	0.207
2019	0420	0.21099999999999997
2019	0423	0.23800000000000002
2019	0425	0.228
2019	0426	0.232
2019	0427	0.219
2019	0428	0.21600000000000003
2019	0429	0.217
2019	0430	0.23
2019	0432	0.216
2019	0434	0.205
2019	0436	0.226
2019	0437	0.21
2019	0438	0.198
2019	0439	0.214
2019	0441	0.323
2019	0501	0.227
2019	0502	0.231
2019	0511	0.20399999999999996
2019	0512	0.225
2019	0513	0.209
2019	0514	0.196
2019	0515	0.203
2019	0516	0.22199999999999998
2019	0517	0.195
2019	0519	0.216
2019	0520	0.227
2019	0521	0.22399999999999998
2019	0522	0.207
2019	0528	0.21500000000000002
2019	0529	0.2
2019	0532	0.21
2019	0533	0.212
2019	0534	0.229
2019	0536	0.202
2019	0538	0.199
2019	0540	0.21
2019	0541	0.22000000000000003
2019	0542	0.214
2019	0543	0.227
2019	0544	0.243
2019	0545	0.23
2019	0602	0.267
2019	0604	0.23
2019	0605	0.24
2019	0612	0.272
2019	0615	0.244
2019	0616	0.215
2019	0617	0.231
2019	0618	0.273
2019	0619	0.222
2019	0620	0.256
2019	0621	0.226
2019	0622	0.24800000000000003
2019	0623	0.216
2019	0624	0.23600000000000002
2019	0625	0.226
2019	0626	0.256
2019	0627	0.222
2019	0628	0.22199999999999998
2019	0631	0.24
2019	0632	0.22
2019	0633	0.22000000000000003
2019	0701	0.227
2019	0702	0.2224743885317492
2019	0704	0.24800000000000003
2019	0706	0.2537013273692426
2019	0709	0.23757886790015298
2019	0710	0.246
2019	0711	0.227
2019	0712	0.23699999999999996
2019	0713	0.23500000000000001
2019	0714	0.20269888732892707
2019	0715	0.218
2019	0716	0.21499999999999997
2019	0719	0.2218602700880827
2019	0720	0.2280230553683072
2019	0722	0.26633492369644934
2019	0723	0.25910878235584806
2019	0728	0.2266898364547294
2019	0729	0.265
2019	0805	0.232
2019	0806	0.231
2019	0807	0.23
2019	0811	0.194
2019	0814	0.226
2019	0815	0.22700000000000004
2019	0817	0.214
2019	0819	0.21600000000000003
2019	0821	0.241
2019	0822	0.219
2019	0826	0.22699999999999998
2019	0827	0.22199999999999998
2019	0828	0.221
2019	0829	0.209
2019	0830	0.225
2019	0831	0.212
2019	0833	0.218
2019	0834	0.218
2019	0901	0.22999999999999998
2019	0904	0.232
2019	0906	0.23000000000000004
2019	0911	0.215
2019	0912	0.213
2019	0914	0.223
2019	0919	0.19899999999999998
2019	0926	0.223
2019	0928	0.198
2019	0929	0.209
2019	0935	0.205
2019	0937	0.21799999999999997
2019	0938	0.214
2019	0940	0.214
2019	0941	0.247
2019	1001	0.24299999999999997
2019	1002	0.229
2019	1003	0.21500000000000002
2019	1004	0.23399999999999999
2019	1014	0.211
2019	1017	0.211
2019	1018	0.225
2019	1021	0.203
2019	1026	0.245
2019	1027	0.219
2019	1029	0.223
2019	1032	0.219
2019	1034	0.208
2019	1037	0.209
2019	1046	0.235
2019	1101	0.266
2019	1102	0.245
2019	1103	0.286
2019	1106	0.238
2019	1108	0.24454372187304785
2019	1111	0.201
2019	1112	0.205
2019	1114	0.21000000000000002
2019	1119	0.215
2019	1120	0.227
2019	1121	0.229
2019	1122	0.213
2019	1124	0.266
2019	1127	0.259
2019	1129	0.215
2019	1130	0.226
2019	1133	0.23199999999999998
2019	1134	0.204
2019	1135	0.215
2019	1141	0.244
2019	1142	0.238
2019	1144	0.192
2019	1145	0.212
2019	1146	0.199
2019	1149	0.215
2019	1151	0.254
2019	1160	0.245
2019	1201	0.259
2019	1211	0.216
2019	1216	0.21299999999999997
2019	1219	0.21700000000000003
2019	1221	0.21
2019	1222	0.206
2019	1223	0.244
2019	1224	0.209
2019	1227	0.185
2019	1228	0.205
2019	1231	0.209
2019	1232	0.203
2019	1233	0.211
2019	1234	0.191
2019	1235	0.225
2019	1238	0.22
2019	1241	0.219
2019	1242	0.193
2019	1243	0.219
2019	1244	0.286
2019	1245	0.219
2019	1246	0.221
2019	1247	0.19800000000000004
2019	1251	0.196
2019	1252	0.25
2019	1253	0.202
2019	1256	0.211
2019	1259	0.219
2019	1260	0.201
2019	1263	0.215
2019	1264	0.21700000000000003
2019	1265	0.231
2019	1266	0.207
2019	1401	0.23100000000000004
2019	1411	0.212
2019	1412	0.22999999999999998
2019	1413	0.19999999999999998
2019	1416	0.203
2019	1417	0.21100000000000002
2019	1418	0.228
2019	1419	0.205
2019	1420	0.217
2019	1421	0.231
2019	1422	0.2
2019	1424	0.19
2019	1426	0.199
2019	1428	0.216
2019	1429	0.24800000000000003
2019	1430	0.19
2019	1431	0.21100000000000002
2019	1432	0.216
2019	1433	0.19099999999999998
2019	1438	0.219
2019	1439	0.228
2019	1441	0.22700000000000004
2019	1443	0.199
2019	1444	0.188
2019	1445	0.198
2019	1449	0.213
2019	1502	0.229
2019	1504	0.24800000000000003
2019	1505	0.24599999999999997
2019	1506	0.22841847010257696
2019	1507	0.23896225983880062
2019	1508	0.2418118081172624
2019	1511	0.217
2019	1514	0.22500000000000003
2019	1515	0.246
2019	1516	0.229
2019	1517	0.219
2019	1519	0.22
2019	1520	0.203
2019	1523	0.22
2019	1524	0.2
2019	1525	0.223
2019	1526	0.208
2019	1528	0.22
2019	1529	0.199
2019	1531	0.205
2019	1532	0.22
2019	1534	0.214
2019	1535	0.215
2019	1539	0.209
2019	1543	0.207
2019	1545	0.252
2019	1546	0.266
2019	1547	0.218
2019	1548	0.21099999999999997
2019	1551	0.207
2019	1554	0.22099999999999997
2019	1557	0.203
2019	1560	0.206
2019	1563	0.218
2019	1566	0.201
2019	1567	0.183
2019	1571	0.209
2019	1573	0.219
2019	1576	0.23
2019	1577	0.2164379167069282
2019	1578	0.20292283950617285
2019	1579	0.20996229124159296
2019	1580	0.22114413220980408
2019	1601	0.245
2019	1612	0.202
2019	1613	0.199
2019	1617	0.225
2019	1620	0.273
2019	1621	0.211
2019	1622	0.216
2019	1624	0.2016874982799766
2019	1627	0.2
2019	1630	0.215
2019	1632	0.217
2019	1633	0.214
2019	1634	0.225
2019	1635	0.203
2019	1636	0.198
2019	1638	0.199
2019	1640	0.201
2019	1644	0.194
2019	1648	0.2
2019	1653	0.201
2019	1657	0.184
2019	1662	0.191
2019	1663	0.211
2019	1664	0.203
2019	1665	0.205
2019	1702	0.217
2019	1703	0.211
2019	1711	0.193
2019	1714	0.21099999999999997
2019	1717	0.21799999999999997
2019	1718	0.19969059235641246
2019	1719	0.21599999999999997
2019	1721	0.196
2019	1724	0.191
2019	1725	0.20299999999999999
2019	1736	0.196
2019	1738	0.187
2019	1739	0.202
2019	1740	0.217
2019	1742	0.22
2019	1743	0.194
2019	1744	0.203
2019	1748	0.219
2019	1749	0.23800000000000002
2019	1750	0.236
2019	1751	0.21199999999999997
2019	1755	0.211
2019	1756	0.205
2019	1804	0.215
2019	1805	0.208
2019	1806	0.20564951140065146
2019	1811	0.212
2019	1812	0.207
2019	1813	0.208
2019	1815	0.221
2019	1816	0.295
2019	1818	0.24499999999999997
2019	1820	0.208
2019	1822	0.218
2019	1824	0.19800000000000004
2019	1825	0.199
2019	1826	0.188
2019	1827	0.262
2019	1828	0.216
2019	1832	0.193
2019	1833	0.19599999999999998
2019	1834	0.295
2019	1835	0.277
2019	1836	0.21300000000000002
2019	1837	0.211
2019	1838	0.214
2019	1839	0.203
2019	1840	0.19
2019	1841	0.203
2019	1845	0.19
2019	1848	0.23
2019	1849	0.21099999999999997
2019	1850	0.194
2019	1851	0.241
2019	1852	0.191
2019	1853	0.18900000000000003
2019	1854	0.197
2019	1856	0.261
2019	1857	0.283
2019	1859	0.252
2019	1860	0.224
2019	1865	0.234
2019	1866	0.215
2019	1867	0.235
2019	1868	0.23700000000000002
2019	1870	0.225
2019	1871	0.21499999999999997
2019	1874	0.261
2019	1875	0.20208796296296297
2019	1901	
2019	1902	0.228
2019	1903	0.212
2019	1911	0.198
2019	1913	0.196
2019	1915	
2019	1917	0.234
2019	1919	0.22
2019	1920	0.216
2019	1922	0.187
2019	1923	0.215
2019	1924	0.194
2019	1925	0.198
2019	1926	0.201
2019	1927	0.215
2019	1928	0.248
2019	1929	0.262
2019	1931	0.218
2019	1933	0.206
2019	1936	0.23400000000000004
2019	1938	0.216
2019	1939	0.21899999999999997
2019	1940	0.207
2019	1941	0.223
2019	1942	0.23799999999999996
2019	1943	0.21
2019	2002	0.244
2019	2003	0.214
2019	2004	0.221
2019	2011	0.201
2019	2012	0.21299999999999997
2019	2014	0.244
2019	2015	0.214
2019	2017	0.221
2019	2018	0.262
2019	2019	0.251
2019	2020	0.202
2019	2021	0.22000000000000003
2019	2022	0.251
2019	2023	0.281
2019	2024	0.242
2019	2025	0.219
2019	2027	0.225
2019	2028	0.24
2019	2030	0.20999999999999996
2019	3001	0.228
2019	3002	0.24567856192834198
2019	3003	0.23
2019	3004	0.236
2019	3005	0.25416573706763707
2019	3006	0.23
2019	3007	0.24
2019	3011	0.257
2019	3012	0.222
2019	3013	0.213
2019	3014	0.22490699458483757
2019	3015	0.213
2019	3016	0.229
2019	3017	0.223
2019	3018	0.21499999999999997
2019	3019	0.241
2019	3020	0.23817427065267785
2019	3021	0.245
2019	3022	0.271
2019	3023	0.24499999999999997
2019	3024	0.31
2019	3025	0.2725691883986806
2019	3026	0.2203337797705701
2019	3027	0.23900000000000002
2019	3028	0.20899999999999996
2019	3029	0.234
2019	3030	0.2335611786792915
2019	3031	0.22399999999999998
2019	3032	0.236
2019	3033	0.24
2019	3034	0.20999999999999996
2019	3035	0.211
2019	3036	0.221
2019	3037	0.21
2019	3038	0.272
2019	3039	0.244
2019	3040	0.215
2019	3041	0.231
2019	3042	0.273
2019	3043	0.222
2019	3044	0.256
2019	3045	0.226
2019	3046	0.24800000000000003
2019	3047	0.216
2019	3048	0.23600000000000002
2019	3049	0.256
2019	3050	0.24
2019	3051	0.22
2019	3052	0.22000000000000003
2019	3053	0.21
2019	3054	0.212
2019	3101	0.228
2019	3103	0.24567856192834198
2019	3105	0.23
2019	3107	0.236
2019	3110	0.257
2019	3112	0.223
2019	3114	0.21499999999999997
2019	3116	0.213
2019	3118	0.22490699458483757
2019	3120	0.229
2019	3122	0.213
2019	3124	0.222
2019	3201	0.31
2019	3203	0.2725691883986806
2019	3205	0.2335611786792915
2019	3207	0.23817427065267785
2019	3209	0.24
2019	3212	0.24499999999999997
2019	3214	0.271
2019	3216	0.241
2019	3218	0.245
2019	3220	0.20899999999999996
2019	3222	0.234
2019	3224	0.23900000000000002
2019	3226	0.2203337797705701
2019	3228	0.20999999999999996
2019	3230	0.236
2019	3232	0.22399999999999998
2019	3234	0.212
2019	3236	0.21
2019	3238	0.221
2019	3240	0.211
2019	3242	0.21
2019	3301	0.25416573706763707
2019	3303	0.23
2019	3305	0.24
2019	3310	0.272
2019	3312	0.256
2019	3314	0.23600000000000002
2019	3316	0.216
2019	3318	0.24800000000000003
2019	3320	0.244
2019	3322	0.215
2019	3324	0.231
2019	3326	0.273
2019	3328	0.222
2019	3330	0.256
2019	3332	0.226
2019	3334	0.24
2019	3336	0.22
2019	3338	0.22000000000000003
2019	3401	0.23900000000000002
2019	3403	0.241
2019	3405	0.227
2019	3407	0.231
2019	3411	0.218
2019	3412	0.203
2019	3413	0.219
2019	3414	0.196
2019	3415	0.207
2019	3416	0.21099999999999997
2019	3417	0.23800000000000002
2019	3418	0.228
2019	3419	0.232
2019	3420	0.219
2019	3421	0.21600000000000003
2019	3422	0.217
2019	3423	0.23
2019	3424	0.216
2019	3425	0.205
2019	3426	0.226
2019	3427	0.21
2019	3428	0.198
2019	3429	0.214
2019	3430	0.323
2019	3431	0.20399999999999996
2019	3432	0.225
2019	3433	0.209
2019	3434	0.196
2019	3435	0.203
2019	3436	0.22199999999999998
2019	3437	0.195
2019	3438	0.216
2019	3439	0.227
2019	3440	0.22399999999999998
2019	3441	0.207
2019	3442	0.21500000000000002
2019	3443	0.2
2019	3446	0.229
2019	3447	0.202
2019	3448	0.199
2019	3449	0.21
2019	3450	0.22000000000000003
2019	3451	0.214
2019	3452	0.227
2019	3453	0.243
2019	3454	0.23
2019	3801	0.227
2019	3802	0.22493585993820805
2019	3803	0.2422359889419452
2019	3804	0.246
2019	3805	0.23699999999999996
2019	3806	0.232
2019	3807	0.231
2019	3808	0.23
2019	3811	0.265
2019	3812	0.194
2019	3813	0.226
2019	3814	0.22700000000000004
2019	3815	0.214
2019	3816	0.21600000000000003
2019	3817	0.23235347432024167
2019	3818	0.22699999999999998
2019	3819	0.22199999999999998
2019	3820	0.221
2019	3821	0.209
2019	3822	0.225
2019	3823	0.212
2019	3824	0.218
2019	3825	0.218
2019	3901	0.227
2019	3903	0.22493585993820805
2019	3905	0.2422359889419452
2019	3907	0.246
2019	3909	0.23699999999999996
2019	3911	0.265
2019	4001	0.232
2019	4003	0.231
2019	4005	0.23
2019	4010	0.194
2019	4012	0.226
2019	4014	0.22700000000000004
2019	4016	0.214
2019	4018	0.21600000000000003
2019	4020	0.23235347432024167
2019	4022	0.221
2019	4024	0.22199999999999998
2019	4026	0.22699999999999998
2019	4028	0.209
2019	4030	0.225
2019	4032	0.212
2019	4034	0.218
2019	4036	0.218
2019	4201	0.22999999999999998
2019	4202	0.232
2019	4203	0.23000000000000004
2019	4204	0.23919673705283942
2019	4205	0.22509585752324415
2019	4206	0.21500000000000002
2019	4207	0.23399999999999999
2019	4211	0.215
2019	4212	0.213
2019	4213	0.223
2019	4214	0.19899999999999998
2019	4215	0.223
2019	4216	0.198
2019	4217	0.209
2019	4218	0.205
2019	4219	0.21799999999999997
2019	4220	0.214
2019	4221	0.214
2019	4222	0.247
2019	4223	0.211
2019	4224	0.245
2019	4225	0.21900000000000003
2019	4226	0.208
2019	4227	0.209
2019	4228	0.235
2019	4601	0.259
2019	4602	0.22999506228257213
2019	4611	0.216
2019	4612	0.21299999999999997
2019	4613	0.21700000000000003
2019	4614	0.21
2019	4615	0.206
2019	4616	0.244
2019	4617	0.209
2019	4618	0.20424139167862265
2019	4619	0.203
2019	4620	0.211
2019	4621	0.22295033133886638
2019	4622	0.22
2019	4623	0.193
2019	4624	0.219
2019	4625	0.286
2019	4626	0.22037293071333
2019	4627	0.19800000000000004
2019	4628	0.196
2019	4629	0.25
2019	4630	0.202
2019	4631	0.2114241320041251
2019	4632	0.21700000000000003
2019	4633	0.231
2019	4634	0.207
2019	4635	0.212
2019	4636	0.22999999999999998
2019	4637	0.19999999999999998
2019	4638	0.203
2019	4639	0.21100000000000002
2019	4640	0.21582187950173712
2019	4641	0.231
2019	4642	0.2
2019	4643	0.19
2019	4644	0.199
2019	4645	0.216
2019	4646	0.24800000000000003
2019	4647	0.20854237442506487
2019	4648	0.219
2019	4649	0.2076441897055518
2019	4650	0.198
2019	4651	0.213
2019	5001	0.245
2019	5004	0.217
2019	5005	0.211
2019	5006	0.21440519173560454
2019	5007	0.21049208840067998
2019	5011	0.202
2019	5012	0.199
2019	5013	0.225
2019	5014	0.273
2019	5015	0.211
2019	5016	0.216
2019	5017	0.2
2019	5018	0.215
2019	5019	0.217
2019	5020	0.214
2019	5021	0.225
2019	5022	0.203
2019	5023	0.198
2019	5024	0.199
2019	5025	0.201
2019	5026	0.194
2019	5027	0.2
2019	5028	0.201
2019	5029	0.184
2019	5030	0.191
2019	5031	0.211
2019	5032	0.203
2019	5033	0.205
2019	5034	0.193
2019	5035	0.21099999999999997
2019	5036	0.21799999999999997
2019	5037	0.21599999999999997
2019	5038	0.196
2019	5039	0.191
2019	5040	0.20299999999999999
2019	5041	0.196
2019	5042	0.187
2019	5043	0.202
2019	5044	0.217
2019	5045	0.22
2019	5046	0.194
2019	5047	0.203
2019	5048	0.219
2019	5049	0.23800000000000002
2019	5050	0.236
2019	5051	0.21199999999999997
2019	5052	0.211
2019	5053	0.205
2019	5054	0.201
2019	5055	0.20317938538450228
2019	5056	0.22043755489197261
2019	5057	0.2057310021488572
2019	5058	0.2154454270421224
2019	5059	0.20033147781405555
2019	5060	0.22338569948186524
2019	5061	0.183
2019	5401	0.228
2019	5402	0.212
2019	5403	0.21299999999999997
2019	5404	0.244
2019	5405	0.214
2019	5406	0.221
2019	5411	0.198
2019	5412	0.1945250702905342
2019	5413	0.234
2019	5414	0.22
2019	5415	0.216
2019	5416	0.187
2019	5417	0.215
2019	5418	0.194
2019	5419	0.198
2019	5420	0.201
2019	5421	0.22216114849110652
2019	5422	0.206
2019	5423	0.23400000000000004
2019	5424	0.216
2019	5425	0.21899999999999997
2019	5426	0.207
2019	5427	0.223
2019	5428	0.23799999999999996
2019	5429	0.21
2019	5430	0.201
2019	5432	0.244
2019	5433	0.214
2019	5434	0.262
2019	5435	0.251
2019	5436	0.202
2019	5437	0.22000000000000003
2019	5438	0.251
2019	5439	0.281
2019	5440	0.242
2019	5441	0.219
2019	5442	0.225
2019	5443	0.24
2019	5444	0.20999999999999996
2019	5501	0.228
2019	5503	0.212
2019	5510	0.198
2019	5512	0.1945250702905342
2019	5514	0.234
2019	5516	0.22
2019	5518	0.216
2019	5520	0.187
2019	5522	0.215
2019	5524	0.194
2019	5526	0.198
2019	5528	0.201
2019	5530	0.22216114849110652
2019	5532	0.206
2019	5534	0.23400000000000004
2019	5536	0.216
2019	5538	0.21899999999999997
2019	5540	0.207
2019	5542	0.223
2019	5544	0.23799999999999996
2019	5546	0.21
2019	5601	0.21299999999999997
2019	5603	0.221
2019	5605	0.20999999999999996
2019	5607	0.214
2019	5610	0.22000000000000003
2019	5612	0.201
2019	5614	0.244
2019	5616	0.214
2019	5618	0.262
2019	5620	0.251
2019	5622	0.202
2019	5624	0.251
2019	5626	0.281
2019	5628	0.219
2019	5630	0.242
2019	5632	0.24
2019	5634	0.244
2019	5636	0.225
2020	0101	0.22400000000000003
2020	0104	0.24631778827185846
2020	0105	0.231
2020	0106	0.23999999999999996
2020	0111	0.268
2020	0118	0.21699999999999997
2020	0119	0.224
2020	0121	0.20276509596722023
2020	0122	0.22502190335796649
2020	0123	0.2260401020156948
2020	0124	0.22909469798887988
2020	0125	0.2402948832238918
2020	0127	0.207
2020	0128	0.225
2020	0135	0.22
2020	0136	0.24232883623506724
2020	0137	0.206
2020	0138	0.21280351946522616
2020	0211	0.23200000000000004
2020	0213	0.2367426164273888
2020	0214	0.25
2020	0215	0.27
2020	0216	0.257
2020	0217	0.24791930647331697
2020	0219	0.321
2020	0220	0.3126362172504913
2020	0221	0.2196621872978219
2020	0226	0.22027633312573955
2020	0227	0.23442251965675034
2020	0228	0.236
2020	0229	0.209
2020	0230	0.24099999999999996
2020	0231	0.24149561292225574
2020	0233	0.23
2020	0234	0.23900000000000002
2020	0235	0.236
2020	0236	0.21
2020	0237	0.211
2020	0238	0.213
2020	0239	0.205
2020	0301	0.32
2020	0402	0.241
2020	0403	0.249
2020	0412	0.216
2020	0415	0.205
2020	0417	0.21899999999999997
2020	0418	0.204
2020	0419	0.209
2020	0420	0.212
2020	0423	0.257
2020	0425	0.221
2020	0426	0.238
2020	0427	0.223
2020	0428	0.212
2020	0429	0.213
2020	0430	0.22499999999999998
2020	0432	0.211
2020	0434	0.194
2020	0436	0.216
2020	0437	0.214
2020	0438	0.209
2020	0439	0.197
2020	0441	0.204
2020	0501	0.231
2020	0502	0.232
2020	0511	0.208
2020	0512	0.211
2020	0513	0.192
2020	0514	0.2
2020	0515	0.205
2020	0516	0.22
2020	0517	0.197
2020	0519	0.218
2020	0520	0.225
2020	0521	0.225
2020	0522	0.216
2020	0528	0.22300000000000003
2020	0529	0.2
2020	0532	0.212
2020	0533	0.213
2020	0534	0.23800000000000002
2020	0536	0.2
2020	0538	0.199
2020	0540	0.21199999999999997
2020	0541	0.217
2020	0542	0.21500000000000002
2020	0543	0.251
2020	0544	0.231
2020	0545	0.215
2020	0602	0.26367440699595884
2020	0604	0.23300000000000004
2020	0605	0.236
2020	0612	0.261
2020	0615	0.277
2020	0616	0.235
2020	0617	0.239
2020	0618	0.274
2020	0619	0.216
2020	0620	0.272
2020	0621	0.233
2020	0622	0.264
2020	0623	0.219
2020	0624	0.226
2020	0625	0.22318507858084904
2020	0626	0.261
2020	0627	0.23212454926290657
2020	0628	0.23212454926290663
2020	0631	0.24700000000000003
2020	0632	0.216
2020	0633	0.23399999999999999
2020	0701	0.226
2020	0702	0.22352688371692925
2020	0704	0.2528773708133053
2020	0706	0.2588578584133329
2020	0709	0.237578867900153
2020	0710	0.251
2020	0711	0.2241726231763395
2020	0712	0.237
2020	0713	0.23611175209941987
2020	0714	0.2036578273865355
2020	0715	0.2190313274794618
2020	0716	0.2192283658260509
2020	0719	0.22636962517117382
2020	0720	0.2326576703148174
2020	0722	0.2743752232797385
2020	0723	0.26693093427602466
2020	0728	0.22668983645472932
2020	0729	0.273
2020	0805	0.23400000000000004
2020	0806	0.236
2020	0807	0.226
2020	0811	0.191
2020	0814	0.234
2020	0815	0.231
2020	0817	0.217
2020	0819	0.213
2020	0821	0.2458194359567801
2020	0822	0.22337948744620273
2020	0826	0.23
2020	0827	0.23399999999999999
2020	0828	0.22199999999999998
2020	0829	0.216
2020	0830	0.21599999999999997
2020	0831	0.207
2020	0833	0.22
2020	0834	0.22900000000000004
2020	0901	0.237
2020	0904	0.244
2020	0906	0.235
2020	0911	0.206
2020	0912	0.213
2020	0914	0.239
2020	0919	0.204
2020	0926	0.227
2020	0928	0.192
2020	0929	0.219
2020	0935	0.21
2020	0937	0.216
2020	0938	0.22299999999999998
2020	0940	0.211
2020	0941	0.249
2020	1001	0.24483193509058288
2020	1002	0.22991982424490287
2020	1003	0.213
2020	1004	0.219
2020	1014	0.209
2020	1017	0.21259069260951843
2020	1018	0.22669623619498414
2020	1021	0.20381539005115848
2020	1026	0.234
2020	1027	0.218
2020	1029	0.22389572404634644
2020	1032	0.21800000000000003
2020	1034	0.215
2020	1037	0.207
2020	1046	0.229
2020	1101	0.229
2020	1102	0.24645899530100593
2020	1103	0.286
2020	1106	0.244
2020	1108	0.246
2020	1111	0.21
2020	1112	0.205
2020	1114	0.224
2020	1119	0.227
2020	1120	0.22999999999999998
2020	1121	0.23599999999999996
2020	1122	0.20900000000000002
2020	1124	0.262
2020	1127	0.248
2020	1129	0.21628034281516847
2020	1130	0.228
2020	1133	0.247
2020	1134	0.206
2020	1135	0.21
2020	1141	0.24621203212339354
2020	1142	0.240157637890851
2020	1144	0.191
2020	1145	0.223
2020	1146	0.207
2020	1149	0.214
2020	1151	0.24
2020	1160	0.24700000000000003
2020	1201	0.261
2020	1211	0.212
2020	1216	0.208
2020	1219	0.223
2020	1221	0.209
2020	1222	0.207
2020	1223	0.258
2020	1224	0.21
2020	1227	0.1929334679720771
2020	1228	0.2137911401852746
2020	1231	0.21796267462791413
2020	1232	0.218
2020	1233	0.221
2020	1234	0.18418900637373145
2020	1235	0.21697657818895066
2020	1238	0.224
2020	1241	0.22000000000000003
2020	1242	0.193
2020	1243	0.21999999999999997
2020	1244	0.294
2020	1245	0.2206169325907103
2020	1246	0.222631699098388
2020	1247	0.199
2020	1251	0.195
2020	1252	0.212
2020	1253	0.203
2020	1256	0.20558674919451447
2020	1259	0.22061693259071033
2020	1260	0.1958433013653906
2020	1263	0.20948412832616403
2020	1264	0.214
2020	1265	0.22
2020	1266	0.20000000000000004
2020	1401	0.2259831123510968
2020	1411	0.222
2020	1412	0.231
2020	1413	0.215
2020	1416	0.203
2020	1417	0.216
2020	1418	0.21973675750339433
2020	1419	0.19757033021138523
2020	1420	0.2091354227115639
2020	1421	0.226
2020	1422	0.213
2020	1424	0.191
2020	1426	0.204
2020	1428	0.229
2020	1429	0.264
2020	1430	0.20043888018077552
2020	1431	0.2225926511481244
2020	1432	0.2278673585213027
2020	1433	0.20149382165541116
2020	1438	0.23
2020	1439	0.2230482667361475
2020	1441	0.23176184254537466
2020	1443	0.2031744787071786
2020	1444	0.19456849631861198
2020	1445	0.201
2020	1449	0.216
2020	1502	0.2265753727216481
2020	1504	0.24803916752370758
2020	1505	0.234
2020	1506	0.226
2020	1507	0.239
2020	1508	0.24184999831777534
2020	1511	0.21600000000000003
2020	1514	0.259
2020	1515	0.252
2020	1516	0.229
2020	1517	0.216
2020	1519	0.2276865382451842
2020	1520	0.20300000000000004
2020	1523	0.22003474538393417
2020	1524	0.1971192601943815
2020	1525	0.235
2020	1526	0.20500403060215683
2020	1528	0.21
2020	1529	0.19903142877910407
2020	1531	0.209
2020	1532	0.222
2020	1534	0.21403379778255416
2020	1535	0.217
2020	1539	0.215
2020	1543	0.20480830634664263
2020	1545	0.24933185120460835
2020	1546	0.2660420103278475
2020	1547	0.222
2020	1548	0.21907743399062277
2020	1551	0.21492430727990008
2020	1554	0.226
2020	1557	0.203
2020	1560	0.203
2020	1563	0.215
2020	1566	0.20399999999999996
2020	1567	0.186
2020	1571	0.21498736162301538
2020	1573	0.23900000000000002
2020	1576	0.228
2020	1577	0.22400000000000003
2020	1578	0.2
2020	1579	0.218
2020	1580	0.221179058290615
2020	1601	0.244
2020	1612	0.20778682798013928
2020	1613	0.20470088499033529
2020	1617	0.23169826949418743
2020	1620	0.285
2020	1621	0.21948077600540097
2020	1622	0.2199554482441321
2020	1624	0.1966703963327135
2020	1627	0.2080386502420863
2020	1630	0.2195451565131258
2020	1632	0.22158743703882935
2020	1633	0.208
2020	1634	0.222
2020	1635	0.197
2020	1636	0.20162582755712108
2020	1638	0.2026441398175106
2020	1640	0.206
2020	1644	0.183
2020	1648	0.202
2020	1653	0.202
2020	1657	0.189
2020	1662	0.19148844448165644
2020	1663	0.21
2020	1664	0.19
2020	1665	0.206
2020	1702	0.21557780213175898
2020	1703	0.20950431123119367
2020	1711	0.198
2020	1714	0.212
2020	1717	0.23
2020	1718	0.19472316468585493
2020	1719	0.21500000000000002
2020	1721	0.199
2020	1724	0.1897482037196588
2020	1725	0.20156101981010577
2020	1736	0.2
2020	1738	0.197
2020	1739	0.19499999999999998
2020	1740	0.203
2020	1742	0.207
2020	1743	0.186
2020	1744	0.20299999999999999
2020	1748	0.2174476026522816
2020	1749	0.262
2020	1750	0.24615720759002302
2020	1751	0.22112427122493591
2020	1755	0.236
2020	1756	0.204
2020	1804	0.224
2020	1805	0.21543450163460803
2020	1806	0.213
2020	1811	0.209
2020	1812	0.207
2020	1813	0.213
2020	1815	0.22599999999999998
2020	1816	0.23
2020	1818	0.229
2020	1820	0.206
2020	1822	0.211
2020	1824	0.199
2020	1825	0.18300000000000002
2020	1826	0.192
2020	1827	0.263
2020	1828	0.227
2020	1832	0.192
2020	1833	0.2
2020	1834	0.274
2020	1835	0.27
2020	1836	0.22
2020	1837	0.212
2020	1838	0.225
2020	1839	0.218
2020	1840	0.187
2020	1841	0.206
2020	1845	0.19
2020	1848	0.22500000000000003
2020	1849	0.21717275663787772
2020	1850	0.2009341024861248
2020	1851	0.229
2020	1852	0.1904844447281666
2020	1853	0.194
2020	1854	0.20404133087508552
2020	1856	0.281
2020	1857	0.288
2020	1859	0.23
2020	1860	0.224
2020	1865	0.23
2020	1866	0.209
2020	1867	0.267
2020	1868	0.236
2020	1870	0.22
2020	1871	0.219
2020	1874	0.28
2020	1875	0.208
2020	1901	
2020	1902	0.22700000000000004
2020	1903	0.21499999999999997
2020	1911	0.202
2020	1913	0.19547094851686214
2020	1915	
2020	1917	0.226
2020	1919	0.248
2020	1920	0.194
2020	1922	0.183
2020	1923	0.199
2020	1924	0.198
2020	1925	0.202
2020	1926	0.205
2020	1927	0.2225861737565674
2020	1928	0.25675056321687767
2020	1929	0.2712445466242821
2020	1931	0.22569202734386826
2020	1933	0.209
2020	1936	0.233
2020	1938	0.229
2020	1939	0.208
2020	1940	0.215
2020	1941	0.23
2020	1942	0.212
2020	1943	0.212
2020	2002	0.249
2020	2003	0.211
2020	2004	0.22200000000000003
2020	2011	0.21000000000000002
2020	2012	0.219
2020	2014	0.252
2020	2015	0.227
2020	2017	0.22200000000000003
2020	2018	0.24899999999999997
2020	2019	0.254
2020	2020	0.208
2020	2021	0.22200000000000003
2020	2022	0.257
2020	2023	0.277
2020	2024	0.24799999999999997
2020	2025	0.217
2020	2027	0.23799999999999996
2020	2028	0.242
2020	2030	0.20699999999999996
2020	3001	0.22400000000000003
2020	3002	0.245
2020	3003	0.231
2020	3004	0.23999999999999996
2020	3005	0.251
2020	3006	0.23300000000000004
2020	3007	0.236
2020	3011	0.268
2020	3012	0.21699999999999997
2020	3013	0.224
2020	3014	0.229
2020	3015	0.207
2020	3016	0.225
2020	3017	0.22
2020	3018	0.206
2020	3019	0.23200000000000004
2020	3020	0.242
2020	3021	0.25
2020	3022	0.27
2020	3023	0.257
2020	3024	0.321
2020	3025	0.285
2020	3026	0.219
2020	3027	0.236
2020	3028	0.209
2020	3029	0.24099999999999996
2020	3030	0.23599999999999996
2020	3031	0.23
2020	3032	0.23900000000000002
2020	3033	0.236
2020	3034	0.21
2020	3035	0.211
2020	3036	0.213
2020	3037	0.205
2020	3038	0.261
2020	3039	0.277
2020	3040	0.235
2020	3041	0.239
2020	3042	0.274
2020	3043	0.216
2020	3044	0.272
2020	3045	0.233
2020	3046	0.264
2020	3047	0.219
2020	3048	0.226
2020	3049	0.261
2020	3050	0.24700000000000003
2020	3051	0.216
2020	3052	0.23399999999999999
2020	3053	0.212
2020	3054	0.213
2020	3101	0.22400000000000003
2020	3103	0.245
2020	3105	0.231
2020	3107	0.23999999999999996
2020	3110	0.268
2020	3112	0.22
2020	3114	0.206
2020	3116	0.207
2020	3118	0.229
2020	3120	0.225
2020	3122	0.224
2020	3124	0.21699999999999997
2020	3201	0.321
2020	3203	0.285
2020	3205	0.23599999999999996
2020	3207	0.242
2020	3209	0.236
2020	3212	0.257
2020	3214	0.27
2020	3216	0.23200000000000004
2020	3218	0.25
2020	3220	0.209
2020	3222	0.24099999999999996
2020	3224	0.236
2020	3226	0.219
2020	3228	0.21
2020	3230	0.23900000000000002
2020	3232	0.23
2020	3234	0.213
2020	3236	0.212
2020	3238	0.213
2020	3240	0.211
2020	3242	0.205
2020	3301	0.251
2020	3303	0.23300000000000004
2020	3305	0.236
2020	3310	0.261
2020	3312	0.261
2020	3314	0.226
2020	3316	0.219
2020	3318	0.264
2020	3320	0.277
2020	3322	0.235
2020	3324	0.239
2020	3326	0.274
2020	3328	0.216
2020	3330	0.272
2020	3332	0.233
2020	3334	0.24700000000000003
2020	3336	0.216
2020	3338	0.23399999999999999
2020	3401	0.241
2020	3403	0.249
2020	3405	0.231
2020	3407	0.232
2020	3411	0.216
2020	3412	0.205
2020	3413	0.21899999999999997
2020	3414	0.204
2020	3415	0.209
2020	3416	0.212
2020	3417	0.257
2020	3418	0.221
2020	3419	0.238
2020	3420	0.223
2020	3421	0.212
2020	3422	0.213
2020	3423	0.22499999999999998
2020	3424	0.211
2020	3425	0.194
2020	3426	0.216
2020	3427	0.214
2020	3428	0.209
2020	3429	0.197
2020	3430	0.204
2020	3431	0.208
2020	3432	0.211
2020	3433	0.192
2020	3434	0.2
2020	3435	0.205
2020	3436	0.22
2020	3437	0.197
2020	3438	0.218
2020	3439	0.225
2020	3440	0.225
2020	3441	0.216
2020	3442	0.22300000000000003
2020	3443	0.2
2020	3446	0.23800000000000002
2020	3447	0.2
2020	3448	0.199
2020	3449	0.21199999999999997
2020	3450	0.217
2020	3451	0.21500000000000002
2020	3452	0.251
2020	3453	0.231
2020	3454	0.215
2020	3801	0.226
2020	3802	0.226
2020	3803	0.247
2020	3804	0.251
2020	3805	0.237
2020	3806	0.23400000000000004
2020	3807	0.236
2020	3808	0.226
2020	3811	0.273
2020	3812	0.191
2020	3813	0.234
2020	3814	0.231
2020	3815	0.217
2020	3816	0.213
2020	3817	0.23700000000000002
2020	3818	0.23
2020	3819	0.23399999999999999
2020	3820	0.22199999999999998
2020	3821	0.216
2020	3822	0.21599999999999997
2020	3823	0.207
2020	3824	0.22
2020	3825	0.22900000000000004
2020	3901	0.226
2020	3903	0.226
2020	3905	0.247
2020	3907	0.251
2020	3909	0.237
2020	3911	0.273
2020	4001	0.23400000000000004
2020	4003	0.236
2020	4005	0.226
2020	4010	0.191
2020	4012	0.234
2020	4014	0.231
2020	4016	0.217
2020	4018	0.213
2020	4020	0.23700000000000002
2020	4022	0.22199999999999998
2020	4024	0.23399999999999999
2020	4026	0.23
2020	4028	0.216
2020	4030	0.21599999999999997
2020	4032	0.207
2020	4034	0.22
2020	4036	0.22900000000000004
2020	4201	0.237
2020	4202	0.244
2020	4203	0.235
2020	4204	0.241
2020	4205	0.22599999999999998
2020	4206	0.213
2020	4207	0.219
2020	4211	0.206
2020	4212	0.213
2020	4213	0.239
2020	4214	0.204
2020	4215	0.227
2020	4216	0.192
2020	4217	0.219
2020	4218	0.21
2020	4219	0.216
2020	4220	0.22299999999999998
2020	4221	0.211
2020	4222	0.249
2020	4223	0.209
2020	4224	0.234
2020	4225	0.21800000000000003
2020	4226	0.215
2020	4227	0.207
2020	4228	0.229
2020	4601	0.261
2020	4602	0.225
2020	4611	0.212
2020	4612	0.208
2020	4613	0.223
2020	4614	0.209
2020	4615	0.207
2020	4616	0.258
2020	4617	0.21
2020	4618	0.21300000000000002
2020	4619	0.218
2020	4620	0.221
2020	4621	0.215
2020	4622	0.224
2020	4623	0.193
2020	4624	0.22
2020	4625	0.294
2020	4626	0.222
2020	4627	0.199
2020	4628	0.195
2020	4629	0.212
2020	4630	0.203
2020	4631	0.206
2020	4632	0.214
2020	4633	0.22
2020	4634	0.20000000000000004
2020	4635	0.222
2020	4636	0.231
2020	4637	0.215
2020	4638	0.203
2020	4639	0.216
2020	4640	0.208
2020	4641	0.226
2020	4642	0.213
2020	4643	0.191
2020	4644	0.204
2020	4645	0.229
2020	4646	0.264
2020	4647	0.22000000000000003
2020	4648	0.23
2020	4649	0.212
2020	4650	0.201
2020	4651	0.216
2020	5001	0.244
2020	5004	0.21557780213175898
2020	5005	0.20950431123119367
2020	5006	0.213
2020	5007	0.209
2020	5011	0.20778682798013928
2020	5012	0.20470088499033529
2020	5013	0.23169826949418743
2020	5014	0.285
2020	5015	0.21948077600540097
2020	5016	0.2199554482441321
2020	5017	0.2080386502420863
2020	5018	0.2195451565131258
2020	5019	0.22158743703882935
2020	5020	0.208
2020	5021	0.222
2020	5022	0.197
2020	5023	0.20162582755712108
2020	5024	0.2026441398175106
2020	5025	0.206
2020	5026	0.183
2020	5027	0.202
2020	5028	0.202
2020	5029	0.189
2020	5030	0.19148844448165644
2020	5031	0.21
2020	5032	0.19
2020	5033	0.206
2020	5034	0.198
2020	5035	0.212
2020	5036	0.23
2020	5037	0.21500000000000002
2020	5038	0.199
2020	5039	0.1897482037196588
2020	5040	0.20156101981010577
2020	5041	0.2
2020	5042	0.197
2020	5043	0.19499999999999998
2020	5044	0.203
2020	5045	0.207
2020	5046	0.186
2020	5047	0.20299999999999999
2020	5048	0.2174476026522816
2020	5049	0.262
2020	5050	0.24615720759002302
2020	5051	0.22112427122493591
2020	5052	0.236
2020	5053	0.204
2020	5054	0.196
2020	5055	0.20900000000000002
2020	5056	0.22700000000000004
2020	5057	0.214
2020	5058	0.22
2020	5059	0.204
2020	5060	0.233
2020	5061	0.186
2020	5401	0.22700000000000004
2020	5402	0.21499999999999997
2020	5403	0.219
2020	5404	0.249
2020	5405	0.211
2020	5406	0.222
2020	5411	0.202
2020	5412	0.194
2020	5413	0.226
2020	5414	0.248
2020	5415	0.194
2020	5416	0.183
2020	5417	0.199
2020	5418	0.198
2020	5419	0.202
2020	5420	0.205
2020	5421	0.23
2020	5422	0.209
2020	5423	0.233
2020	5424	0.229
2020	5425	0.208
2020	5426	0.215
2020	5427	0.23
2020	5428	0.212
2020	5429	0.212
2020	5430	0.21000000000000002
2020	5432	0.252
2020	5433	0.227
2020	5434	0.24899999999999997
2020	5435	0.254
2020	5436	0.208
2020	5437	0.22200000000000003
2020	5438	0.257
2020	5439	0.277
2020	5440	0.24799999999999997
2020	5441	0.217
2020	5442	0.23799999999999996
2020	5443	0.242
2020	5444	0.20699999999999996
2020	5501	0.22700000000000004
2020	5503	0.21499999999999997
2020	5510	0.202
2020	5512	0.194
2020	5514	0.226
2020	5516	0.248
2020	5518	0.194
2020	5520	0.183
2020	5522	0.199
2020	5524	0.198
2020	5526	0.202
2020	5528	0.205
2020	5530	0.23
2020	5532	0.209
2020	5534	0.233
2020	5536	0.229
2020	5538	0.208
2020	5540	0.215
2020	5542	0.23
2020	5544	0.212
2020	5546	0.212
2020	5601	0.219
2020	5603	0.222
2020	5605	0.20699999999999996
2020	5607	0.211
2020	5610	0.22200000000000003
2020	5612	0.21000000000000002
2020	5614	0.252
2020	5616	0.227
2020	5618	0.24899999999999997
2020	5620	0.254
2020	5622	0.208
2020	5624	0.257
2020	5626	0.277
2020	5628	0.217
2020	5630	0.24799999999999997
2020	5632	0.242
2020	5634	0.249
2020	5636	0.23799999999999996
2021	0101	0.233
2021	0104	0.27647915010106566
2021	0105	0.248
2021	0106	0.264
2021	0111	0.274
2021	0118	0.26
2021	0119	0.244
2021	0121	0.21572724822083247
2021	0122	0.25155287012942984
2021	0123	0.25269111841055847
2021	0124	0.25610586325394435
2021	0125	0.26862659434635944
2021	0127	0.219
2021	0128	0.239
2021	0135	0.23
2021	0136	0.27200175495772855
2021	0137	0.222
2021	0138	0.23789389075588604
2021	0211	0.26
2021	0213	0.25826467246624235
2021	0214	0.264
2021	0215	0.304
2021	0216	0.281
2021	0217	0.27045742524361854
2021	0219	0.369
2021	0220	0.3543210462172235
2021	0221	0.23370451890590177
2021	0226	0.2398771932767588
2021	0227	0.2552821506431562
2021	0228	0.262
2021	0229	0.234
2021	0230	0.266
2021	0231	0.2629846293263548
2021	0233	0.245
2021	0234	0.255
2021	0235	0.256
2021	0236	0.222
2021	0237	0.22
2021	0238	0.223
2021	0239	0.217
2021	0301	0.365
2021	0402	0.271
2021	0403	0.262
2021	0412	0.227
2021	0415	0.213
2021	0417	0.227
2021	0418	0.21899999999999997
2021	0419	0.22
2021	0420	0.228
2021	0423	0.328
2021	0425	0.231
2021	0426	0.259
2021	0427	0.237
2021	0428	0.256
2021	0429	0.217
2021	0430	0.247
2021	0432	0.213
2021	0434	0.214
2021	0436	0.22
2021	0437	0.21200000000000002
2021	0438	0.21
2021	0439	0.23200000000000004
2021	0441	0.21800000000000003
2021	0501	0.249
2021	0502	0.249
2021	0511	0.216
2021	0512	0.223
2021	0513	0.201
2021	0514	0.194
2021	0515	0.216
2021	0516	0.245
2021	0517	0.198
2021	0519	0.238
2021	0520	0.224
2021	0521	0.226
2021	0522	0.217
2021	0528	0.239
2021	0529	0.207
2021	0532	0.231
2021	0533	0.222
2021	0534	0.23799999999999996
2021	0536	0.214
2021	0538	0.209
2021	0540	0.22800000000000004
2021	0541	0.22000000000000003
2021	0542	0.233
2021	0543	0.244
2021	0544	0.242
2021	0545	0.23600000000000002
2021	0602	0.2878358068402101
2021	0604	0.255
2021	0605	0.261
2021	0612	0.295
2021	0615	0.28
2021	0616	0.283
2021	0617	0.285
2021	0618	0.331
2021	0619	0.23700000000000002
2021	0620	0.313
2021	0621	0.268
2021	0622	0.339
2021	0623	0.244
2021	0624	0.268
2021	0625	0.24363630092092695
2021	0626	0.288
2021	0627	0.2630744891646275
2021	0628	0.2630744891646275
2021	0631	0.243
2021	0632	0.224
2021	0633	0.266
2021	0701	0.24
2021	0702	0.24429708087646693
2021	0704	0.27949604142523216
2021	0706	0.2877344322602386
2021	0709	0.26263992991493706
2021	0710	0.279
2021	0711	0.24471433765066555
2021	0712	0.262
2021	0713	0.25805133968387917
2021	0714	0.22258178479855875
2021	0715	0.23938379596206666
2021	0716	0.24230503591300367
2021	0719	0.25162201363648407
2021	0720	0.25861151401527527
2021	0722	0.3045263467170723
2021	0723	0.29626400397668656
2021	0728	0.2506022664605025
2021	0729	0.303
2021	0805	0.264
2021	0806	0.254
2021	0807	0.25
2021	0811	0.211
2021	0814	0.265
2021	0815	0.288
2021	0817	0.226
2021	0819	0.242
2021	0821	0.26552647934572027
2021	0822	0.24128754762121474
2021	0826	0.23499999999999996
2021	0827	0.261
2021	0828	0.24800000000000003
2021	0829	0.239
2021	0830	0.24499999999999997
2021	0831	0.272
2021	0833	0.228
2021	0834	0.244
2021	0901	0.255
2021	0904	0.259
2021	0906	0.251
2021	0911	0.21899999999999997
2021	0912	0.195
2021	0914	0.261
2021	0919	0.22000000000000003
2021	0926	0.253
2021	0928	0.208
2021	0929	0.254
2021	0935	0.204
2021	0937	0.235
2021	0938	0.233
2021	0940	0.262
2021	0941	0.269
2021	1001	0.26921353858508074
2021	1002	0.24721467828102392
2021	1003	0.227
2021	1004	0.233
2021	1014	0.21400000000000002
2021	1017	0.2337615499648232
2021	1018	0.2492717949861859
2021	1021	0.2191466362054492
2021	1026	0.281
2021	1027	0.23699999999999993
2021	1029	0.24073743780204515
2021	1032	0.237
2021	1034	0.24199999999999997
2021	1037	0.224
2021	1046	0.261
2021	1101	0.238
2021	1102	0.2725075069994863
2021	1103	0.313
2021	1106	0.27
2021	1108	0.272
2021	1111	0.21599999999999997
2021	1112	0.239
2021	1114	0.254
2021	1119	0.242
2021	1120	0.247
2021	1121	0.267
2021	1122	0.22100000000000003
2021	1124	0.288
2021	1127	0.282
2021	1129	0.23913924083628385
2021	1130	0.244
2021	1133	0.242
2021	1134	0.201
2021	1135	0.216
2021	1141	0.271656038032617
2021	1142	0.2649759715236182
2021	1144	0.217
2021	1145	0.221
2021	1146	0.22399999999999998
2021	1149	0.232
2021	1151	0.255
2021	1160	0.323
2021	1201	0.286
2021	1211	0.276
2021	1216	0.295
2021	1219	0.246
2021	1221	0.227
2021	1222	0.227
2021	1223	0.339
2021	1224	0.235
2021	1227	0.19927400447820165
2021	1228	0.22081714009746672
2021	1231	0.22512576722131977
2021	1232	0.26
2021	1233	0.215
2021	1234	0.19189924384984117
2021	1235	0.22605931867127885
2021	1238	0.254
2021	1241	0.23599999999999996
2021	1242	0.197
2021	1243	0.23599999999999996
2021	1244	0.313
2021	1245	0.2404923319232067
2021	1246	0.24268860892707164
2021	1247	0.213
2021	1251	0.202
2021	1252	0.411
2021	1253	0.224
2021	1256	0.2195586641883165
2021	1259	0.24049233192320674
2021	1260	0.2091530402931356
2021	1263	0.22372091374638878
2021	1264	0.23299999999999998
2021	1265	0.24
2021	1266	0.233
2021	1401	0.24707486950386576
2021	1411	0.248
2021	1412	0.22299999999999998
2021	1413	0.24
2021	1416	0.218
2021	1417	0.24600000000000002
2021	1418	0.2345267315661228
2021	1419	0.2108683332063823
2021	1420	0.223211845394073
2021	1421	0.232
2021	1422	0.219
2021	1424	0.19900000000000004
2021	1426	0.209
2021	1428	0.301
2021	1429	0.36700000000000005
2021	1430	0.2286825405698848
2021	1431	0.253957979264451
2021	1432	0.25997594085839537
2021	1433	0.22988613288867368
2021	1438	0.233
2021	1439	0.24386610496485459
2021	1441	0.2459736536448553
2021	1443	0.21563329108073204
2021	1444	0.20325458990426432
2021	1445	0.226
2021	1449	0.261
2021	1502	0.2496339283526123
2021	1504	0.2719090455699221
2021	1505	0.248
2021	1506	0.249
2021	1507	0.262
2021	1508	0.26512426593831434
2021	1511	0.22799999999999998
2021	1514	0.24400000000000002
2021	1515	0.269
2021	1516	0.253
2021	1517	0.254
2021	1519	0.23785111584541568
2021	1520	0.22
2021	1523	0.2412096371991245
2021	1524	0.21091760840798818
2021	1525	0.238
2021	1526	0.21935431274430772
2021	1528	0.21799999999999997
2021	1529	0.21818508092102618
2021	1531	0.224
2021	1532	0.231
2021	1534	0.23463119254823922
2021	1535	0.238
2021	1539	0.238
2021	1543	0.22565162955891155
2021	1545	0.2747063316369357
2021	1546	0.2916443795225776
2021	1547	0.22300000000000003
2021	1548	0.22008237634837793
2021	1551	0.21591019859769783
2021	1554	0.24300000000000002
2021	1557	0.20799999999999996
2021	1560	0.213
2021	1563	0.226
2021	1566	0.231
2021	1567	0.189
2021	1571	0.22835978124549955
2021	1573	0.23
2021	1576	0.22500000000000003
2021	1577	0.23400000000000004
2021	1578	0.214
2021	1579	0.21900000000000003
2021	1580	0.2424640722683729
2021	1601	0.269
2021	1612	0.2207113675195738
2021	1613	0.21743347592274848
2021	1617	0.23577469445380148
2021	1620	0.501
2021	1621	0.215378331594085
2021	1622	0.23277216999694042
2021	1624	0.20269091866942918
2021	1627	0.204150077340365
2021	1630	0.2375079420460179
2021	1632	0.23971731825109718
2021	1633	0.22
2021	1634	0.233
2021	1635	0.21000000000000002
2021	1636	0.2133744891638621
2021	1638	0.2144521380990331
2021	1640	0.216
2021	1644	0.193
2021	1648	0.208
2021	1653	0.217
2021	1657	0.194
2021	1662	0.21244171557646488
2021	1663	0.231
2021	1664	0.204
2021	1665	0.211
2021	1702	0.22671092806344603
2021	1703	0.22253567987236844
2021	1711	0.215
2021	1714	0.223
2021	1717	0.238
2021	1718	0.20068407789052392
2021	1719	0.228
2021	1721	0.218
2021	1724	0.19954740672865529
2021	1725	0.21409830812365302
2021	1736	0.228
2021	1738	0.203
2021	1739	0.198
2021	1740	0.22399999999999998
2021	1742	0.221
2021	1743	0.195
2021	1744	0.21
2021	1748	0.2309730516210838
2021	1749	0.306
2021	1750	0.3137712045246215
2021	1751	0.28186226847127016
2021	1755	0.23499999999999996
2021	1756	0.234
2021	1804	0.24499999999999997
2021	1805	0.22453736790085907
2021	1806	0.222
2021	1811	0.294
2021	1812	0.249
2021	1813	0.316
2021	1815	0.307
2021	1816	0.339
2021	1818	0.268
2021	1820	0.221
2021	1822	0.213
2021	1824	0.212
2021	1825	0.19899999999999998
2021	1826	0.195
2021	1827	0.298
2021	1828	0.233
2021	1832	0.199
2021	1833	0.20800000000000002
2021	1834	0.299
2021	1835	0.264
2021	1836	0.211
2021	1837	0.221
2021	1838	0.208
2021	1839	0.211
2021	1840	0.196
2021	1841	0.211
2021	1845	0.19700000000000004
2021	1848	0.242
2021	1849	0.21954102680826612
2021	1850	0.20942427583060905
2021	1851	0.252
2021	1852	0.20324886628211597
2021	1853	0.20499999999999996
2021	1854	0.21266279555994835
2021	1856	0.269
2021	1857	0.266
2021	1859	0.233
2021	1860	0.247
2021	1865	0.275
2021	1866	0.305
2021	1867	0.413
2021	1868	0.258
2021	1870	0.261
2021	1871	0.23099999999999998
2021	1874	0.32
2021	1875	0.20999999999999996
2021	1901	
2021	1902	0.23899999999999996
2021	1903	0.239
2021	1911	0.206
2021	1913	0.20856951723190958
2021	1915	
2021	1917	0.289
2021	1919	0.269
2021	1920	0.202
2021	1922	0.187
2021	1923	0.219
2021	1924	0.207
2021	1925	0.215
2021	1926	0.202
2021	1927	0.23613489737653243
2021	1928	0.2723788583692095
2021	1929	0.28775508424489066
2021	1931	0.23942980292132116
2021	1933	0.21100000000000002
2021	1936	0.254
2021	1938	0.235
2021	1939	0.206
2021	1940	0.207
2021	1941	0.224
2021	1942	0.21
2021	1943	0.218
2021	2002	0.233
2021	2003	0.216
2021	2004	0.222
2021	2011	0.204
2021	2012	0.22600000000000003
2021	2014	0.247
2021	2015	0.217
2021	2017	0.22199999999999998
2021	2018	0.264
2021	2019	0.252
2021	2020	0.207
2021	2021	0.219
2021	2022	0.252
2021	2023	0.271
2021	2024	0.264
2021	2025	0.22299999999999998
2021	2027	0.231
2021	2028	0.235
2021	2030	0.21099999999999997
2021	3001	0.233
2021	3002	0.275
2021	3003	0.248
2021	3004	0.264
2021	3005	0.274
2021	3006	0.255
2021	3007	0.261
2021	3011	0.274
2021	3012	0.26
2021	3013	0.244
2021	3014	0.256
2021	3015	0.219
2021	3016	0.239
2021	3017	0.23
2021	3018	0.222
2021	3019	0.26
2021	3020	0.264
2021	3021	0.264
2021	3022	0.304
2021	3023	0.281
2021	3024	0.369
2021	3025	0.323
2021	3026	0.233
2021	3027	0.262
2021	3028	0.234
2021	3029	0.266
2021	3030	0.257
2021	3031	0.245
2021	3032	0.255
2021	3033	0.256
2021	3034	0.222
2021	3035	0.22
2021	3036	0.223
2021	3037	0.217
2021	3038	0.295
2021	3039	0.28
2021	3040	0.283
2021	3041	0.285
2021	3042	0.331
2021	3043	0.23700000000000002
2021	3044	0.313
2021	3045	0.268
2021	3046	0.339
2021	3047	0.244
2021	3048	0.268
2021	3049	0.288
2021	3050	0.243
2021	3051	0.224
2021	3052	0.266
2021	3053	0.231
2021	3054	0.222
2021	3101	0.233
2021	3103	0.275
2021	3105	0.248
2021	3107	0.264
2021	3110	0.274
2021	3112	0.23
2021	3114	0.222
2021	3116	0.219
2021	3118	0.256
2021	3120	0.239
2021	3122	0.244
2021	3124	0.26
2021	3201	0.369
2021	3203	0.323
2021	3205	0.257
2021	3207	0.264
2021	3209	0.256
2021	3212	0.281
2021	3214	0.304
2021	3216	0.26
2021	3218	0.264
2021	3220	0.234
2021	3222	0.266
2021	3224	0.262
2021	3226	0.233
2021	3228	0.222
2021	3230	0.255
2021	3232	0.245
2021	3234	0.222
2021	3236	0.231
2021	3238	0.223
2021	3240	0.22
2021	3242	0.217
2021	3301	0.274
2021	3303	0.255
2021	3305	0.261
2021	3310	0.295
2021	3312	0.288
2021	3314	0.268
2021	3316	0.244
2021	3318	0.339
2021	3320	0.28
2021	3322	0.283
2021	3324	0.285
2021	3326	0.331
2021	3328	0.23700000000000002
2021	3330	0.313
2021	3332	0.268
2021	3334	0.243
2021	3336	0.224
2021	3338	0.266
2021	3401	0.271
2021	3403	0.262
2021	3405	0.249
2021	3407	0.249
2021	3411	0.227
2021	3412	0.213
2021	3413	0.227
2021	3414	0.21899999999999997
2021	3415	0.22
2021	3416	0.228
2021	3417	0.328
2021	3418	0.231
2021	3419	0.259
2021	3420	0.237
2021	3421	0.256
2021	3422	0.217
2021	3423	0.247
2021	3424	0.213
2021	3425	0.214
2021	3426	0.22
2021	3427	0.21200000000000002
2021	3428	0.21
2021	3429	0.23200000000000004
2021	3430	0.21800000000000003
2021	3431	0.216
2021	3432	0.223
2021	3433	0.201
2021	3434	0.194
2021	3435	0.216
2021	3436	0.245
2021	3437	0.198
2021	3438	0.238
2021	3439	0.224
2021	3440	0.226
2021	3441	0.217
2021	3442	0.239
2021	3443	0.207
2021	3446	0.23799999999999996
2021	3447	0.214
2021	3448	0.209
2021	3449	0.22800000000000004
2021	3450	0.22000000000000003
2021	3451	0.233
2021	3452	0.244
2021	3453	0.242
2021	3454	0.23600000000000002
2021	3801	0.24
2021	3802	0.247
2021	3803	0.273
2021	3804	0.279
2021	3805	0.262
2021	3806	0.264
2021	3807	0.254
2021	3808	0.25
2021	3811	0.303
2021	3812	0.211
2021	3813	0.265
2021	3814	0.288
2021	3815	0.226
2021	3816	0.242
2021	3817	0.256
2021	3818	0.23499999999999996
2021	3819	0.261
2021	3820	0.24800000000000003
2021	3821	0.239
2021	3822	0.24499999999999997
2021	3823	0.272
2021	3824	0.228
2021	3825	0.244
2021	3901	0.24
2021	3903	0.247
2021	3905	0.273
2021	3907	0.279
2021	3909	0.262
2021	3911	0.303
2021	4001	0.264
2021	4003	0.254
2021	4005	0.25
2021	4010	0.211
2021	4012	0.265
2021	4014	0.288
2021	4016	0.226
2021	4018	0.242
2021	4020	0.256
2021	4022	0.24800000000000003
2021	4024	0.261
2021	4026	0.23499999999999996
2021	4028	0.239
2021	4030	0.24499999999999997
2021	4032	0.272
2021	4034	0.228
2021	4036	0.244
2021	4201	0.255
2021	4202	0.259
2021	4203	0.251
2021	4204	0.265
2021	4205	0.243
2021	4206	0.227
2021	4207	0.233
2021	4211	0.21899999999999997
2021	4212	0.195
2021	4213	0.261
2021	4214	0.22000000000000003
2021	4215	0.253
2021	4216	0.208
2021	4217	0.254
2021	4218	0.204
2021	4219	0.235
2021	4220	0.233
2021	4221	0.262
2021	4222	0.269
2021	4223	0.21400000000000002
2021	4224	0.281
2021	4225	0.237
2021	4226	0.24199999999999997
2021	4227	0.224
2021	4228	0.261
2021	4601	0.286
2021	4602	0.24599999999999997
2021	4611	0.276
2021	4612	0.295
2021	4613	0.246
2021	4614	0.227
2021	4615	0.227
2021	4616	0.339
2021	4617	0.235
2021	4618	0.22
2021	4619	0.26
2021	4620	0.215
2021	4621	0.224
2021	4622	0.254
2021	4623	0.197
2021	4624	0.236
2021	4625	0.313
2021	4626	0.242
2021	4627	0.213
2021	4628	0.202
2021	4629	0.411
2021	4630	0.224
2021	4631	0.22
2021	4632	0.23299999999999998
2021	4633	0.24
2021	4634	0.233
2021	4635	0.248
2021	4636	0.22299999999999998
2021	4637	0.24
2021	4638	0.218
2021	4639	0.24600000000000002
2021	4640	0.222
2021	4641	0.232
2021	4642	0.219
2021	4643	0.19900000000000004
2021	4644	0.209
2021	4645	0.301
2021	4646	0.36700000000000005
2021	4647	0.251
2021	4648	0.233
2021	4649	0.22500000000000003
2021	4650	0.226
2021	4651	0.261
2021	5001	0.269
2021	5004	0.22671092806344603
2021	5005	0.22253567987236844
2021	5006	0.22399999999999998
2021	5007	0.222
2021	5011	0.2207113675195738
2021	5012	0.21743347592274848
2021	5013	0.23577469445380148
2021	5014	0.501
2021	5015	0.215378331594085
2021	5016	0.23277216999694042
2021	5017	0.204150077340365
2021	5018	0.2375079420460179
2021	5019	0.23971731825109718
2021	5020	0.22
2021	5021	0.233
2021	5022	0.21000000000000002
2021	5023	0.2133744891638621
2021	5024	0.2144521380990331
2021	5025	0.216
2021	5026	0.193
2021	5027	0.208
2021	5028	0.217
2021	5029	0.194
2021	5030	0.21244171557646488
2021	5031	0.231
2021	5032	0.204
2021	5033	0.211
2021	5034	0.215
2021	5035	0.223
2021	5036	0.238
2021	5037	0.228
2021	5038	0.218
2021	5039	0.19954740672865529
2021	5040	0.21409830812365302
2021	5041	0.228
2021	5042	0.203
2021	5043	0.198
2021	5044	0.22399999999999998
2021	5045	0.221
2021	5046	0.195
2021	5047	0.21
2021	5048	0.2309730516210838
2021	5049	0.306
2021	5050	0.3137712045246215
2021	5051	0.28186226847127016
2021	5052	0.23499999999999996
2021	5053	0.234
2021	5054	0.202
2021	5055	0.222
2021	5056	0.23100000000000004
2021	5057	0.20999999999999996
2021	5058	0.238
2021	5059	0.216
2021	5060	0.297
2021	5061	0.189
2021	5401	0.23899999999999996
2021	5402	0.239
2021	5403	0.22600000000000003
2021	5404	0.233
2021	5405	0.216
2021	5406	0.222
2021	5411	0.206
2021	5412	0.207
2021	5413	0.289
2021	5414	0.269
2021	5415	0.202
2021	5416	0.187
2021	5417	0.219
2021	5418	0.207
2021	5419	0.215
2021	5420	0.202
2021	5421	0.244
2021	5422	0.21100000000000002
2021	5423	0.254
2021	5424	0.235
2021	5425	0.206
2021	5426	0.207
2021	5427	0.224
2021	5428	0.21
2021	5429	0.218
2021	5430	0.204
2021	5432	0.247
2021	5433	0.217
2021	5434	0.264
2021	5435	0.252
2021	5436	0.207
2021	5437	0.219
2021	5438	0.252
2021	5439	0.271
2021	5440	0.264
2021	5441	0.22299999999999998
2021	5442	0.231
2021	5443	0.235
2021	5444	0.21099999999999997
2021	5501	0.23899999999999996
2021	5503	0.239
2021	5510	0.206
2021	5512	0.207
2021	5514	0.289
2021	5516	0.269
2021	5518	0.202
2021	5520	0.187
2021	5522	0.219
2021	5524	0.207
2021	5526	0.215
2021	5528	0.202
2021	5530	0.244
2021	5532	0.21100000000000002
2021	5534	0.254
2021	5536	0.235
2021	5538	0.206
2021	5540	0.207
2021	5542	0.224
2021	5544	0.21
2021	5546	0.218
2021	5601	0.22600000000000003
2021	5603	0.222
2021	5605	0.21099999999999997
2021	5607	0.216
2021	5610	0.219
2021	5612	0.204
2021	5614	0.247
2021	5616	0.217
2021	5618	0.264
2021	5620	0.252
2021	5622	0.207
2021	5624	0.252
2021	5626	0.271
2021	5628	0.22299999999999998
2021	5630	0.264
2021	5632	0.235
2021	5634	0.233
2021	5636	0.231
2022	0101	0.222
2022	0104	0.24531240954421826
2022	0105	0.229
2022	0106	0.24
2022	0111	0.251
2022	0118	0.222
2022	0119	0.235
2022	0121	0.20461683200345057
2022	0122	0.21814350456536488
2022	0123	0.2191305792466561
2022	0124	0.22209180329052985
2022	0125	0.23294962478473358
2022	0127	0.217
2022	0128	0.237
2022	0135	0.262
2022	0136	0.24133973894431188
2022	0137	0.212
2022	0138	0.2062986083898699
2022	0211	0.229
2022	0213	0.23869916697637544
2022	0214	0.244
2022	0215	0.267
2022	0216	0.24500000000000002
2022	0217	0.2499682263615262
2022	0219	0.321
2022	0220	0.3115392480671562
2022	0221	0.22166823467040467
2022	0226	0.21934295883283383
2022	0227	0.23342920389549296
2022	0228	0.239
2022	0229	0.208
2022	0230	0.24400000000000002
2022	0231	0.24047232642682245
2022	0233	0.23300000000000004
2022	0234	0.243
2022	0235	0.232
2022	0236	0.215
2022	0237	0.214
2022	0238	0.218
2022	0239	0.213
2022	0301	0.316
2022	0402	0.233
2022	0403	0.242
2022	0412	0.217
2022	0415	0.206
2022	0417	0.22300000000000003
2022	0418	0.21299999999999997
2022	0419	0.213
2022	0420	0.211
2022	0423	0.254
2022	0425	0.237
2022	0426	0.241
2022	0427	0.223
2022	0428	0.225
2022	0429	0.239
2022	0430	0.23500000000000001
2022	0432	0.226
2022	0434	0.21899999999999997
2022	0436	0.237
2022	0437	0.21600000000000003
2022	0438	0.21900000000000003
2022	0439	0.226
2022	0441	0.205
2022	0501	0.228
2022	0502	0.22999999999999998
2022	0511	0.21200000000000002
2022	0512	0.213
2022	0513	0.203
2022	0514	0.192
2022	0515	0.21200000000000002
2022	0516	0.235
2022	0517	0.203
2022	0519	0.218
2022	0520	0.232
2022	0521	0.22399999999999998
2022	0522	0.215
2022	0528	0.217
2022	0529	0.20299999999999999
2022	0532	0.225
2022	0533	0.207
2022	0534	0.232
2022	0536	0.205
2022	0538	0.199
2022	0540	0.214
2022	0541	0.21300000000000002
2022	0542	0.215
2022	0543	0.222
2022	0544	0.233
2022	0545	0.224
2022	0602	0.25527044183274106
2022	0604	0.238
2022	0605	0.229
2022	0612	0.253
2022	0615	0.251
2022	0616	0.236
2022	0617	0.239
2022	0618	0.307
2022	0619	0.242
2022	0620	0.295
2022	0621	0.238
2022	0622	0.24499999999999997
2022	0623	0.221
2022	0624	0.22399999999999998
2022	0625	0.21607160994082206
2022	0626	0.263
2022	0627	0.23131007716022972
2022	0628	0.23131007716022964
2022	0631	0.225
2022	0632	0.21600000000000003
2022	0633	0.263
2022	0701	0.23400000000000004
2022	0702	0.22649405473972034
2022	0704	0.2569725509074478
2022	0706	0.2567952459956968
2022	0709	0.2516130626284321
2022	0710	0.249
2022	0711	0.21702767901135664
2022	0712	0.251
2022	0713	0.23924597889719978
2022	0714	0.2063612498739674
2022	0715	0.22193882297697679
2022	0716	0.22277862276250518
2022	0719	0.22456588313793738
2022	0720	0.23080382433621335
2022	0722	0.2733701858318273
2022	0723	0.26595316528600255
2022	0728	0.2400807972579623
2022	0729	0.272
2022	0805	0.23799999999999996
2022	0806	0.23499999999999996
2022	0807	0.227
2022	0811	0.24100000000000002
2022	0814	0.237
2022	0815	0.237
2022	0817	0.219
2022	0819	0.233
2022	0821	0.2489310743866127
2022	0822	0.22620707589488875
2022	0826	0.23699999999999996
2022	0827	0.252
2022	0828	0.24399999999999997
2022	0829	0.231
2022	0830	0.22500000000000003
2022	0831	0.22599999999999998
2022	0833	0.232
2022	0834	0.237
2022	0901	0.246
2022	0904	0.24
2022	0906	0.23099999999999998
2022	0911	0.212
2022	0912	0.2
2022	0914	0.237
2022	0919	0.2
2022	0926	0.225
2022	0928	0.19600000000000004
2022	0929	0.243
2022	0935	0.197
2022	0937	0.236
2022	0938	0.224
2022	0940	0.22500000000000003
2022	0941	0.238
2022	1001	0.24178423465377066
2022	1002	0.23704123473036454
2022	1003	0.22800000000000004
2022	1004	0.22999999999999998
2022	1014	0.203
2022	1017	0.20994433544010535
2022	1018	0.22387429134608394
2022	1021	0.21012825611469
2022	1026	0.244
2022	1027	0.22599999999999998
2022	1029	0.23083054735751657
2022	1032	0.22599999999999998
2022	1034	0.209
2022	1037	0.214
2022	1046	0.252
2022	1101	0.217
2022	1102	0.24946459280467673
2022	1103	0.288
2022	1106	0.24799999999999997
2022	1108	0.249
2022	1111	0.22000000000000003
2022	1112	0.231
2022	1114	0.23799999999999996
2022	1119	0.231
2022	1120	0.229
2022	1121	0.23800000000000002
2022	1122	0.217
2022	1124	0.264
2022	1127	0.24899999999999997
2022	1129	0.218917907971451
2022	1130	0.219
2022	1133	0.252
2022	1134	0.219
2022	1135	0.216
2022	1141	0.2518062711304062
2022	1142	0.24561431364359285
2022	1144	0.239
2022	1145	0.23
2022	1146	0.222
2022	1149	0.214
2022	1151	0.279
2022	1160	0.24100000000000002
2022	1201	0.255
2022	1211	0.219
2022	1216	0.21099999999999997
2022	1219	0.223
2022	1221	0.214
2022	1222	0.20300000000000004
2022	1223	0.339
2022	1224	0.214
2022	1227	0.20561454098432622
2022	1228	0.22784314000965886
2022	1231	0.23228885981472536
2022	1232	0.27
2022	1233	0.213
2022	1234	0.18590239247953363
2022	1235	0.21899496496280138
2022	1238	0.214
2022	1241	0.219
2022	1242	0.201
2022	1243	0.21900000000000006
2022	1244	0.269
2022	1245	0.21962316262408546
2022	1246	0.2216288536069539
2022	1247	0.2
2022	1251	0.201
2022	1252	0.251
2022	1253	0.198
2022	1256	0.2125727066914155
2022	1259	0.2196231626240855
2022	1260	0.20249817082926314
2022	1263	0.21660252103627645
2022	1264	0.227
2022	1265	0.218
2022	1266	0.201
2022	1401	0.23401806745691361
2022	1411	0.209
2022	1412	0.27
2022	1413	0.222
2022	1416	0.218
2022	1417	0.22000000000000003
2022	1418	0.22290603765969327
2022	1419	0.2004199022817417
2022	1420	0.21215179900067294
2022	1421	0.228
2022	1422	0.201
2022	1424	0.199
2022	1426	0.20999999999999996
2022	1428	0.24700000000000003
2022	1429	0.26
2022	1430	0.1967945369047614
2022	1431	0.2185455120363403
2022	1432	0.22372431563909714
2022	1433	0.19783029762531276
2022	1438	0.218
2022	1439	0.23097887177565501
2022	1441	0.23613470749906101
2022	1443	0.20700795943750275
2022	1444	0.19456849631861195
2022	1445	0.211
2022	1449	0.211
2022	1502	0.23259064810363872
2022	1504	0.24596352595447152
2022	1505	0.234
2022	1506	0.232
2022	1507	0.237
2022	1508	0.23982614895946755
2022	1511	0.225
2022	1514	0.23000000000000004
2022	1515	0.24099999999999996
2022	1516	0.232
2022	1517	0.21800000000000003
2022	1519	0.22768653824518423
2022	1520	0.205
2022	1523	0.21819345044348282
2022	1524	0.23161513072839823
2022	1525	0.215
2022	1526	0.24087973595753417
2022	1528	0.206
2022	1529	0.19736589381024125
2022	1531	0.207
2022	1532	0.233
2022	1534	0.21224271997684235
2022	1535	0.224
2022	1539	0.21
2022	1543	0.21024569501071272
2022	1545	0.2559512808826067
2022	1546	0.26381571735439274
2022	1547	0.233
2022	1548	0.21807249163286763
2022	1551	0.21393841596210242
2022	1554	0.23400000000000004
2022	1557	0.21
2022	1560	0.22000000000000003
2022	1563	0.236
2022	1566	0.208
2022	1567	0.187
2022	1571	0.2149873616230153
2022	1573	0.237
2022	1576	0.23300000000000004
2022	1577	0.22399999999999998
2022	1578	0.235
2022	1579	0.217
2022	1580	0.2193281875099404
2022	1601	0.24599999999999997
2022	1612	0.20778682798013923
2022	1613	0.20470088499033523
2022	1617	0.23613128472125122
2022	1620	0.25
2022	1621	0.21742955379974305
2022	1622	0.22518902231259605
2022	1624	0.20770802061669227
2022	1627	0.2060943637912257
2022	1630	0.21255962880589
2022	1632	0.21453692767850296
2022	1633	0.226
2022	1634	0.23600000000000002
2022	1635	0.21199999999999997
2022	1636	0.2064232704532131
2022	1638	0.20746581222317878
2022	1640	0.204
2022	1644	0.194
2022	1648	0.20800000000000002
2022	1653	0.205
2022	1657	0.188
2022	1662	0.195442166755726
2022	1663	0.22
2022	1664	0.198
2022	1665	0.211
2022	1702	0.21760200684661113
2022	1703	0.21551878906558206
2022	1711	0.203
2022	1714	0.218
2022	1717	0.22500000000000003
2022	1718	0.20565150556108144
2022	1719	0.22
2022	1721	0.201
2022	1724	0.1915298769940218
2022	1725	0.20734746057020448
2022	1736	0.21
2022	1738	0.2
2022	1739	0.203
2022	1740	0.226
2022	1742	0.221
2022	1743	0.213
2022	1744	0.212
2022	1748	0.2236901175609595
2022	1749	0.23600000000000002
2022	1750	0.2662301129299819
2022	1751	0.2391558641574414
2022	1755	0.219
2022	1756	0.21
2022	1804	0.223
2022	1805	0.21543450163460806
2022	1806	0.21300000000000002
2022	1811	0.223
2022	1812	0.22
2022	1813	0.214
2022	1815	0.243
2022	1816	0.237
2022	1818	0.247
2022	1820	0.212
2022	1822	0.22900000000000004
2022	1824	0.197
2022	1825	0.209
2022	1826	0.20300000000000004
2022	1827	0.258
2022	1828	0.22
2022	1832	0.198
2022	1833	0.19699999999999998
2022	1834	0.261
2022	1835	0.276
2022	1836	0.213
2022	1837	0.215
2022	1838	0.224
2022	1839	0.225
2022	1840	0.194
2022	1841	0.201
2022	1845	0.203
2022	1848	0.236
2022	1849	0.2243639883702767
2022	1850	0.20093410248612487
2022	1851	0.231
2022	1852	0.20423074486318898
2022	1853	0.264
2022	1854	0.2040413308750856
2022	1856	0.251
2022	1857	0.275
2022	1859	0.249
2022	1860	0.23800000000000002
2022	1865	0.238
2022	1866	0.216
2022	1867	0.264
2022	1868	0.261
2022	1870	0.22200000000000003
2022	1871	0.23899999999999996
2022	1874	0.3
2022	1875	0.21800000000000003
2022	1901	
2022	1902	0.229
2022	1903	0.217
2022	1911	0.208
2022	1913	0.20957709944075936
2022	1915	
2022	1917	0.265
2022	1919	0.265
2022	1920	0.211
2022	1922	0.196
2022	1923	0.203
2022	1924	0.21
2022	1925	0.223
2022	1926	0.212
2022	1927	0.22645723764798598
2022	1928	0.26121579040325826
2022	1929	0.2759618430873131
2022	1931	0.22961710608028338
2022	1933	0.21399999999999997
2022	1936	0.251
2022	1938	0.228
2022	1939	0.209
2022	1940	0.21
2022	1941	0.245
2022	1942	0.215
2022	1943	0.219
2022	2002	0.254
2022	2003	0.222
2022	2004	0.23399999999999999
2022	2011	0.20400000000000001
2022	2012	0.222
2022	2014	0.252
2022	2015	0.259
2022	2017	0.234
2022	2018	0.247
2022	2019	0.254
2022	2020	0.209
2022	2021	0.222
2022	2022	0.264
2022	2023	0.297
2022	2024	0.282
2022	2025	0.228
2022	2027	0.263
2022	2028	0.235
2022	2030	0.207
2022	3001	0.222
2022	3002	0.244
2022	3003	0.229
2022	3004	0.24
2022	3005	0.243
2022	3006	0.238
2022	3007	0.229
2022	3011	0.251
2022	3012	0.222
2022	3013	0.235
2022	3014	0.222
2022	3015	0.217
2022	3016	0.237
2022	3017	0.262
2022	3018	0.212
2022	3019	0.229
2022	3020	0.244
2022	3021	0.244
2022	3022	0.267
2022	3023	0.24500000000000002
2022	3024	0.321
2022	3025	0.284
2022	3026	0.221
2022	3027	0.239
2022	3028	0.208
2022	3029	0.24400000000000002
2022	3030	0.23499999999999996
2022	3031	0.23300000000000004
2022	3032	0.243
2022	3033	0.232
2022	3034	0.215
2022	3035	0.214
2022	3036	0.218
2022	3037	0.213
2022	3038	0.253
2022	3039	0.251
2022	3040	0.236
2022	3041	0.239
2022	3042	0.307
2022	3043	0.242
2022	3044	0.295
2022	3045	0.238
2022	3046	0.24499999999999997
2022	3047	0.221
2022	3048	0.22399999999999998
2022	3049	0.263
2022	3050	0.225
2022	3051	0.21600000000000003
2022	3052	0.263
2022	3053	0.225
2022	3054	0.207
2022	3101	0.222
2022	3103	0.244
2022	3105	0.229
2022	3107	0.24
2022	3110	0.251
2022	3112	0.262
2022	3114	0.212
2022	3116	0.217
2022	3118	0.222
2022	3120	0.237
2022	3122	0.235
2022	3124	0.222
2022	3201	0.321
2022	3203	0.284
2022	3205	0.23499999999999996
2022	3207	0.244
2022	3209	0.232
2022	3212	0.24500000000000002
2022	3214	0.267
2022	3216	0.229
2022	3218	0.244
2022	3220	0.208
2022	3222	0.24400000000000002
2022	3224	0.239
2022	3226	0.221
2022	3228	0.215
2022	3230	0.243
2022	3232	0.23300000000000004
2022	3234	0.207
2022	3236	0.225
2022	3238	0.218
2022	3240	0.214
2022	3242	0.213
2022	3301	0.243
2022	3303	0.238
2022	3305	0.229
2022	3310	0.253
2022	3312	0.263
2022	3314	0.22399999999999998
2022	3316	0.221
2022	3318	0.24499999999999997
2022	3320	0.251
2022	3322	0.236
2022	3324	0.239
2022	3326	0.307
2022	3328	0.242
2022	3330	0.295
2022	3332	0.238
2022	3334	0.225
2022	3336	0.21600000000000003
2022	3338	0.263
2022	3401	0.233
2022	3403	0.242
2022	3405	0.228
2022	3407	0.22999999999999998
2022	3411	0.217
2022	3412	0.206
2022	3413	0.22300000000000003
2022	3414	0.21299999999999997
2022	3415	0.213
2022	3416	0.211
2022	3417	0.254
2022	3418	0.237
2022	3419	0.241
2022	3420	0.223
2022	3421	0.225
2022	3422	0.239
2022	3423	0.23500000000000001
2022	3424	0.226
2022	3425	0.21899999999999997
2022	3426	0.237
2022	3427	0.21600000000000003
2022	3428	0.21900000000000003
2022	3429	0.226
2022	3430	0.205
2022	3431	0.21200000000000002
2022	3432	0.213
2022	3433	0.203
2022	3434	0.192
2022	3435	0.21200000000000002
2022	3436	0.235
2022	3437	0.203
2022	3438	0.218
2022	3439	0.232
2022	3440	0.22399999999999998
2022	3441	0.215
2022	3442	0.217
2022	3443	0.20299999999999999
2022	3446	0.232
2022	3447	0.205
2022	3448	0.199
2022	3449	0.214
2022	3450	0.21300000000000002
2022	3451	0.215
2022	3452	0.222
2022	3453	0.233
2022	3454	0.224
2022	3801	0.23400000000000004
2022	3802	0.229
2022	3803	0.251
2022	3804	0.249
2022	3805	0.251
2022	3806	0.23799999999999996
2022	3807	0.23499999999999996
2022	3808	0.227
2022	3811	0.272
2022	3812	0.24100000000000002
2022	3813	0.237
2022	3814	0.237
2022	3815	0.219
2022	3816	0.233
2022	3817	0.24000000000000002
2022	3818	0.23699999999999996
2022	3819	0.252
2022	3820	0.24399999999999997
2022	3821	0.231
2022	3822	0.22500000000000003
2022	3823	0.22599999999999998
2022	3824	0.232
2022	3825	0.237
2022	3901	0.23400000000000004
2022	3903	0.229
2022	3905	0.251
2022	3907	0.249
2022	3909	0.251
2022	3911	0.272
2022	4001	0.23799999999999996
2022	4003	0.23499999999999996
2022	4005	0.227
2022	4010	0.24100000000000002
2022	4012	0.237
2022	4014	0.237
2022	4016	0.219
2022	4018	0.233
2022	4020	0.24000000000000002
2022	4022	0.24399999999999997
2022	4024	0.252
2022	4026	0.23699999999999996
2022	4028	0.231
2022	4030	0.22500000000000003
2022	4032	0.22599999999999998
2022	4034	0.232
2022	4036	0.237
2022	4201	0.246
2022	4202	0.24
2022	4203	0.23099999999999998
2022	4204	0.238
2022	4205	0.233
2022	4206	0.22800000000000004
2022	4207	0.22999999999999998
2022	4211	0.212
2022	4212	0.2
2022	4213	0.237
2022	4214	0.2
2022	4215	0.225
2022	4216	0.19600000000000004
2022	4217	0.243
2022	4218	0.197
2022	4219	0.236
2022	4220	0.224
2022	4221	0.22500000000000003
2022	4222	0.238
2022	4223	0.203
2022	4224	0.244
2022	4225	0.226
2022	4226	0.209
2022	4227	0.214
2022	4228	0.252
2022	4601	0.255
2022	4602	0.233
2022	4611	0.219
2022	4612	0.21099999999999997
2022	4613	0.223
2022	4614	0.214
2022	4615	0.20300000000000004
2022	4616	0.339
2022	4617	0.214
2022	4618	0.227
2022	4619	0.27
2022	4620	0.213
2022	4621	0.217
2022	4622	0.214
2022	4623	0.201
2022	4624	0.219
2022	4625	0.269
2022	4626	0.221
2022	4627	0.2
2022	4628	0.201
2022	4629	0.251
2022	4630	0.198
2022	4631	0.213
2022	4632	0.227
2022	4633	0.218
2022	4634	0.201
2022	4635	0.209
2022	4636	0.27
2022	4637	0.222
2022	4638	0.218
2022	4639	0.22000000000000003
2022	4640	0.21100000000000002
2022	4641	0.228
2022	4642	0.201
2022	4643	0.199
2022	4644	0.20999999999999996
2022	4645	0.24700000000000003
2022	4646	0.26
2022	4647	0.21599999999999997
2022	4648	0.218
2022	4649	0.216
2022	4650	0.211
2022	4651	0.211
2022	5001	0.24599999999999997
2022	5004	0.21760200684661113
2022	5005	0.21551878906558206
2022	5006	0.215
2022	5007	0.215
2022	5011	0.20778682798013923
2022	5012	0.20470088499033523
2022	5013	0.23613128472125122
2022	5014	0.25
2022	5015	0.21742955379974305
2022	5016	0.22518902231259605
2022	5017	0.2060943637912257
2022	5018	0.21255962880589
2022	5019	0.21453692767850296
2022	5020	0.226
2022	5021	0.23600000000000002
2022	5022	0.21199999999999997
2022	5023	0.2064232704532131
2022	5024	0.20746581222317878
2022	5025	0.204
2022	5026	0.194
2022	5027	0.20800000000000002
2022	5028	0.205
2022	5029	0.188
2022	5030	0.195442166755726
2022	5031	0.22
2022	5032	0.198
2022	5033	0.211
2022	5034	0.203
2022	5035	0.218
2022	5036	0.22500000000000003
2022	5037	0.22
2022	5038	0.201
2022	5039	0.1915298769940218
2022	5040	0.20734746057020448
2022	5041	0.21
2022	5042	0.2
2022	5043	0.203
2022	5044	0.226
2022	5045	0.221
2022	5046	0.213
2022	5047	0.212
2022	5048	0.2236901175609595
2022	5049	0.23600000000000002
2022	5050	0.2662301129299819
2022	5051	0.2391558641574414
2022	5052	0.219
2022	5053	0.21
2022	5054	0.207
2022	5055	0.20899999999999996
2022	5056	0.23299999999999998
2022	5057	0.212
2022	5058	0.213
2022	5059	0.209
2022	5060	0.252
2022	5061	0.187
2022	5401	0.229
2022	5402	0.217
2022	5403	0.222
2022	5404	0.254
2022	5405	0.222
2022	5406	0.23399999999999999
2022	5411	0.208
2022	5412	0.208
2022	5413	0.265
2022	5414	0.265
2022	5415	0.211
2022	5416	0.196
2022	5417	0.203
2022	5418	0.21
2022	5419	0.223
2022	5420	0.212
2022	5421	0.234
2022	5422	0.21399999999999997
2022	5423	0.251
2022	5424	0.228
2022	5425	0.209
2022	5426	0.21
2022	5427	0.245
2022	5428	0.215
2022	5429	0.219
2022	5430	0.20400000000000001
2022	5432	0.252
2022	5433	0.259
2022	5434	0.247
2022	5435	0.254
2022	5436	0.209
2022	5437	0.222
2022	5438	0.264
2022	5439	0.297
2022	5440	0.282
2022	5441	0.228
2022	5442	0.263
2022	5443	0.235
2022	5444	0.207
2022	5501	0.229
2022	5503	0.217
2022	5510	0.208
2022	5512	0.208
2022	5514	0.265
2022	5516	0.265
2022	5518	0.211
2022	5520	0.196
2022	5522	0.203
2022	5524	0.21
2022	5526	0.223
2022	5528	0.212
2022	5530	0.234
2022	5532	0.21399999999999997
2022	5534	0.251
2022	5536	0.228
2022	5538	0.209
2022	5540	0.21
2022	5542	0.245
2022	5544	0.215
2022	5546	0.219
2022	5601	0.222
2022	5603	0.23399999999999999
2022	5605	0.207
2022	5607	0.222
2022	5610	0.222
2022	5612	0.20400000000000001
2022	5614	0.252
2022	5616	0.259
2022	5618	0.247
2022	5620	0.254
2022	5622	0.209
2022	5624	0.264
2022	5626	0.297
2022	5628	0.228
2022	5630	0.282
2022	5632	0.235
2022	5634	0.254
2022	5636	0.263
2023	0101	0.216
2023	0104	0.24933392445477914
2023	0105	0.222
2023	0106	0.236
2023	0111	0.238
2023	0118	0.22599999999999998
2023	0119	0.224
2023	0121	0.19998749191287477
2023	0122	0.21519561936853562
2023	0123	0.21616935520278235
2023	0124	0.21909056270552266
2023	0125	0.2298016568822371
2023	0127	0.21399999999999997
2023	0128	0.226
2023	0135	0.217
2023	0136	0.24529612810733328
2023	0137	0.207
2023	0138	0.20351078935757433
2023	0211	0.23
2023	0213	0.23087296478042874
2023	0214	0.235
2023	0215	0.268
2023	0216	0.241
2023	0217	0.24177254680868931
2023	0219	0.311
2023	0220	0.3027634946004758
2023	0221	0.2166531162389476
2023	0226	0.21187596448958854
2023	0227	0.22548267780543368
2023	0228	0.23
2023	0229	0.211
2023	0230	0.237
2023	0231	0.23228603446335622
2023	0233	0.222
2023	0234	0.235
2023	0235	0.231
2023	0236	0.205
2023	0237	0.21100000000000002
2023	0238	0.21200000000000002
2023	0239	0.216
2023	0301	0.307
2023	0402	0.22800000000000004
2023	0403	0.24
2023	0412	0.211
2023	0415	0.205
2023	0417	0.22100000000000003
2023	0418	0.197
2023	0419	0.209
2023	0420	0.225
2023	0423	0.275
2023	0425	0.229
2023	0426	0.233
2023	0427	0.221
2023	0428	0.222
2023	0429	0.273
2023	0430	0.219
2023	0432	0.24299999999999997
2023	0434	0.198
2023	0436	0.23
2023	0437	0.213
2023	0438	0.22999999999999998
2023	0439	0.201
2023	0441	0.204
2023	0501	0.228
2023	0502	0.228
2023	0511	0.219
2023	0512	0.208
2023	0513	0.199
2023	0514	0.192
2023	0515	0.202
2023	0516	0.21999999999999997
2023	0517	0.199
2023	0519	0.223
2023	0520	0.221
2023	0521	0.21
2023	0522	0.21100000000000002
2023	0528	0.22
2023	0529	0.194
2023	0532	0.218
2023	0533	0.206
2023	0534	0.227
2023	0536	0.21000000000000002
2023	0538	0.20200000000000004
2023	0540	0.211
2023	0541	0.212
2023	0542	0.213
2023	0543	0.218
2023	0544	0.225
2023	0545	0.217
2023	0602	0.2521189548965344
2023	0604	0.231
2023	0605	0.236
2023	0612	0.259
2023	0615	0.26
2023	0616	0.227
2023	0617	0.23100000000000004
2023	0618	0.275
2023	0619	0.218
2023	0620	0.289
2023	0621	0.26
2023	0622	0.24300000000000002
2023	0623	0.216
2023	0624	0.212
2023	0625	0.21340405920081187
2023	0626	0.251
2023	0627	0.22479430033881484
2023	0628	0.22479430033881487
2023	0631	0.219
2023	0632	0.219
2023	0633	0.24600000000000002
2023	0701	0.227
2023	0702	0.217592541671347
2023	0704	0.24468701062502007
2023	0706	0.2547326335780607
2023	0709	0.23356909797778758
2023	0710	0.247
2023	0711	0.21434832494948802
2023	0712	0.233
2023	0713	0.22984329850385998
2023	0714	0.19825098241167172
2023	0715	0.2132163364844318
2023	0716	0.21212785195314238
2023	0719	0.2227621411047009
2023	0720	0.2289499783576092
2023	0722	0.26130973645689376
2023	0723	0.25421993740573773
2023	0728	0.22286384765380568
2023	0729	0.26
2023	0805	0.228
2023	0806	0.228
2023	0807	0.22300000000000003
2023	0811	0.193
2023	0814	0.22600000000000003
2023	0815	0.229
2023	0817	0.22
2023	0819	0.21699999999999997
2023	0821	0.2478938615766685
2023	0822	0.22526454641199345
2023	0826	0.222
2023	0827	0.239
2023	0828	0.228
2023	0829	0.225
2023	0830	0.22300000000000003
2023	0831	0.226
2023	0833	0.22
2023	0834	0.239
2023	0901	0.231
2023	0904	0.23100000000000004
2023	0906	0.23
2023	0911	0.207
2023	0912	0.2
2023	0914	0.221
2023	0919	0.19899999999999998
2023	0926	0.223
2023	0928	0.194
2023	0929	0.218
2023	0935	0.197
2023	0937	0.218
2023	0938	0.234
2023	0940	0.218
2023	0941	0.243
2023	1001	0.24076833450816654
2023	1002	0.228902479889837
2023	1003	0.215
2023	1004	0.227
2023	1014	0.198
2023	1017	0.20906221638363426
2023	1018	0.2229336430631172
2023	1021	0.2029135520420826
2023	1026	0.237
2023	1027	0.21399999999999994
2023	1029	0.2229050350018937
2023	1032	0.21399999999999994
2023	1034	0.228
2023	1037	0.21300000000000002
2023	1046	0.251
2023	1101	0.215
2023	1102	0.23844406862455045
2023	1103	0.281
2023	1106	0.24500000000000002
2023	1108	0.238
2023	1111	0.212
2023	1112	0.236
2023	1114	0.235
2023	1119	0.22200000000000003
2023	1120	0.22700000000000004
2023	1121	0.226
2023	1122	0.212
2023	1124	0.258
2023	1127	0.241
2023	1129	0.20924683573174832
2023	1130	0.225
2023	1133	0.259
2023	1134	0.217
2023	1135	0.215
2023	1141	0.24733844963747315
2023	1142	0.2412563566136007
2023	1144	0.268
2023	1145	0.227
2023	1146	0.214
2023	1149	0.213
2023	1151	0.251
2023	1160	0.24499999999999997
2023	1201	0.252
2023	1211	0.235
2023	1216	0.211
2023	1219	0.22500000000000003
2023	1221	0.214
2023	1222	0.196
2023	1223	0.22300000000000003
2023	1224	0.211
2023	1227	0.20289716819598716
2023	1228	0.22483199719014793
2023	1231	0.22921896298898015
2023	1232	0.204
2023	1233	0.218
2023	1234	0.18247562026792935
2023	1235	0.21495819141509998
2023	1238	0.209
2023	1241	0.21899999999999997
2023	1242	0.203
2023	1243	0.21900000000000003
2023	1244	0.271
2023	1245	0.22161070255733512
2023	1246	0.2236345445898222
2023	1247	0.195
2023	1251	0.205
2023	1252	0.281
2023	1253	0.2
2023	1256	0.20858073097890062
2023	1259	0.22161070255733512
2023	1260	0.19869538827847882
2023	1263	0.21253486805906935
2023	1264	0.214
2023	1265	0.217
2023	1266	0.203
2023	1401	0.24004428378627615
2023	1411	0.207
2023	1412	0.246
2023	1413	0.223
2023	1416	0.212
2023	1417	0.207
2023	1418	0.21868033078462795
2023	1419	0.1966204728545997
2023	1420	0.20812996394852748
2023	1421	0.236
2023	1422	0.205
2023	1424	0.20300000000000004
2023	1426	0.22
2023	1428	0.24
2023	1429	0.269
2023	1430	0.19132802199074025
2023	1431	0.21247480336866414
2023	1432	0.2175097513157889
2023	1433	0.19233501158016514
2023	1438	0.208
2023	1439	0.23692682555528558
2023	1441	0.22629576135326676
2023	1443	0.19838262779427346
2023	1444	0.18935684016722057
2023	1445	0.221
2023	1449	0.224
2023	1502	0.22256518913365428
2023	1504	0.24077442203138144
2023	1505	0.227
2023	1506	0.222
2023	1507	0.232
2023	1508	0.23476652556369826
2023	1511	0.224
2023	1514	0.22
2023	1515	0.257
2023	1516	0.228
2023	1517	0.224
2023	1519	0.2215877916850453
2023	1520	0.206
2023	1523	0.2135902130923545
2023	1524	0.20106164539826912
2023	1525	0.222
2023	1526	0.20910411121419986
2023	1528	0.213
2023	1529	0.19320205638808424
2023	1531	0.205
2023	1532	0.22
2023	1534	0.20776502546256298
2023	1535	0.224
2023	1539	0.21499999999999997
2023	1543	0.2011833805705958
2023	1545	0.24491889808594264
2023	1546	0.2582499849207558
2023	1547	0.224
2023	1548	0.21204283748633668
2023	1551	0.20802306805531617
2023	1554	0.235
2023	1557	0.22100000000000003
2023	1560	0.215
2023	1563	0.244
2023	1566	0.22000000000000003
2023	1567	0.187
2023	1571	0.22630248591896354
2023	1573	0.226
2023	1576	0.22700000000000004
2023	1577	0.21800000000000003
2023	1578	0.204
2023	1579	0.211
2023	1580	0.21470101055825394
2023	1601	0.242
2023	1612	0.21872297682119926
2023	1613	0.21547461577930027
2023	1617	0.23117271741569997
2023	1620	0.269
2023	1621	0.21230149828559816
2023	1622	0.22223897940946838
2023	1624	0.20570117983778702
2023	1627	0.20123364766407412
2023	1630	0.20856789868746953
2023	1632	0.2105080651868879
2023	1633	0.224
2023	1634	0.217
2023	1635	0.204
2023	1636	0.2037190644586794
2023	1638	0.20474794862261209
2023	1640	0.214
2023	1644	0.189
2023	1648	0.2
2023	1653	0.205
2023	1657	0.184
2023	1662	0.19335946399821977
2023	1663	0.213
2023	1664	0.19
2023	1665	0.21099999999999997
2023	1702	0.21658990448918508
2023	1703	0.21351396312078594
2023	1711	0.206
2023	1714	0.212
2023	1717	0.21600000000000003
2023	1718	0.20366453449285843
2023	1719	0.22300000000000003
2023	1721	0.202
2023	1724	0.19063904035684032
2023	1725	0.20541864698350487
2023	1736	0.214
2023	1738	0.20299999999999999
2023	1739	0.207
2023	1740	0.233
2023	1742	0.216
2023	1743	0.21199999999999997
2023	1744	0.22000000000000003
2023	1748	0.2216092792580668
2023	1749	0.235
2023	1750	0.27151245644049743
2023	1751	0.2439010201923113
2023	1755	0.216
2023	1756	0.215
2023	1804	0.221
2023	1805	0.21138878329405209
2023	1806	0.20900000000000002
2023	1811	0.215
2023	1812	0.221
2023	1813	0.213
2023	1815	0.21800000000000003
2023	1816	0.242
2023	1818	0.257
2023	1820	0.218
2023	1822	0.223
2023	1824	0.199
2023	1825	0.199
2023	1826	0.20100000000000004
2023	1827	0.293
2023	1828	0.247
2023	1832	0.194
2023	1833	0.197
2023	1834	0.3
2023	1835	0.27
2023	1836	0.222
2023	1837	0.211
2023	1838	0.214
2023	1839	0.232
2023	1840	0.21
2023	1841	0.198
2023	1845	0.20199999999999999
2023	1848	0.225
2023	1849	0.2302322568018515
2023	1850	0.1971606921107986
2023	1851	0.237
2023	1852	0.19146632330923968
2023	1853	0.195
2023	1854	0.20020956879292442
2023	1856	0.218
2023	1857	0.289
2023	1859	0.246
2023	1860	0.22600000000000003
2023	1865	0.24500000000000002
2023	1866	0.213
2023	1867	0.266
2023	1868	0.258
2023	1870	0.22400000000000003
2023	1871	0.224
2023	1874	0.303
2023	1875	0.215
2023	1901	
2023	1902	0.22399999999999998
2023	1903	0.217
2023	1911	0.202
2023	1913	0.19647853072571198
2023	1915	
2023	1917	0.24600000000000002
2023	1919	0.285
2023	1920	0.206
2023	1922	0.196
2023	1923	0.207
2023	1924	0.19900000000000004
2023	1925	0.216
2023	1926	0.21
2023	1927	0.2216184077837128
2023	1928	0.2556342564202827
2023	1929	0.2700652225085244
2023	1931	0.2247107576597645
2023	1933	0.21299999999999997
2023	1936	0.23900000000000002
2023	1938	0.21800000000000003
2023	1939	0.207
2023	1940	0.21
2023	1941	0.244
2023	1942	0.213
2023	1943	0.22
2023	2002	0.257
2023	2003	0.214
2023	2004	0.23
2023	2011	0.194
2023	2012	0.214
2023	2014	0.272
2023	2015	0.246
2023	2017	0.23
2023	2018	0.24899999999999997
2023	2019	0.251
2023	2020	0.21
2023	2021	0.215
2023	2022	0.252
2023	2023	0.284
2023	2024	0.28
2023	2025	0.221
2023	2027	0.26
2023	2028	0.232
2023	2030	0.21
2023	3001	0.216
2023	3002	0.248
2023	3003	0.222
2023	3004	0.236
2023	3005	0.24
2023	3006	0.231
2023	3007	0.236
2023	3011	0.238
2023	3012	0.22599999999999998
2023	3013	0.224
2023	3014	0.219
2023	3015	0.21399999999999997
2023	3016	0.226
2023	3017	0.217
2023	3018	0.207
2023	3019	0.23
2023	3020	0.236
2023	3021	0.235
2023	3022	0.268
2023	3023	0.241
2023	3024	0.311
2023	3025	0.276
2023	3026	0.216
2023	3027	0.23
2023	3028	0.211
2023	3029	0.237
2023	3030	0.22700000000000004
2023	3031	0.222
2023	3032	0.235
2023	3033	0.231
2023	3034	0.205
2023	3035	0.21100000000000002
2023	3036	0.21200000000000002
2023	3037	0.216
2023	3038	0.259
2023	3039	0.26
2023	3040	0.227
2023	3041	0.23100000000000004
2023	3042	0.275
2023	3043	0.218
2023	3044	0.289
2023	3045	0.26
2023	3046	0.24300000000000002
2023	3047	0.216
2023	3048	0.212
2023	3049	0.251
2023	3050	0.219
2023	3051	0.219
2023	3052	0.24600000000000002
2023	3053	0.218
2023	3054	0.206
2023	3101	0.216
2023	3103	0.248
2023	3105	0.222
2023	3107	0.236
2023	3110	0.238
2023	3112	0.217
2023	3114	0.207
2023	3116	0.21399999999999997
2023	3118	0.219
2023	3120	0.226
2023	3122	0.224
2023	3124	0.22599999999999998
2023	3201	0.311
2023	3203	0.276
2023	3205	0.22700000000000004
2023	3207	0.236
2023	3209	0.231
2023	3212	0.241
2023	3214	0.268
2023	3216	0.23
2023	3218	0.235
2023	3220	0.211
2023	3222	0.237
2023	3224	0.23
2023	3226	0.216
2023	3228	0.205
2023	3230	0.235
2023	3232	0.222
2023	3234	0.206
2023	3236	0.218
2023	3238	0.21200000000000002
2023	3240	0.21100000000000002
2023	3242	0.216
2023	3301	0.24
2023	3303	0.231
2023	3305	0.236
2023	3310	0.259
2023	3312	0.251
2023	3314	0.212
2023	3316	0.216
2023	3318	0.24300000000000002
2023	3320	0.26
2023	3322	0.227
2023	3324	0.23100000000000004
2023	3326	0.275
2023	3328	0.218
2023	3330	0.289
2023	3332	0.26
2023	3334	0.219
2023	3336	0.219
2023	3338	0.24600000000000002
2023	3401	0.22800000000000004
2023	3403	0.24
2023	3405	0.228
2023	3407	0.228
2023	3411	0.211
2023	3412	0.205
2023	3413	0.22100000000000003
2023	3414	0.197
2023	3415	0.209
2023	3416	0.225
2023	3417	0.275
2023	3418	0.229
2023	3419	0.233
2023	3420	0.221
2023	3421	0.222
2023	3422	0.273
2023	3423	0.219
2023	3424	0.24299999999999997
2023	3425	0.198
2023	3426	0.23
2023	3427	0.213
2023	3428	0.22999999999999998
2023	3429	0.201
2023	3430	0.204
2023	3431	0.219
2023	3432	0.208
2023	3433	0.199
2023	3434	0.192
2023	3435	0.202
2023	3436	0.21999999999999997
2023	3437	0.199
2023	3438	0.223
2023	3439	0.221
2023	3440	0.21
2023	3441	0.21100000000000002
2023	3442	0.22
2023	3443	0.194
2023	3446	0.227
2023	3447	0.21000000000000002
2023	3448	0.20200000000000004
2023	3449	0.211
2023	3450	0.212
2023	3451	0.213
2023	3452	0.218
2023	3453	0.225
2023	3454	0.217
2023	3801	0.227
2023	3802	0.22
2023	3803	0.239
2023	3804	0.247
2023	3805	0.233
2023	3806	0.228
2023	3807	0.228
2023	3808	0.22300000000000003
2023	3811	0.26
2023	3812	0.193
2023	3813	0.22600000000000003
2023	3814	0.229
2023	3815	0.22
2023	3816	0.21699999999999997
2023	3817	0.239
2023	3818	0.222
2023	3819	0.239
2023	3820	0.228
2023	3821	0.225
2023	3822	0.22300000000000003
2023	3823	0.226
2023	3824	0.22
2023	3825	0.239
2023	3901	0.227
2023	3903	0.22
2023	3905	0.239
2023	3907	0.247
2023	3909	0.233
2023	3911	0.26
2023	4001	0.228
2023	4003	0.228
2023	4005	0.22300000000000003
2023	4010	0.193
2023	4012	0.22600000000000003
2023	4014	0.229
2023	4016	0.22
2023	4018	0.21699999999999997
2023	4020	0.239
2023	4022	0.228
2023	4024	0.239
2023	4026	0.222
2023	4028	0.225
2023	4030	0.22300000000000003
2023	4032	0.226
2023	4034	0.22
2023	4036	0.239
2023	4201	0.231
2023	4202	0.23100000000000004
2023	4203	0.23
2023	4204	0.237
2023	4205	0.22500000000000003
2023	4206	0.215
2023	4207	0.227
2023	4211	0.207
2023	4212	0.2
2023	4213	0.221
2023	4214	0.19899999999999998
2023	4215	0.223
2023	4216	0.194
2023	4217	0.218
2023	4218	0.197
2023	4219	0.218
2023	4220	0.234
2023	4221	0.218
2023	4222	0.243
2023	4223	0.198
2023	4224	0.237
2023	4225	0.214
2023	4226	0.228
2023	4227	0.21300000000000002
2023	4228	0.251
2023	4601	0.252
2023	4602	0.239
2023	4611	0.235
2023	4612	0.211
2023	4613	0.22500000000000003
2023	4614	0.214
2023	4615	0.196
2023	4616	0.22300000000000003
2023	4617	0.211
2023	4618	0.224
2023	4619	0.204
2023	4620	0.218
2023	4621	0.213
2023	4622	0.209
2023	4623	0.203
2023	4624	0.219
2023	4625	0.271
2023	4626	0.223
2023	4627	0.195
2023	4628	0.205
2023	4629	0.281
2023	4630	0.2
2023	4631	0.209
2023	4632	0.214
2023	4633	0.217
2023	4634	0.203
2023	4635	0.207
2023	4636	0.246
2023	4637	0.223
2023	4638	0.212
2023	4639	0.207
2023	4640	0.207
2023	4641	0.236
2023	4642	0.205
2023	4643	0.20300000000000004
2023	4644	0.22
2023	4645	0.24
2023	4646	0.269
2023	4647	0.21
2023	4648	0.208
2023	4649	0.207
2023	4650	0.221
2023	4651	0.224
2023	5001	0.242
2023	5004	0.21658990448918508
2023	5005	0.21351396312078594
2023	5006	0.214
2023	5007	0.21299999999999997
2023	5011	0.21872297682119926
2023	5012	0.21547461577930027
2023	5013	0.23117271741569997
2023	5014	0.269
2023	5015	0.21230149828559816
2023	5016	0.22223897940946838
2023	5017	0.20123364766407412
2023	5018	0.20856789868746953
2023	5019	0.2105080651868879
2023	5020	0.224
2023	5021	0.217
2023	5022	0.204
2023	5023	0.2037190644586794
2023	5024	0.20474794862261209
2023	5025	0.214
2023	5026	0.189
2023	5027	0.2
2023	5028	0.205
2023	5029	0.184
2023	5030	0.19335946399821977
2023	5031	0.213
2023	5032	0.19
2023	5033	0.21099999999999997
2023	5034	0.206
2023	5035	0.212
2023	5036	0.21600000000000003
2023	5037	0.22300000000000003
2023	5038	0.202
2023	5039	0.19063904035684032
2023	5040	0.20541864698350487
2023	5041	0.214
2023	5042	0.20299999999999999
2023	5043	0.207
2023	5044	0.233
2023	5045	0.216
2023	5046	0.21199999999999997
2023	5047	0.22000000000000003
2023	5048	0.2216092792580668
2023	5049	0.235
2023	5050	0.27151245644049743
2023	5051	0.2439010201923113
2023	5052	0.216
2023	5053	0.215
2023	5054	0.205
2023	5055	0.21999999999999997
2023	5056	0.226
2023	5057	0.20699999999999996
2023	5058	0.209
2023	5059	0.206
2023	5060	0.257
2023	5061	0.187
2023	5401	0.22399999999999998
2023	5402	0.217
2023	5403	0.214
2023	5404	0.257
2023	5405	0.214
2023	5406	0.23
2023	5411	0.202
2023	5412	0.195
2023	5413	0.24600000000000002
2023	5414	0.285
2023	5415	0.206
2023	5416	0.196
2023	5417	0.207
2023	5418	0.19900000000000004
2023	5419	0.216
2023	5420	0.21
2023	5421	0.22900000000000004
2023	5422	0.21299999999999997
2023	5423	0.23900000000000002
2023	5424	0.21800000000000003
2023	5425	0.207
2023	5426	0.21
2023	5427	0.244
2023	5428	0.213
2023	5429	0.22
2023	5430	0.194
2023	5432	0.272
2023	5433	0.246
2023	5434	0.24899999999999997
2023	5435	0.251
2023	5436	0.21
2023	5437	0.215
2023	5438	0.252
2023	5439	0.284
2023	5440	0.28
2023	5441	0.221
2023	5442	0.26
2023	5443	0.232
2023	5444	0.21
2023	5501	0.22399999999999998
2023	5503	0.217
2023	5510	0.202
2023	5512	0.195
2023	5514	0.24600000000000002
2023	5516	0.285
2023	5518	0.206
2023	5520	0.196
2023	5522	0.207
2023	5524	0.19900000000000004
2023	5526	0.216
2023	5528	0.21
2023	5530	0.22900000000000004
2023	5532	0.21299999999999997
2023	5534	0.23900000000000002
2023	5536	0.21800000000000003
2023	5538	0.207
2023	5540	0.21
2023	5542	0.244
2023	5544	0.213
2023	5546	0.22
2023	5601	0.214
2023	5603	0.23
2023	5605	0.21
2023	5607	0.214
2023	5610	0.215
2023	5612	0.194
2023	5614	0.272
2023	5616	0.246
2023	5618	0.24899999999999997
2023	5620	0.251
2023	5622	0.21
2023	5624	0.252
2023	5626	0.284
2023	5628	0.221
2023	5630	0.28
2023	5632	0.232
2023	5634	0.257
2023	5636	0.26
2024	0101	0.218
2024	0104	0.24129089463365727
2024	0105	0.221
2024	0106	0.235
2024	0111	0.233
2024	0118	0.21999999999999997
2024	0119	0.237
2024	0121	0.20646856803968094
2024	0122	0.21126510577276328
2024	0123	0.21222105647761735
2024	0124	0.2150889085921798
2024	0125	0.22560436634557526
2024	0127	0.209
2024	0128	0.221
2024	0135	0.212
2024	0136	0.23738334978129025
2024	0137	0.206
2024	0138	0.1997936973145136
2024	0211	0.23099999999999998
2024	0213	0.2328295153294154
2024	0214	0.234
2024	0215	0.269
2024	0216	0.23900000000000002
2024	0217	0.24382146669689853
2024	0219	0.312
2024	0220	0.3005695562338057
2024	0221	0.2236742820429876
2024	0226	0.2146760873683055
2024	0227	0.22846262508920592
2024	0228	0.229
2024	0229	0.21
2024	0230	0.239
2024	0231	0.23535589394965603
2024	0233	0.22
2024	0234	0.239
2024	0235	0.23000000000000004
2024	0236	0.20899999999999996
2024	0237	0.205
2024	0238	0.214
2024	0239	0.211
2024	0301	0.309
2024	0402	0.228
2024	0403	0.238
2024	0412	0.216
2024	0415	0.203
2024	0417	0.223
2024	0418	0.208
2024	0419	0.209
2024	0420	0.23
2024	0423	0.24600000000000002
2024	0425	0.239
2024	0426	0.239
2024	0427	0.225
2024	0428	0.22
2024	0429	0.238
2024	0430	0.22900000000000004
2024	0432	0.249
2024	0434	0.212
2024	0436	0.23
2024	0437	0.21
2024	0438	0.209
2024	0439	0.226
2024	0441	0.221
2024	0501	0.228
2024	0502	0.23
2024	0511	0.23499999999999996
2024	0512	0.214
2024	0513	0.199
2024	0514	0.194
2024	0515	0.204
2024	0516	0.22600000000000003
2024	0517	0.204
2024	0519	0.221
2024	0520	0.214
2024	0521	0.212
2024	0522	0.201
2024	0528	0.22
2024	0529	0.196
2024	0532	0.20300000000000004
2024	0533	0.208
2024	0534	0.231
2024	0536	0.211
2024	0538	0.206
2024	0540	0.213
2024	0541	0.208
2024	0542	0.212
2024	0543	0.218
2024	0544	0.22600000000000003
2024	0545	0.221
2024	0602	0.2531694505419366
2024	0604	0.238
2024	0605	0.225
2024	0612	0.256
2024	0615	0.256
2024	0616	0.225
2024	0617	0.23700000000000002
2024	0618	0.273
2024	0619	0.21899999999999997
2024	0620	0.266
2024	0621	0.241
2024	0622	0.23899999999999996
2024	0623	0.222
2024	0624	0.22299999999999998
2024	0625	0.21429324278081524
2024	0626	0.257
2024	0627	0.22316535613346106
2024	0628	0.22316535613346103
2024	0631	0.214
2024	0632	0.218
2024	0633	0.233
2024	0701	0.228
2024	0702	0.20968008561057086
2024	0704	0.2446870106250201
2024	0706	0.25370132736924256
2024	0709	0.2295593280554221
2024	0710	0.246
2024	0711	0.21524144297011083
2024	0712	0.229
2024	0713	0.22148536037644698
2024	0714	0.19104185577852004
2024	0715	0.20546301515772522
2024	0716	0.21212785195314238
2024	0719	0.22186027008808268
2024	0720	0.22802305536830714
2024	0722	0.2582946241131604
2024	0723	0.25128663043567157
2024	0728	0.219037858852882
2024	0729	0.257
2024	0805	0.229
2024	0806	0.225
2024	0807	0.222
2024	0811	0.196
2024	0814	0.222
2024	0815	0.228
2024	0817	0.217
2024	0819	0.22099999999999997
2024	0821	0.2468566487667243
2024	0822	0.22432201692909806
2024	0826	0.227
2024	0827	0.255
2024	0828	0.225
2024	0829	0.22799999999999998
2024	0830	0.224
2024	0831	0.216
2024	0833	0.222
2024	0834	0.229
2024	0901	0.232
2024	0904	0.22899999999999998
2024	0906	0.225
2024	0911	0.21199999999999997
2024	0912	0.198
2024	0914	0.211
2024	0919	0.20400000000000001
2024	0926	0.23299999999999998
2024	0928	0.189
2024	0929	0.217
2024	0935	0.19199999999999998
2024	0937	0.221
2024	0938	0.218
2024	0940	0.211
2024	0941	0.27
2024	1001	0.2377206340713543
2024	1002	0.2268677911797051
2024	1003	0.212
2024	1004	0.229
2024	1014	0.197
2024	1017	0.20641585921422118
2024	1018	0.22011169821421694
2024	1021	0.20110987602393077
2024	1026	0.227
2024	1027	0.21400000000000002
2024	1029	0.22092365691298796
2024	1032	0.214
2024	1034	0.21399999999999997
2024	1037	0.209
2024	1046	0.228
2024	1101	0.216
2024	1102	0.2364403369554366
2024	1103	0.281
2024	1106	0.247
2024	1108	0.236
2024	1111	0.208
2024	1112	0.23
2024	1114	0.227
2024	1119	0.23
2024	1120	0.227
2024	1121	0.22800000000000004
2024	1122	0.207
2024	1124	0.255
2024	1127	0.24899999999999997
2024	1129	0.2074884589608933
2024	1130	0.215
2024	1133	0.24799999999999997
2024	1134	0.218
2024	1135	0.205
2024	1141	0.2488584209508495
2024	1142	0.24273895158320552
2024	1144	0.24
2024	1145	0.215
2024	1146	0.21800000000000003
2024	1149	0.21
2024	1151	0.241
2024	1160	0.24299999999999997
2024	1201	0.251
2024	1211	0.215
2024	1216	0.21199999999999997
2024	1219	0.22
2024	1221	0.21300000000000002
2024	1222	0.204
2024	1223	0.266
2024	1224	0.203
2024	1227	0.1956508407604162
2024	1228	0.21680228300478552
2024	1231	0.2210325714536594
2024	1232	0.203
2024	1233	0.207
2024	1234	0.17819215500342397
2024	1235	0.20991222448047325
2024	1238	0.22
2024	1241	0.22
2024	1242	0.205
2024	1243	0.22000000000000003
2024	1244	0.28
2024	1245	0.2235982424905848
2024	1246	0.2256402355726906
2024	1247	0.19300000000000003
2024	1251	0.202
2024	1252	0.238
2024	1253	0.201
2024	1256	0.2075827370507719
2024	1259	0.22359824249058483
2024	1260	0.19774469264078276
2024	1263	0.2115179548147676
2024	1264	0.22000000000000003
2024	1265	0.231
2024	1266	0.194
2024	1401	0.2350224368451407
2024	1411	0.216
2024	1412	0.242
2024	1413	0.238
2024	1416	0.216
2024	1417	0.208
2024	1418	0.21868033078462798
2024	1419	0.19662047285459971
2024	1420	0.20812996394852745
2024	1421	0.24
2024	1422	0.217
2024	1424	0.194
2024	1426	0.20100000000000004
2024	1428	0.243
2024	1429	0.251
2024	1430	0.1895058503527332
2024	1431	0.21045123381277206
2024	1432	0.2154382298746861
2024	1433	0.190503249565116
2024	1438	0.21199999999999997
2024	1439	0.2319701974055934
2024	1441	0.2295754100685315
2024	1443	0.20125773834201655
2024	1444	0.19630571503574243
2024	1445	0.22800000000000004
2024	1449	0.21499999999999997
2024	1502	0.23459573989763563
2024	1504	0.23998828035667474
2024	1505	0.229
2024	1506	0.234
2024	1507	0.23124250729378482
2024	1508	0.234
2024	1511	0.229
2024	1514	0.258
2024	1515	0.253
2024	1516	0.231
2024	1517	0.21599999999999997
2024	1519	0.22971945376523054
2024	1520	0.20899999999999996
2024	1523	0.21289282934866308
2024	1524	0.20106164539826912
2024	1525	0.223
2024	1526	0.20910411121419986
2024	1528	0.208
2024	1529	0.19257124109265428
2024	1531	0.208
2024	1532	0.215
2024	1534	0.2070866612755177
2024	1535	0.236
2024	1539	0.214
2024	1543	0.21205815789873614
2024	1545	0.2581577574419396
2024	1546	0.2574067845761107
2024	1547	0.225
2024	1548	0.21103789512858154
2024	1551	0.20703717673751845
2024	1554	0.238
2024	1557	0.22400000000000003
2024	1560	0.21
2024	1563	0.225
2024	1566	0.21099999999999997
2024	1567	0.182
2024	1571	0.22733113358223156
2024	1573	0.229
2024	1576	0.229
2024	1577	0.226
2024	1578	0.204
2024	1579	0.21
2024	1580	0.214
2024	1601	0.24499999999999997
2024	1612	0.21971717217038653
2024	1613	0.21645404585102437
2024	1617	0.22854993191245415
2024	1620	0.268
2024	1621	0.21332710938842714
2024	1622	0.21834075455880636
2024	1624	0.21071828178505012
2024	1627	0.2022057908895045
2024	1630	0.21056376374667982
2024	1632	0.21252249643269547
2024	1633	0.226
2024	1634	0.218
2024	1635	0.206
2024	1636	0.2001456916789059
2024	1638	0.20115652850556703
2024	1640	0.209
2024	1644	0.194
2024	1648	0.20199999999999999
2024	1653	0.207
2024	1657	0.181
2024	1662	0.19681749703197277
2024	1663	0.217
2024	1664	0.194
2024	1665	0.21100000000000002
2024	1702	0.22063831391888944
2024	1703	0.21952844095517426
2024	1711	0.207
2024	1714	0.21100000000000002
2024	1717	0.22
2024	1718	0.20863196216341595
2024	1719	0.224
2024	1721	0.204
2024	1724	0.19420238690556627
2024	1725	0.2112050877436036
2024	1736	0.199
2024	1738	0.20699999999999996
2024	1739	0.20399999999999996
2024	1740	0.24199999999999997
2024	1742	0.219
2024	1743	0.21500000000000002
2024	1744	0.217
2024	1748	0.22785179416674475
2024	1749	0.23
2024	1750	0.2503830823984353
2024	1751	0.2249203960528318
2024	1755	0.223
2024	1756	0.225
2024	1804	0.22399999999999998
2024	1805	0.21138878329405206
2024	1806	0.20900000000000002
2024	1811	0.22000000000000003
2024	1812	0.226
2024	1813	0.216
2024	1815	0.22399999999999998
2024	1816	0.212
2024	1818	0.258
2024	1820	0.219
2024	1822	0.218
2024	1824	0.201
2024	1825	0.21
2024	1826	0.21199999999999997
2024	1827	0.315
2024	1828	0.218
2024	1832	0.201
2024	1833	0.202
2024	1834	0.43
2024	1835	0.273
2024	1836	0.212
2024	1837	0.211
2024	1838	0.211
2024	1839	0.219
2024	1840	0.197
2024	1841	0.196
2024	1845	0.201
2024	1848	0.22100000000000003
2024	1849	0.2436309448689884
2024	1850	0.19716069211079862
2024	1851	0.24
2024	1852	0.18950256614709363
2024	1853	0.214
2024	1854	0.20020956879292437
2024	1856	0.216
2024	1857	0.287
2024	1859	0.257
2024	1860	0.21600000000000003
2024	1865	0.247
2024	1866	0.212
2024	1867	0.275
2024	1868	0.24699999999999997
2024	1870	0.225
2024	1871	0.228
2024	1874	0.303
2024	1875	0.221
2024	1901	
2024	1902	0.227
2024	1903	0.21399999999999997
2024	1911	0.19899999999999998
2024	1913	0.19446336630801234
2024	1915	
2024	1917	0.247
2024	1919	0.228
2024	1920	0.20700000000000002
2024	1922	0.201
2024	1923	0.212
2024	1924	0.203
2024	1925	0.224
2024	1926	0.212
2024	1927	0.21774734389229422
2024	1928	0.25116902923390216
2024	1929	0.2653479260454934
2024	1931	0.2207856789233494
2024	1933	0.212
2024	1936	0.229
2024	1938	0.22
2024	1939	0.203
2024	1940	0.212
2024	1941	0.246
2024	1942	0.204
2024	1943	0.209
2024	2002	0.24
2024	2003	0.21200000000000002
2024	2004	0.227
2024	2011	0.202
2024	2012	0.211
2024	2014	0.24
2024	2015	0.218
2024	2017	0.227
2024	2018	0.246
2024	2019	0.24
2024	2020	0.205
2024	2021	0.20699999999999996
2024	2022	0.234
2024	2023	0.267
2024	2024	0.254
2024	2025	0.223
2024	2027	0.221
2024	2028	0.236
2024	2030	0.209
2024	3001	0.218
2024	3002	0.24
2024	3003	0.221
2024	3004	0.235
2024	3005	0.241
2024	3006	0.238
2024	3007	0.225
2024	3011	0.233
2024	3012	0.21999999999999997
2024	3013	0.237
2024	3014	0.21499999999999997
2024	3015	0.209
2024	3016	0.221
2024	3017	0.212
2024	3018	0.206
2024	3019	0.23099999999999998
2024	3020	0.238
2024	3021	0.234
2024	3022	0.269
2024	3023	0.23900000000000002
2024	3024	0.312
2024	3025	0.274
2024	3026	0.223
2024	3027	0.229
2024	3028	0.21
2024	3029	0.239
2024	3030	0.22999999999999998
2024	3031	0.22
2024	3032	0.239
2024	3033	0.23000000000000004
2024	3034	0.20899999999999996
2024	3035	0.205
2024	3036	0.214
2024	3037	0.211
2024	3038	0.256
2024	3039	0.256
2024	3040	0.225
2024	3041	0.23700000000000002
2024	3042	0.273
2024	3043	0.21899999999999997
2024	3044	0.266
2024	3045	0.241
2024	3046	0.23899999999999996
2024	3047	0.222
2024	3048	0.22299999999999998
2024	3049	0.257
2024	3050	0.214
2024	3051	0.218
2024	3052	0.233
2024	3053	0.20300000000000004
2024	3054	0.208
2024	3101	0.218
2024	3103	0.24
2024	3105	0.221
2024	3107	0.235
2024	3110	0.233
2024	3112	0.212
2024	3114	0.206
2024	3116	0.209
2024	3118	0.21499999999999997
2024	3120	0.221
2024	3122	0.237
2024	3124	0.21999999999999997
2024	3201	0.312
2024	3203	0.274
2024	3205	0.22999999999999998
2024	3207	0.238
2024	3209	0.23000000000000004
2024	3212	0.23900000000000002
2024	3214	0.269
2024	3216	0.23099999999999998
2024	3218	0.234
2024	3220	0.21
2024	3222	0.239
2024	3224	0.229
2024	3226	0.223
2024	3228	0.20899999999999996
2024	3230	0.239
2024	3232	0.22
2024	3234	0.208
2024	3236	0.20300000000000004
2024	3238	0.214
2024	3240	0.205
2024	3242	0.211
2024	3301	0.241
2024	3303	0.238
2024	3305	0.225
2024	3310	0.256
2024	3312	0.257
2024	3314	0.22299999999999998
2024	3316	0.222
2024	3318	0.23899999999999996
2024	3320	0.256
2024	3322	0.225
2024	3324	0.23700000000000002
2024	3326	0.273
2024	3328	0.21899999999999997
2024	3330	0.266
2024	3332	0.241
2024	3334	0.214
2024	3336	0.218
2024	3338	0.233
2024	3401	0.228
2024	3403	0.238
2024	3405	0.228
2024	3407	0.23
2024	3411	0.216
2024	3412	0.203
2024	3413	0.223
2024	3414	0.208
2024	3415	0.209
2024	3416	0.23
2024	3417	0.24600000000000002
2024	3418	0.239
2024	3419	0.239
2024	3420	0.225
2024	3421	0.22
2024	3422	0.238
2024	3423	0.22900000000000004
2024	3424	0.249
2024	3425	0.212
2024	3426	0.23
2024	3427	0.21
2024	3428	0.209
2024	3429	0.226
2024	3430	0.221
2024	3431	0.23499999999999996
2024	3432	0.214
2024	3433	0.199
2024	3434	0.194
2024	3435	0.204
2024	3436	0.22600000000000003
2024	3437	0.204
2024	3438	0.221
2024	3439	0.214
2024	3440	0.212
2024	3441	0.201
2024	3442	0.22
2024	3443	0.196
2024	3446	0.231
2024	3447	0.211
2024	3448	0.206
2024	3449	0.213
2024	3450	0.208
2024	3451	0.212
2024	3452	0.218
2024	3453	0.22600000000000003
2024	3454	0.221
2024	3801	0.228
2024	3802	0.212
2024	3803	0.239
2024	3804	0.246
2024	3805	0.229
2024	3806	0.229
2024	3807	0.225
2024	3808	0.222
2024	3811	0.257
2024	3812	0.196
2024	3813	0.222
2024	3814	0.228
2024	3815	0.217
2024	3816	0.22099999999999997
2024	3817	0.23800000000000002
2024	3818	0.227
2024	3819	0.255
2024	3820	0.225
2024	3821	0.22799999999999998
2024	3822	0.224
2024	3823	0.216
2024	3824	0.222
2024	3825	0.229
2024	3901	0.228
2024	3903	0.212
2024	3905	0.239
2024	3907	0.246
2024	3909	0.229
2024	3911	0.257
2024	4001	0.229
2024	4003	0.225
2024	4005	0.222
2024	4010	0.196
2024	4012	0.222
2024	4014	0.228
2024	4016	0.217
2024	4018	0.22099999999999997
2024	4020	0.23800000000000002
2024	4022	0.225
2024	4024	0.255
2024	4026	0.227
2024	4028	0.22799999999999998
2024	4030	0.224
2024	4032	0.216
2024	4034	0.222
2024	4036	0.229
2024	4201	0.232
2024	4202	0.22899999999999998
2024	4203	0.225
2024	4204	0.234
2024	4205	0.223
2024	4206	0.212
2024	4207	0.229
2024	4211	0.21199999999999997
2024	4212	0.198
2024	4213	0.211
2024	4214	0.20400000000000001
2024	4215	0.23299999999999998
2024	4216	0.189
2024	4217	0.217
2024	4218	0.19199999999999998
2024	4219	0.221
2024	4220	0.218
2024	4221	0.211
2024	4222	0.27
2024	4223	0.197
2024	4224	0.227
2024	4225	0.214
2024	4226	0.21399999999999997
2024	4227	0.209
2024	4228	0.228
2024	4601	0.251
2024	4602	0.234
2024	4611	0.215
2024	4612	0.21199999999999997
2024	4613	0.22
2024	4614	0.21300000000000002
2024	4615	0.204
2024	4616	0.266
2024	4617	0.203
2024	4618	0.216
2024	4619	0.203
2024	4620	0.207
2024	4621	0.208
2024	4622	0.22
2024	4623	0.205
2024	4624	0.22
2024	4625	0.28
2024	4626	0.22500000000000003
2024	4627	0.19300000000000003
2024	4628	0.202
2024	4629	0.238
2024	4630	0.201
2024	4631	0.208
2024	4632	0.22000000000000003
2024	4633	0.231
2024	4634	0.194
2024	4635	0.216
2024	4636	0.242
2024	4637	0.238
2024	4638	0.216
2024	4639	0.208
2024	4640	0.207
2024	4641	0.24
2024	4642	0.217
2024	4643	0.194
2024	4644	0.20100000000000004
2024	4645	0.243
2024	4646	0.251
2024	4647	0.20799999999999996
2024	4648	0.21199999999999997
2024	4649	0.21
2024	4650	0.22800000000000004
2024	4651	0.21499999999999997
2024	5001	0.24499999999999997
2024	5004	0.22063831391888944
2024	5005	0.21952844095517426
2024	5006	0.218
2024	5007	0.219
2024	5011	0.21971717217038653
2024	5012	0.21645404585102437
2024	5013	0.22854993191245415
2024	5014	0.268
2024	5015	0.21332710938842714
2024	5016	0.21834075455880636
2024	5017	0.2022057908895045
2024	5018	0.21056376374667982
2024	5019	0.21252249643269547
2024	5020	0.226
2024	5021	0.218
2024	5022	0.206
2024	5023	0.2001456916789059
2024	5024	0.20115652850556703
2024	5025	0.209
2024	5026	0.194
2024	5027	0.20199999999999999
2024	5028	0.207
2024	5029	0.181
2024	5030	0.19681749703197277
2024	5031	0.217
2024	5032	0.194
2024	5033	0.21100000000000002
2024	5034	0.207
2024	5035	0.21100000000000002
2024	5036	0.22
2024	5037	0.224
2024	5038	0.204
2024	5039	0.19420238690556627
2024	5040	0.2112050877436036
2024	5041	0.199
2024	5042	0.20699999999999996
2024	5043	0.20399999999999996
2024	5044	0.24199999999999997
2024	5045	0.219
2024	5046	0.21500000000000002
2024	5047	0.217
2024	5048	0.22785179416674475
2024	5049	0.23
2024	5050	0.2503830823984353
2024	5051	0.2249203960528318
2024	5052	0.223
2024	5053	0.225
2024	5054	0.21
2024	5055	0.22100000000000003
2024	5056	0.226
2024	5057	0.208
2024	5058	0.211
2024	5059	0.203
2024	5060	0.23699999999999996
2024	5061	0.182
2024	5401	0.227
2024	5402	0.21399999999999997
2024	5403	0.211
2024	5404	0.24
2024	5405	0.21200000000000002
2024	5406	0.227
2024	5411	0.19899999999999998
2024	5412	0.193
2024	5413	0.247
2024	5414	0.228
2024	5415	0.20700000000000002
2024	5416	0.201
2024	5417	0.212
2024	5418	0.203
2024	5419	0.224
2024	5420	0.212
2024	5421	0.225
2024	5422	0.212
2024	5423	0.229
2024	5424	0.22
2024	5425	0.203
2024	5426	0.212
2024	5427	0.246
2024	5428	0.204
2024	5429	0.209
2024	5430	0.202
2024	5432	0.24
2024	5433	0.218
2024	5434	0.246
2024	5435	0.24
2024	5436	0.205
2024	5437	0.20699999999999996
2024	5438	0.234
2024	5439	0.267
2024	5440	0.254
2024	5441	0.223
2024	5442	0.221
2024	5443	0.236
2024	5444	0.209
2024	5501	0.227
2024	5503	0.21399999999999997
2024	5510	0.19899999999999998
2024	5512	0.193
2024	5514	0.247
2024	5516	0.228
2024	5518	0.20700000000000002
2024	5520	0.201
2024	5522	0.212
2024	5524	0.203
2024	5526	0.224
2024	5528	0.212
2024	5530	0.225
2024	5532	0.212
2024	5534	0.229
2024	5536	0.22
2024	5538	0.203
2024	5540	0.212
2024	5542	0.246
2024	5544	0.204
2024	5546	0.209
2024	5601	0.211
2024	5603	0.227
2024	5605	0.209
2024	5607	0.21200000000000002
2024	5610	0.20699999999999996
2024	5612	0.202
2024	5614	0.24
2024	5616	0.218
2024	5618	0.246
2024	5620	0.24
2024	5622	0.205
2024	5624	0.234
2024	5626	0.267
2024	5628	0.223
2024	5630	0.254
2024	5632	0.236
2024	5634	0.24
2024	5636	0.221
