Year	Code	Value
2011	0101	1145.0
2011	0104	1785.0
2011	0105	2001.0
2011	0106	2992.0
2011	0111	314.0
2011	0118	66.0
2011	0119	176.0
2011	0121	41.0
2011	0122	321.0
2011	0123	316.0
2011	0124	897.0
2011	0125	638.0
2011	0127	234.0
2011	0128	386.0
2011	0135	377.0
2011	0136	972.0
2011	0137	402.0
2011	0138	324.0
2011	0211	1106.0
2011	0213	1664.0
2011	0214	1401.0
2011	0215	976.0
2011	0216	1007.0
2011	0217	1479.0
2011	0219	5727.0
2011	0220	3295.0
2011	0221	748.0
2011	0226	1186.0
2011	0227	769.0
2011	0228	1328.0
2011	0229	655.0
2011	0230	2285.0
2011	0231	3716.0
2011	0233	1176.0
2011	0234	408.0
2011	0235	2246.0
2011	0236	1138.0
2011	0237	1300.0
2011	0238	814.0
2011	0239	143.0
2011	0301	28214.0
2011	0402	841.0
2011	0403	1697.0
2011	0412	1223.0
2011	0415	432.0
2011	0417	966.0
2011	0418	174.0
2011	0419	374.0
2011	0420	234.0
2011	0423	233.0
2011	0425	279.0
2011	0426	165.0
2011	0427	821.0
2011	0428	180.0
2011	0429	277.0
2011	0430	134.0
2011	0432	65.0
2011	0434	29.0
2011	0436	78.0
2011	0437	210.0
2011	0438	78.0
2011	0439	37.0
2011	0441	80.0
2011	0501	1429.0
2011	0502	1421.0
2011	0511	101.0
2011	0512	52.0
2011	0513	55.0
2011	0514	51.0
2011	0515	108.0
2011	0516	139.0
2011	0517	185.0
2011	0519	131.0
2011	0520	128.0
2011	0521	176.0
2011	0522	226.0
2011	0528	538.0
2011	0529	612.0
2011	0532	369.0
2011	0533	489.0
2011	0534	499.0
2011	0536	264.0
2011	0538	244.0
2011	0540	105.0
2011	0541	60.0
2011	0542	281.0
2011	0543	88.0
2011	0544	106.0
2011	0545	55.0
2011	0602	3623.0
2011	0604	1024.0
2011	0605	1190.0
2011	0612	385.0
2011	0615	63.0
2011	0616	140.0
2011	0617	160.0
2011	0618	109.0
2011	0619	149.0
2011	0620	156.0
2011	0621	116.0
2011	0622	94.0
2011	0623	612.0
2011	0624	995.0
2011	0625	1301.0
2011	0626	1521.0
2011	0627	1270.0
2011	0628	492.0
2011	0631	156.0
2011	0632	58.0
2011	0633	78.0
2011	0701	1238.0
2011	0702	586.0
2011	0704	2857.0
2011	0706	1925.0
2011	0709	1471.0
2011	0710	3039.0
2011	0711	369.0
2011	0712	1593.0
2011	0713	506.0
2011	0714	151.0
2011	0715	737.0
2011	0716	546.0
2011	0719	405.0
2011	0720	709.0
2011	0722	1302.0
2011	0723	352.0
2011	0728	122.0
2011	0729	1654.0
2011	0805	1724.0
2011	0806	2123.0
2011	0807	441.0
2011	0811	167.0
2011	0814	619.0
2011	0815	298.0
2011	0817	110.0
2011	0819	269.0
2011	0821	418.0
2011	0822	222.0
2011	0826	143.0
2011	0827	62.0
2011	0828	119.0
2011	0829	110.0
2011	0830	78.0
2011	0831	61.0
2011	0833	78.0
2011	0834	130.0
2011	0901	276.0
2011	0904	1115.0
2011	0906	1569.0
2011	0911	123.0
2011	0912	76.0
2011	0914	299.0
2011	0919	348.0
2011	0926	526.0
2011	0928	263.0
2011	0929	74.0
2011	0935	80.0
2011	0937	156.0
2011	0938	46.0
2011	0940	49.0
2011	0941	34.0
2011	1001	3347.0
2011	1002	558.0
2011	1003	219.0
2011	1004	214.0
2011	1014	681.0
2011	1017	407.0
2011	1018	602.0
2011	1021	139.0
2011	1026	33.0
2011	1027	72.0
2011	1029	207.0
2011	1032	263.0
2011	1034	44.0
2011	1037	141.0
2011	1046	85.0
2011	1101	442.0
2011	1102	3709.0
2011	1103	5737.0
2011	1106	1864.0
2011	1108	3768.0
2011	1111	89.0
2011	1112	92.0
2011	1114	145.0
2011	1119	741.0
2011	1120	984.0
2011	1121	970.0
2011	1122	602.0
2011	1124	1845.0
2011	1127	731.0
2011	1129	59.0
2011	1130	346.0
2011	1133	102.0
2011	1134	94.0
2011	1135	167.0
2011	1141	108.0
2011	1142	328.0
2011	1144	14.0
2011	1145	32.0
2011	1146	491.0
2011	1149	1388.0
2011	1151	12.0
2011	1160	246.0
2011	1201	9306.0
2011	1211	114.0
2011	1216	286.0
2011	1219	274.0
2011	1221	582.0
2011	1222	92.0
2011	1223	83.0
2011	1224	341.0
2011	1227	44.0
2011	1228	141.0
2011	1231	133.0
2011	1232	33.0
2011	1233	41.0
2011	1234	35.0
2011	1235	401.0
2011	1238	195.0
2011	1241	107.0
2011	1242	91.0
2011	1243	869.0
2011	1244	162.0
2011	1245	364.0
2011	1246	1308.0
2011	1247	1300.0
2011	1251	133.0
2011	1252	16.0
2011	1253	291.0
2011	1256	504.0
2011	1259	263.0
2011	1260	214.0
2011	1263	681.0
2011	1264	131.0
2011	1265	14.0
2011	1266	56.0
2011	1401	274.0
2011	1411	65.0
2011	1412	22.0
2011	1413	27.0
2011	1416	115.0
2011	1417	55.0
2011	1418	40.0
2011	1419	80.0
2011	1420	403.0
2011	1421	72.0
2011	1422	55.0
2011	1424	73.0
2011	1426	86.0
2011	1428	63.0
2011	1429	89.0
2011	1430	124.0
2011	1431	106.0
2011	1432	542.0
2011	1433	119.0
2011	1438	88.0
2011	1439	160.0
2011	1441	99.0
2011	1443	211.0
2011	1444	38.0
2011	1445	114.0
2011	1449	168.0
2011	1502	1018.0
2011	1504	1810.0
2011	1505	755.0
2011	1506	1173.0
2011	1507	2481.0
2011	1508	2199.2809605488847
2011	1511	91.0
2011	1514	62.0
2011	1515	234.0
2011	1516	286.0
2011	1517	165.0
2011	1519	387.0
2011	1520	258.0
2011	1523	105.0
2011	1524	30.0
2011	1525	83.0
2011	1526	37.0
2011	1528	138.0
2011	1529	259.0
2011	1531	328.0
2011	1532	298.0
2011	1534	284.0
2011	1535	171.0
2011	1539	213.0
2011	1543	88.0
2011	1545	67.0
2011	1546	23.0
2011	1547	129.0
2011	1548	396.0
2011	1551	115.0
2011	1554	226.0
2011	1557	96.0
2011	1560	118.0
2011	1563	129.0
2011	1566	160.0
2011	1567	71.0
2011	1571	59.0
2011	1573	63.0
2011	1576	98.0
2011	1577	425.0
2011	1578	67.0
2011	1579	511.0
2011	1580	281.71903945111495
2011	1601	8029.0
2011	1612	120.0
2011	1613	20.0
2011	1617	176.0
2011	1620	133.0
2011	1621	206.0
2011	1622	52.0
2011	1624	231.0
2011	1627	192.0
2011	1630	93.0
2011	1632	29.0
2011	1633	27.0
2011	1634	194.0
2011	1635	65.0
2011	1636	200.0
2011	1638	441.0
2011	1640	224.0
2011	1644	38.0
2011	1648	184.0
2011	1653	875.0
2011	1657	449.0
2011	1662	358.0
2011	1663	788.0
2011	1664	173.0
2011	1665	26.0
2011	1702	821.0
2011	1703	475.0
2011	1711	92.0
2011	1714	961.0
2011	1717	96.0
2011	1718	122.0
2011	1719	735.0
2011	1721	409.0
2011	1723	33.0
2011	1724	157.0
2011	1725	69.0
2011	1729	264.0
2011	1736	56.0
2011	1738	36.0
2011	1739	22.0
2011	1740	39.0
2011	1742	110.0
2011	1743	39.0
2011	1744	172.0
2011	1748	58.0
2011	1749	41.0
2011	1750	219.0
2011	1751	244.0
2011	1755	11.0
2011	1756	297.0
2011	1804	1803.0
2011	1805	559.0
2011	1806	705.0
2011	1811	47.0
2011	1812	93.0
2011	1813	284.0
2011	1815	33.0
2011	1816	14.0
2011	1818	60.0
2011	1820	303.0
2011	1822	77.0
2011	1824	342.0
2011	1825	49.0
2011	1826	36.0
2011	1827	47.0
2011	1828	117.0
2011	1832	116.0
2011	1833	611.0
2011	1834	74.0
2011	1835	12.0
2011	1836	58.0
2011	1837	195.0
2011	1838	93.0
2011	1839	34.0
2011	1840	181.0
2011	1841	348.0
2011	1845	83.0
2011	1848	91.0
2011	1849	72.0
2011	1850	60.0
2011	1851	63.0
2011	1852	50.0
2011	1853	79.0
2011	1854	86.0
2011	1856	24.0
2011	1857	26.0
2011	1859	57.0
2011	1860	352.0
2011	1865	348.0
2011	1866	296.0
2011	1867	94.0
2011	1868	145.0
2011	1870	408.0
2011	1871	166.0
2011	1874	44.0
2011	1875	132.0
2011	1901	952.0
2011	1902	2699.0
2011	1903	967.0
2011	1911	136.0
2011	1913	158.0
2011	1915	15.0
2011	1917	57.0
2011	1919	56.0
2011	1920	48.0
2011	1922	149.0
2011	1923	95.0
2011	1924	339.0
2011	1925	141.0
2011	1926	50.0
2011	1927	72.0
2011	1928	32.0
2011	1929	37.0
2011	1931	414.0
2011	1933	201.0
2011	1936	131.0
2011	1938	73.0
2011	1939	91.0
2011	1940	76.0
2011	1941	103.0
2011	1942	173.0
2011	1943	54.0
2011	2002	110.0
2011	2003	255.0
2011	2004	452.0
2011	2011	73.0
2011	2012	720.0
2011	2014	46.0
2011	2015	48.0
2011	2017	76.0
2011	2018	47.0
2011	2019	125.0
2011	2020	180.0
2011	2021	133.0
2011	2022	74.0
2011	2023	36.0
2011	2024	27.0
2011	2025	111.0
2011	2027	46.0
2011	2028	84.0
2011	2030	415.0
2011	3001	1145.0
2011	3002	2757.0
2011	3003	2001.0
2011	3004	2992.0
2011	3005	5293.0
2011	3006	1024.0
2011	3007	1190.0
2011	3011	314.0
2011	3012	66.0
2011	3013	176.0
2011	3014	2496.0
2011	3015	234.0
2011	3016	386.0
2011	3017	377.0
2011	3018	402.0
2011	3019	1106.0
2011	3020	3143.0
2011	3021	1401.0
2011	3022	976.0
2011	3023	1007.0
2011	3024	5727.0
2011	3025	5057.0
2011	3026	789.0
2011	3027	1328.0
2011	3028	655.0
2011	3029	2285.0
2011	3030	5671.0
2011	3031	1176.0
2011	3032	408.0
2011	3033	2246.0
2011	3034	1138.0
2011	3035	1300.0
2011	3036	814.0
2011	3037	143.0
2011	3038	385.0
2011	3039	63.0
2011	3040	140.0
2011	3041	160.0
2011	3042	109.0
2011	3043	149.0
2011	3044	156.0
2011	3045	116.0
2011	3046	94.0
2011	3047	612.0
2011	3048	995.0
2011	3049	1521.0
2011	3050	156.0
2011	3051	58.0
2011	3052	78.0
2011	3053	369.0
2011	3054	489.0
2011	3101	1145.0
2011	3103	2757.0
2011	3105	2001.0
2011	3107	2992.0
2011	3110	314.0
2011	3112	377.0
2011	3114	402.0
2011	3116	234.0
2011	3118	2496.0
2011	3120	386.0
2011	3122	176.0
2011	3124	66.0
2011	3201	5727.0
2011	3203	5057.0
2011	3205	5671.0
2011	3207	3143.0
2011	3209	2246.0
2011	3212	1007.0
2011	3214	976.0
2011	3216	1106.0
2011	3218	1401.0
2011	3220	655.0
2011	3222	2285.0
2011	3224	1328.0
2011	3226	789.0
2011	3228	1138.0
2011	3230	408.0
2011	3232	1176.0
2011	3234	489.0
2011	3236	369.0
2011	3238	814.0
2011	3240	1300.0
2011	3242	143.0
2011	3301	5293.0
2011	3303	1024.0
2011	3305	1190.0
2011	3310	385.0
2011	3312	1521.0
2011	3314	995.0
2011	3316	612.0
2011	3318	94.0
2011	3320	63.0
2011	3322	140.0
2011	3324	160.0
2011	3326	109.0
2011	3328	149.0
2011	3330	156.0
2011	3332	116.0
2011	3334	156.0
2011	3336	58.0
2011	3338	78.0
2011	3401	841.0
2011	3403	1697.0
2011	3405	1429.0
2011	3407	1421.0
2011	3411	1223.0
2011	3412	432.0
2011	3413	966.0
2011	3414	174.0
2011	3415	374.0
2011	3416	234.0
2011	3417	233.0
2011	3418	279.0
2011	3419	165.0
2011	3420	821.0
2011	3421	180.0
2011	3422	277.0
2011	3423	134.0
2011	3424	65.0
2011	3425	29.0
2011	3426	78.0
2011	3427	210.0
2011	3428	78.0
2011	3429	37.0
2011	3430	80.0
2011	3431	101.0
2011	3432	52.0
2011	3433	55.0
2011	3434	51.0
2011	3435	108.0
2011	3436	139.0
2011	3437	185.0
2011	3438	131.0
2011	3439	128.0
2011	3440	176.0
2011	3441	226.0
2011	3442	538.0
2011	3443	612.0
2011	3446	499.0
2011	3447	264.0
2011	3448	244.0
2011	3449	105.0
2011	3450	60.0
2011	3451	281.0
2011	3452	88.0
2011	3453	106.0
2011	3454	55.0
2011	3801	1238.0
2011	3802	1243.0
2011	3803	3403.0
2011	3804	3039.0
2011	3805	1593.0
2011	3806	1724.0
2011	3807	2123.0
2011	3808	441.0
2011	3811	1654.0
2011	3812	167.0
2011	3813	619.0
2011	3814	298.0
2011	3815	110.0
2011	3816	269.0
2011	3817	640.0
2011	3818	143.0
2011	3819	62.0
2011	3820	119.0
2011	3821	110.0
2011	3822	78.0
2011	3823	61.0
2011	3824	78.0
2011	3825	130.0
2011	3901	1238.0
2011	3903	1243.0
2011	3905	3403.0
2011	3907	3039.0
2011	3909	1593.0
2011	3911	1654.0
2011	4001	1724.0
2011	4003	2123.0
2011	4005	441.0
2011	4010	167.0
2011	4012	619.0
2011	4014	298.0
2011	4016	110.0
2011	4018	269.0
2011	4020	640.0
2011	4022	119.0
2011	4024	62.0
2011	4026	143.0
2011	4028	110.0
2011	4030	78.0
2011	4032	61.0
2011	4034	78.0
2011	4036	130.0
2011	4201	276.0
2011	4202	1115.0
2011	4203	1569.0
2011	4204	4356.0
2011	4205	904.0
2011	4206	219.0
2011	4207	214.0
2011	4211	123.0
2011	4212	76.0
2011	4213	299.0
2011	4214	348.0
2011	4215	526.0
2011	4216	263.0
2011	4217	74.0
2011	4218	80.0
2011	4219	156.0
2011	4220	46.0
2011	4221	49.0
2011	4222	34.0
2011	4223	681.0
2011	4224	33.0
2011	4225	335.0
2011	4226	44.0
2011	4227	141.0
2011	4228	85.0
2011	4601	9306.0
2011	4602	434.0
2011	4611	114.0
2011	4612	286.0
2011	4613	274.0
2011	4614	582.0
2011	4615	92.0
2011	4616	83.0
2011	4617	341.0
2011	4618	318.0
2011	4619	33.0
2011	4620	41.0
2011	4621	436.0
2011	4622	195.0
2011	4623	91.0
2011	4624	976.0
2011	4625	162.0
2011	4626	1935.0
2011	4627	1300.0
2011	4628	133.0
2011	4629	16.0
2011	4630	291.0
2011	4631	1399.0
2011	4632	131.0
2011	4633	14.0
2011	4634	56.0
2011	4635	65.0
2011	4636	22.0
2011	4637	27.0
2011	4638	115.0
2011	4639	55.0
2011	4640	523.0
2011	4641	72.0
2011	4642	55.0
2011	4643	73.0
2011	4644	86.0
2011	4645	63.0
2011	4646	89.0
2011	4647	891.0
2011	4648	88.0
2011	4649	310.0
2011	4650	114.0
2011	4651	168.0
2011	5001	8029.0
2011	5004	821.0
2011	5005	475.0
2011	5006	978.0
2011	5007	602.0
2011	5011	120.0
2011	5012	20.0
2011	5013	176.0
2011	5014	133.0
2011	5015	206.0
2011	5016	52.0
2011	5017	192.0
2011	5018	93.0
2011	5019	29.0
2011	5020	27.0
2011	5021	194.0
2011	5022	65.0
2011	5023	200.0
2011	5024	441.0
2011	5025	224.0
2011	5026	38.0
2011	5027	184.0
2011	5028	875.0
2011	5029	449.0
2011	5030	358.0
2011	5031	788.0
2011	5032	173.0
2011	5033	26.0
2011	5034	92.0
2011	5035	961.0
2011	5036	96.0
2011	5037	735.0
2011	5038	409.0
2011	5039	157.0
2011	5040	69.0
2011	5041	56.0
2011	5042	36.0
2011	5043	22.0
2011	5044	39.0
2011	5045	110.0
2011	5046	39.0
2011	5047	172.0
2011	5048	58.0
2011	5049	41.0
2011	5050	219.0
2011	5051	244.0
2011	5052	11.0
2011	5053	297.0
2011	5054	353.0
2011	5055	199.0
2011	5056	196.0
2011	5057	398.0
2011	5058	122.0
2011	5059	713.0
2011	5060	463.0
2011	5061	71.0
2011	5401	2699.0
2011	5402	967.0
2011	5403	720.0
2011	5404	110.0
2011	5405	255.0
2011	5406	528.0
2011	5411	136.0
2011	5412	208.0
2011	5413	57.0
2011	5414	56.0
2011	5415	48.0
2011	5416	149.0
2011	5417	95.0
2011	5418	339.0
2011	5419	141.0
2011	5420	50.0
2011	5421	555.0
2011	5422	201.0
2011	5423	131.0
2011	5424	73.0
2011	5425	91.0
2011	5426	76.0
2011	5427	103.0
2011	5428	173.0
2011	5429	54.0
2011	5430	73.0
2011	5432	46.0
2011	5433	48.0
2011	5434	47.0
2011	5435	125.0
2011	5436	180.0
2011	5437	133.0
2011	5438	74.0
2011	5439	36.0
2011	5440	27.0
2011	5441	111.0
2011	5442	46.0
2011	5443	84.0
2011	5444	415.0
2011	5501	2699.0
2011	5503	967.0
2011	5510	136.0
2011	5512	208.0
2011	5514	57.0
2011	5516	56.0
2011	5518	48.0
2011	5520	149.0
2011	5522	95.0
2011	5524	339.0
2011	5526	141.0
2011	5528	50.0
2011	5530	555.0
2011	5532	201.0
2011	5534	131.0
2011	5536	73.0
2011	5538	91.0
2011	5540	76.0
2011	5542	103.0
2011	5544	173.0
2011	5546	54.0
2011	5601	720.0
2011	5603	528.0
2011	5605	415.0
2011	5607	255.0
2011	5610	133.0
2011	5612	73.0
2011	5614	46.0
2011	5616	48.0
2011	5618	47.0
2011	5620	125.0
2011	5622	180.0
2011	5624	74.0
2011	5626	36.0
2011	5628	111.0
2011	5630	27.0
2011	5632	84.0
2011	5634	110.0
2011	5636	46.0
2012	0101	1159.0
2012	0104	1778.0
2012	0105	2045.0
2012	0106	3319.0
2012	0111	323.0
2012	0118	64.0
2012	0119	177.0
2012	0121	23.0
2012	0122	295.0
2012	0123	405.0
2012	0124	873.0
2012	0125	614.0
2012	0127	248.0
2012	0128	433.0
2012	0135	386.0
2012	0136	1028.0
2012	0137	423.0
2012	0138	389.0
2012	0211	1092.0
2012	0213	1680.0
2012	0214	1297.0
2012	0215	956.0
2012	0216	975.0
2012	0217	1563.0
2012	0219	6357.0
2012	0220	3360.0
2012	0221	734.0
2012	0226	1252.0
2012	0227	844.0
2012	0228	1349.0
2012	0229	587.0
2012	0230	2468.0
2012	0231	3771.0
2012	0233	1406.0
2012	0234	448.0
2012	0235	2168.0
2012	0236	1178.0
2012	0237	1359.0
2012	0238	727.0
2012	0239	133.0
2012	0301	28698.0
2012	0402	879.0
2012	0403	1581.0
2012	0412	1182.0
2012	0415	383.0
2012	0417	1003.0
2012	0418	216.0
2012	0419	332.0
2012	0420	289.0
2012	0423	250.0
2012	0425	321.0
2012	0426	203.0
2012	0427	879.0
2012	0428	194.0
2012	0429	338.0
2012	0430	119.0
2012	0432	58.0
2012	0434	46.0
2012	0436	56.0
2012	0437	185.0
2012	0438	81.0
2012	0439	56.0
2012	0441	70.0
2012	0501	1543.0
2012	0502	1394.0
2012	0511	81.0
2012	0512	35.0
2012	0513	52.0
2012	0514	50.0
2012	0515	90.0
2012	0516	149.0
2012	0517	138.0
2012	0519	104.0
2012	0520	96.0
2012	0521	191.0
2012	0522	234.0
2012	0528	517.0
2012	0529	618.0
2012	0532	280.0
2012	0533	450.0
2012	0534	528.0
2012	0536	251.0
2012	0538	197.0
2012	0540	118.0
2012	0541	38.0
2012	0542	233.0
2012	0543	96.0
2012	0544	133.0
2012	0545	40.0
2012	0602	3816.0
2012	0604	1043.0
2012	0605	1242.0
2012	0612	408.0
2012	0615	57.0
2012	0616	110.0
2012	0617	223.0
2012	0618	79.0
2012	0619	171.0
2012	0620	182.0
2012	0621	94.0
2012	0622	96.0
2012	0623	630.0
2012	0624	1025.0
2012	0625	1537.0
2012	0626	1567.0
2012	0627	1394.0
2012	0628	563.0
2012	0631	131.0
2012	0632	39.0
2012	0633	66.0
2012	0701	1333.0
2012	0702	609.0
2012	0704	2711.0
2012	0706	1827.0
2012	0709	1296.0
2012	0710	3041.0
2012	0711	360.0
2012	0712	1436.0
2012	0713	546.0
2012	0714	211.0
2012	0715	820.0
2012	0716	500.0
2012	0719	396.0
2012	0720	818.0
2012	0722	1328.0
2012	0723	335.0
2012	0728	140.0
2012	0729	1663.0
2012	0805	1638.0
2012	0806	2147.0
2012	0807	405.0
2012	0811	123.0
2012	0814	523.0
2012	0815	343.0
2012	0817	116.0
2012	0819	238.0
2012	0821	334.0
2012	0822	208.0
2012	0826	181.0
2012	0827	60.0
2012	0828	140.0
2012	0829	110.0
2012	0830	31.0
2012	0831	49.0
2012	0833	73.0
2012	0834	134.0
2012	0901	230.0
2012	0904	1023.0
2012	0906	1503.0
2012	0911	97.0
2012	0912	112.0
2012	0914	295.0
2012	0919	385.0
2012	0926	477.0
2012	0928	269.0
2012	0929	83.0
2012	0935	69.0
2012	0937	173.0
2012	0938	44.0
2012	0940	48.0
2012	0941	41.0
2012	1001	3600.0
2012	1002	509.0
2012	1003	238.0
2012	1004	253.0
2012	1014	583.0
2012	1017	427.0
2012	1018	528.0
2012	1021	130.0
2012	1026	28.0
2012	1027	82.0
2012	1029	210.0
2012	1032	298.0
2012	1034	49.0
2012	1037	158.0
2012	1046	62.0
2012	1101	346.0
2012	1102	3950.0
2012	1103	5511.0
2012	1106	1779.0
2012	1108	4020.0
2012	1111	103.0
2012	1112	101.0
2012	1114	145.0
2012	1119	695.0
2012	1120	1094.0
2012	1121	1215.0
2012	1122	626.0
2012	1124	1827.0
2012	1127	569.0
2012	1129	70.0
2012	1130	438.0
2012	1133	93.0
2012	1134	134.0
2012	1135	109.0
2012	1141	126.0
2012	1142	315.0
2012	1144	23.0
2012	1145	40.0
2012	1146	496.0
2012	1149	1273.0
2012	1151	6.0
2012	1160	239.0
2012	1201	9640.0
2012	1211	146.0
2012	1216	324.0
2012	1219	290.0
2012	1221	564.0
2012	1222	97.0
2012	1223	75.0
2012	1224	315.0
2012	1227	39.0
2012	1228	175.0
2012	1231	103.0
2012	1232	29.0
2012	1233	37.0
2012	1234	39.0
2012	1235	368.0
2012	1238	221.0
2012	1241	134.0
2012	1242	91.0
2012	1243	892.0
2012	1244	134.0
2012	1245	322.0
2012	1246	1294.0
2012	1247	1231.0
2012	1251	136.0
2012	1252	29.0
2012	1253	309.0
2012	1256	529.0
2012	1259	307.0
2012	1260	221.0
2012	1263	699.0
2012	1264	167.0
2012	1265	30.0
2012	1266	61.0
2012	1401	237.0
2012	1411	44.0
2012	1412	23.0
2012	1413	28.0
2012	1416	123.0
2012	1417	63.0
2012	1418	49.0
2012	1419	92.0
2012	1420	373.0
2012	1421	68.0
2012	1422	47.0
2012	1424	60.0
2012	1426	167.0
2012	1428	59.0
2012	1429	83.0
2012	1430	143.0
2012	1431	117.0
2012	1432	589.0
2012	1433	95.0
2012	1438	73.0
2012	1439	96.0
2012	1441	87.0
2012	1443	180.0
2012	1444	34.0
2012	1445	134.0
2012	1449	164.0
2012	1502	1119.0
2012	1504	1811.0
2012	1505	848.0
2012	1506	1255.0
2012	1507	2471.0
2012	1508	2190.4164665523153
2012	1511	62.0
2012	1514	92.0
2012	1515	252.0
2012	1516	331.0
2012	1517	188.0
2012	1519	448.0
2012	1520	308.0
2012	1523	121.0
2012	1524	59.0
2012	1525	86.0
2012	1526	44.0
2012	1528	149.0
2012	1529	237.0
2012	1531	355.0
2012	1532	425.0
2012	1534	282.0
2012	1535	214.0
2012	1539	194.0
2012	1543	89.0
2012	1545	47.0
2012	1546	20.0
2012	1547	143.0
2012	1548	377.0
2012	1551	136.0
2012	1554	209.0
2012	1557	53.0
2012	1560	104.0
2012	1563	158.0
2012	1566	159.0
2012	1567	40.0
2012	1571	44.0
2012	1573	66.0
2012	1576	112.0
2012	1577	482.0
2012	1578	103.0
2012	1579	513.0
2012	1580	280.58353344768443
2012	1601	8257.0
2012	1612	91.0
2012	1613	48.0
2012	1617	187.0
2012	1620	165.0
2012	1621	235.0
2012	1622	63.0
2012	1624	230.0
2012	1627	231.0
2012	1630	91.0
2012	1632	41.0
2012	1633	26.0
2012	1634	171.0
2012	1635	82.0
2012	1636	204.0
2012	1638	510.0
2012	1640	195.0
2012	1644	62.0
2012	1648	234.0
2012	1653	882.0
2012	1657	492.0
2012	1662	318.0
2012	1663	859.0
2012	1664	148.0
2012	1665	19.0
2012	1702	747.0
2012	1703	498.0
2012	1711	97.0
2012	1714	937.0
2012	1717	112.0
2012	1718	119.0
2012	1719	779.0
2012	1721	453.0
2012	1723	31.22222222222222
2012	1724	158.0
2012	1725	76.0
2012	1729	249.77777777777777
2012	1736	56.0
2012	1738	36.0
2012	1739	18.0
2012	1740	42.0
2012	1742	94.0
2012	1743	27.0
2012	1744	136.0
2012	1748	39.0
2012	1749	40.0
2012	1750	200.0
2012	1751	204.0
2012	1755	27.0
2012	1756	281.0
2012	1804	1756.0
2012	1805	522.0
2012	1806	713.0
2012	1811	41.0
2012	1812	103.0
2012	1813	292.0
2012	1815	31.0
2012	1816	16.0
2012	1818	68.0
2012	1820	244.0
2012	1822	131.0
2012	1824	313.0
2012	1825	48.0
2012	1826	34.0
2012	1827	59.0
2012	1828	122.0
2012	1832	122.0
2012	1833	604.0
2012	1834	76.0
2012	1835	25.0
2012	1836	56.0
2012	1837	199.0
2012	1838	77.0
2012	1839	30.0
2012	1840	156.0
2012	1841	322.0
2012	1845	65.0
2012	1848	61.0
2012	1849	105.0
2012	1850	89.0
2012	1851	75.0
2012	1852	82.0
2012	1853	51.0
2012	1854	102.0
2012	1856	13.0
2012	1857	31.0
2012	1859	45.0
2012	1860	382.0
2012	1865	338.0
2012	1866	306.0
2012	1867	99.0
2012	1868	146.0
2012	1870	390.0
2012	1871	177.0
2012	1874	62.0
2012	1875	194.0
2012	1901	879.0
2012	1902	2859.0
2012	1903	897.0
2012	1911	172.0
2012	1913	130.0
2012	1915	18.0
2012	1917	57.0
2012	1919	47.0
2012	1920	35.0
2012	1922	271.0
2012	1923	99.0
2012	1924	381.0
2012	1925	161.0
2012	1926	48.0
2012	1927	72.0
2012	1928	39.0
2012	1929	65.0
2012	1931	446.0
2012	1933	205.0
2012	1936	89.0
2012	1938	101.0
2012	1939	87.0
2012	1940	85.0
2012	1941	94.0
2012	1942	195.0
2012	1943	37.0
2012	2002	78.0
2012	2003	229.0
2012	2004	495.0
2012	2011	70.0
2012	2012	787.0
2012	2014	38.0
2012	2015	42.0
2012	2017	98.0
2012	2018	45.0
2012	2019	121.0
2012	2020	206.0
2012	2021	88.0
2012	2022	67.0
2012	2023	63.0
2012	2024	35.0
2012	2025	114.0
2012	2027	33.0
2012	2028	68.0
2012	2030	429.0
2012	3001	1159.0
2012	3002	2806.0
2012	3003	2045.0
2012	3004	3319.0
2012	3005	5713.0
2012	3006	1043.0
2012	3007	1242.0
2012	3011	323.0
2012	3012	64.0
2012	3013	177.0
2012	3014	2576.0
2012	3015	248.0
2012	3016	433.0
2012	3017	386.0
2012	3018	423.0
2012	3019	1092.0
2012	3020	3243.0
2012	3021	1297.0
2012	3022	956.0
2012	3023	975.0
2012	3024	6357.0
2012	3025	5317.0
2012	3026	757.0
2012	3027	1349.0
2012	3028	587.0
2012	3029	2468.0
2012	3030	5867.0
2012	3031	1406.0
2012	3032	448.0
2012	3033	2168.0
2012	3034	1178.0
2012	3035	1359.0
2012	3036	727.0
2012	3037	133.0
2012	3038	408.0
2012	3039	57.0
2012	3040	110.0
2012	3041	223.0
2012	3042	79.0
2012	3043	171.0
2012	3044	182.0
2012	3045	94.0
2012	3046	96.0
2012	3047	630.0
2012	3048	1025.0
2012	3049	1567.0
2012	3050	131.0
2012	3051	39.0
2012	3052	66.0
2012	3053	280.0
2012	3054	450.0
2012	3101	1159.0
2012	3103	2806.0
2012	3105	2045.0
2012	3107	3319.0
2012	3110	323.0
2012	3112	386.0
2012	3114	423.0
2012	3116	248.0
2012	3118	2576.0
2012	3120	433.0
2012	3122	177.0
2012	3124	64.0
2012	3201	6357.0
2012	3203	5317.0
2012	3205	5867.0
2012	3207	3243.0
2012	3209	2168.0
2012	3212	975.0
2012	3214	956.0
2012	3216	1092.0
2012	3218	1297.0
2012	3220	587.0
2012	3222	2468.0
2012	3224	1349.0
2012	3226	757.0
2012	3228	1178.0
2012	3230	448.0
2012	3232	1406.0
2012	3234	450.0
2012	3236	280.0
2012	3238	727.0
2012	3240	1359.0
2012	3242	133.0
2012	3301	5713.0
2012	3303	1043.0
2012	3305	1242.0
2012	3310	408.0
2012	3312	1567.0
2012	3314	1025.0
2012	3316	630.0
2012	3318	96.0
2012	3320	57.0
2012	3322	110.0
2012	3324	223.0
2012	3326	79.0
2012	3328	171.0
2012	3330	182.0
2012	3332	94.0
2012	3334	131.0
2012	3336	39.0
2012	3338	66.0
2012	3401	879.0
2012	3403	1581.0
2012	3405	1543.0
2012	3407	1394.0
2012	3411	1182.0
2012	3412	383.0
2012	3413	1003.0
2012	3414	216.0
2012	3415	332.0
2012	3416	289.0
2012	3417	250.0
2012	3418	321.0
2012	3419	203.0
2012	3420	879.0
2012	3421	194.0
2012	3422	338.0
2012	3423	119.0
2012	3424	58.0
2012	3425	46.0
2012	3426	56.0
2012	3427	185.0
2012	3428	81.0
2012	3429	56.0
2012	3430	70.0
2012	3431	81.0
2012	3432	35.0
2012	3433	52.0
2012	3434	50.0
2012	3435	90.0
2012	3436	149.0
2012	3437	138.0
2012	3438	104.0
2012	3439	96.0
2012	3440	191.0
2012	3441	234.0
2012	3442	517.0
2012	3443	618.0
2012	3446	528.0
2012	3447	251.0
2012	3448	197.0
2012	3449	118.0
2012	3450	38.0
2012	3451	233.0
2012	3452	96.0
2012	3453	133.0
2012	3454	40.0
2012	3801	1333.0
2012	3802	1366.0
2012	3803	3211.0
2012	3804	3041.0
2012	3805	1436.0
2012	3806	1638.0
2012	3807	2147.0
2012	3808	405.0
2012	3811	1663.0
2012	3812	123.0
2012	3813	523.0
2012	3814	343.0
2012	3815	116.0
2012	3816	238.0
2012	3817	542.0
2012	3818	181.0
2012	3819	60.0
2012	3820	140.0
2012	3821	110.0
2012	3822	31.0
2012	3823	49.0
2012	3824	73.0
2012	3825	134.0
2012	3901	1333.0
2012	3903	1366.0
2012	3905	3211.0
2012	3907	3041.0
2012	3909	1436.0
2012	3911	1663.0
2012	4001	1638.0
2012	4003	2147.0
2012	4005	405.0
2012	4010	123.0
2012	4012	523.0
2012	4014	343.0
2012	4016	116.0
2012	4018	238.0
2012	4020	542.0
2012	4022	140.0
2012	4024	60.0
2012	4026	181.0
2012	4028	110.0
2012	4030	31.0
2012	4032	49.0
2012	4034	73.0
2012	4036	134.0
2012	4201	230.0
2012	4202	1023.0
2012	4203	1503.0
2012	4204	4555.0
2012	4205	849.0
2012	4206	238.0
2012	4207	253.0
2012	4211	97.0
2012	4212	112.0
2012	4213	295.0
2012	4214	385.0
2012	4215	477.0
2012	4216	269.0
2012	4217	83.0
2012	4218	69.0
2012	4219	173.0
2012	4220	44.0
2012	4221	48.0
2012	4222	41.0
2012	4223	583.0
2012	4224	28.0
2012	4225	380.0
2012	4226	49.0
2012	4227	158.0
2012	4228	62.0
2012	4601	9640.0
2012	4602	333.0
2012	4611	146.0
2012	4612	324.0
2012	4613	290.0
2012	4614	564.0
2012	4615	97.0
2012	4616	75.0
2012	4617	315.0
2012	4618	317.0
2012	4619	29.0
2012	4620	37.0
2012	4621	407.0
2012	4622	221.0
2012	4623	91.0
2012	4624	1026.0
2012	4625	134.0
2012	4626	1923.0
2012	4627	1231.0
2012	4628	136.0
2012	4629	29.0
2012	4630	309.0
2012	4631	1449.0
2012	4632	167.0
2012	4633	30.0
2012	4634	61.0
2012	4635	44.0
2012	4636	23.0
2012	4637	28.0
2012	4638	123.0
2012	4639	63.0
2012	4640	514.0
2012	4641	68.0
2012	4642	47.0
2012	4643	60.0
2012	4644	167.0
2012	4645	59.0
2012	4646	83.0
2012	4647	944.0
2012	4648	73.0
2012	4649	267.0
2012	4650	134.0
2012	4651	164.0
2012	5001	8257.0
2012	5004	747.0
2012	5005	498.0
2012	5006	905.0
2012	5007	613.0
2012	5011	91.0
2012	5012	48.0
2012	5013	187.0
2012	5014	165.0
2012	5015	235.0
2012	5016	63.0
2012	5017	231.0
2012	5018	91.0
2012	5019	41.0
2012	5020	26.0
2012	5021	171.0
2012	5022	82.0
2012	5023	204.0
2012	5024	510.0
2012	5025	195.0
2012	5026	62.0
2012	5027	234.0
2012	5028	882.0
2012	5029	492.0
2012	5030	318.0
2012	5031	859.0
2012	5032	148.0
2012	5033	19.0
2012	5034	97.0
2012	5035	937.0
2012	5036	112.0
2012	5037	779.0
2012	5038	453.0
2012	5039	158.0
2012	5040	76.0
2012	5041	56.0
2012	5042	36.0
2012	5043	18.0
2012	5044	42.0
2012	5045	94.0
2012	5046	27.0
2012	5047	136.0
2012	5048	39.0
2012	5049	40.0
2012	5050	200.0
2012	5051	204.0
2012	5052	27.0
2012	5053	281.0
2012	5054	349.0
2012	5055	183.0
2012	5056	235.0
2012	5057	466.0
2012	5058	132.0
2012	5059	825.0
2012	5060	404.0
2012	5061	40.0
2012	5401	2859.0
2012	5402	897.0
2012	5403	787.0
2012	5404	78.0
2012	5405	229.0
2012	5406	593.0
2012	5411	172.0
2012	5412	212.0
2012	5413	57.0
2012	5414	47.0
2012	5415	35.0
2012	5416	271.0
2012	5417	99.0
2012	5418	381.0
2012	5419	161.0
2012	5420	48.0
2012	5421	622.0
2012	5422	205.0
2012	5423	89.0
2012	5424	101.0
2012	5425	87.0
2012	5426	85.0
2012	5427	94.0
2012	5428	195.0
2012	5429	37.0
2012	5430	70.0
2012	5432	38.0
2012	5433	42.0
2012	5434	45.0
2012	5435	121.0
2012	5436	206.0
2012	5437	88.0
2012	5438	67.0
2012	5439	63.0
2012	5440	35.0
2012	5441	114.0
2012	5442	33.0
2012	5443	68.0
2012	5444	429.0
2012	5501	2859.0
2012	5503	897.0
2012	5510	172.0
2012	5512	212.0
2012	5514	57.0
2012	5516	47.0
2012	5518	35.0
2012	5520	271.0
2012	5522	99.0
2012	5524	381.0
2012	5526	161.0
2012	5528	48.0
2012	5530	622.0
2012	5532	205.0
2012	5534	89.0
2012	5536	101.0
2012	5538	87.0
2012	5540	85.0
2012	5542	94.0
2012	5544	195.0
2012	5546	37.0
2012	5601	787.0
2012	5603	593.0
2012	5605	429.0
2012	5607	229.0
2012	5610	88.0
2012	5612	70.0
2012	5614	38.0
2012	5616	42.0
2012	5618	45.0
2012	5620	121.0
2012	5622	206.0
2012	5624	67.0
2012	5626	63.0
2012	5628	114.0
2012	5630	35.0
2012	5632	68.0
2012	5634	78.0
2012	5636	33.0
2013	0101	1173.0
2013	0104	1957.0
2013	0105	2060.0
2013	0106	3203.0
2013	0111	317.0
2013	0118	57.0
2013	0119	163.0
2013	0121	12.0
2013	0122	332.0
2013	0123	398.0
2013	0124	890.0
2013	0125	680.0
2013	0127	256.0
2013	0128	417.0
2013	0135	411.0
2013	0136	1021.0
2013	0137	445.0
2013	0138	446.0
2013	0211	1046.0
2013	0213	1774.0
2013	0214	1464.0
2013	0215	859.0
2013	0216	900.0
2013	0217	1448.0
2013	0219	6511.0
2013	0220	3501.0
2013	0221	767.0
2013	0226	1413.0
2013	0227	768.0
2013	0228	1564.0
2013	0229	615.0
2013	0230	2474.0
2013	0231	3892.0
2013	0233	1312.0
2013	0234	401.0
2013	0235	2460.0
2013	0236	1294.0
2013	0237	1480.0
2013	0238	896.0
2013	0239	165.0
2013	0301	28840.0
2013	0402	904.0
2013	0403	1692.0
2013	0412	1135.0
2013	0415	359.0
2013	0417	1056.0
2013	0418	167.0
2013	0419	384.0
2013	0420	267.0
2013	0423	207.0
2013	0425	275.0
2013	0426	157.0
2013	0427	874.0
2013	0428	215.0
2013	0429	316.0
2013	0430	86.0
2013	0432	70.0
2013	0434	40.0
2013	0436	42.0
2013	0437	192.0
2013	0438	63.0
2013	0439	52.0
2013	0441	68.0
2013	0501	1556.0
2013	0502	1547.0
2013	0511	95.0
2013	0512	27.0
2013	0513	52.0
2013	0514	54.0
2013	0515	82.0
2013	0516	168.0
2013	0517	181.0
2013	0519	140.0
2013	0520	129.0
2013	0521	202.0
2013	0522	283.0
2013	0528	553.0
2013	0529	611.0
2013	0532	355.0
2013	0533	455.0
2013	0534	551.0
2013	0536	277.0
2013	0538	198.0
2013	0540	116.0
2013	0541	54.0
2013	0542	293.0
2013	0543	87.0
2013	0544	103.0
2013	0545	70.0
2013	0602	3665.0
2013	0604	1121.0
2013	0605	1240.0
2013	0612	471.0
2013	0615	43.0
2013	0616	110.0
2013	0617	174.0
2013	0618	121.0
2013	0619	143.0
2013	0620	184.0
2013	0621	121.0
2013	0622	99.0
2013	0623	689.0
2013	0624	961.0
2013	0625	1364.0
2013	0626	1522.0
2013	0627	1397.0
2013	0628	491.0
2013	0631	124.0
2013	0632	58.0
2013	0633	87.0
2013	0701	1267.0
2013	0702	614.0
2013	0704	2635.0
2013	0706	1774.0
2013	0709	1382.0
2013	0710	3028.0
2013	0711	390.0
2013	0712	1506.0
2013	0713	580.0
2013	0714	202.0
2013	0715	816.0
2013	0716	628.0
2013	0719	448.0
2013	0720	806.0
2013	0722	1447.0
2013	0723	356.0
2013	0728	124.0
2013	0729	1803.0
2013	0805	1772.0
2013	0806	2151.0
2013	0807	523.0
2013	0811	115.0
2013	0814	611.0
2013	0815	354.0
2013	0817	144.0
2013	0819	244.0
2013	0821	377.0
2013	0822	171.0
2013	0826	187.0
2013	0827	43.0
2013	0828	137.0
2013	0829	109.0
2013	0830	65.0
2013	0831	30.0
2013	0833	67.0
2013	0834	123.0
2013	0901	257.0
2013	0904	1137.0
2013	0906	1644.0
2013	0911	92.0
2013	0912	91.0
2013	0914	273.0
2013	0919	312.0
2013	0926	438.0
2013	0928	223.0
2013	0929	88.0
2013	0935	83.0
2013	0937	144.0
2013	0938	53.0
2013	0940	46.0
2013	0941	39.0
2013	1001	3736.0
2013	1002	496.0
2013	1003	252.0
2013	1004	196.0
2013	1014	650.0
2013	1017	373.0
2013	1018	546.0
2013	1021	114.0
2013	1026	32.0
2013	1027	50.0
2013	1029	244.0
2013	1032	234.0
2013	1034	46.0
2013	1037	128.0
2013	1046	63.0
2013	1101	434.0
2013	1102	3974.0
2013	1103	5784.0
2013	1106	1763.0
2013	1108	4043.0
2013	1111	82.0
2013	1112	132.0
2013	1114	116.0
2013	1119	832.0
2013	1120	1072.0
2013	1121	1147.0
2013	1122	606.0
2013	1124	1827.0
2013	1127	545.0
2013	1129	69.0
2013	1130	476.0
2013	1133	96.0
2013	1134	127.0
2013	1135	138.0
2013	1141	135.0
2013	1142	293.0
2013	1144	24.0
2013	1145	45.0
2013	1146	541.0
2013	1149	1379.0
2013	1151	14.0
2013	1160	250.0
2013	1201	9795.0
2013	1211	110.0
2013	1216	290.0
2013	1219	307.0
2013	1221	653.0
2013	1222	103.0
2013	1223	78.0
2013	1224	302.0
2013	1227	37.0
2013	1228	167.0
2013	1231	77.0
2013	1232	41.0
2013	1233	40.0
2013	1234	35.0
2013	1235	387.0
2013	1238	196.0
2013	1241	129.0
2013	1242	90.0
2013	1243	949.0
2013	1244	138.0
2013	1245	349.0
2013	1246	1343.0
2013	1247	1251.0
2013	1251	141.0
2013	1252	12.0
2013	1253	319.0
2013	1256	463.0
2013	1259	301.0
2013	1260	209.0
2013	1263	757.0
2013	1264	154.0
2013	1265	15.0
2013	1266	42.0
2013	1401	329.0
2013	1411	61.0
2013	1412	14.0
2013	1413	39.0
2013	1416	101.0
2013	1417	44.0
2013	1418	33.0
2013	1419	92.0
2013	1420	415.0
2013	1421	51.0
2013	1422	49.0
2013	1424	65.0
2013	1426	181.0
2013	1428	107.0
2013	1429	86.0
2013	1430	110.0
2013	1431	117.0
2013	1432	575.0
2013	1433	125.0
2013	1438	110.0
2013	1439	128.0
2013	1441	77.0
2013	1443	152.0
2013	1444	24.0
2013	1445	154.0
2013	1449	171.0
2013	1502	992.0
2013	1504	2015.0
2013	1505	874.0
2013	1506	1150.0
2013	1507	2711.0
2013	1508	2403.164322469983
2013	1511	55.0
2013	1514	92.0
2013	1515	226.0
2013	1516	350.0
2013	1517	183.0
2013	1519	455.0
2013	1520	301.0
2013	1523	139.0
2013	1524	54.0
2013	1525	109.0
2013	1526	38.0
2013	1528	188.0
2013	1529	232.0
2013	1531	422.0
2013	1532	375.0
2013	1534	306.0
2013	1535	218.0
2013	1539	202.0
2013	1543	102.0
2013	1545	56.0
2013	1546	19.0
2013	1547	149.0
2013	1548	397.0
2013	1551	136.0
2013	1554	237.0
2013	1557	101.0
2013	1560	115.0
2013	1563	141.0
2013	1566	183.0
2013	1567	42.0
2013	1571	47.0
2013	1573	52.0
2013	1576	123.0
2013	1577	479.0
2013	1578	92.0
2013	1579	533.0
2013	1580	307.83567753001716
2013	1601	8426.0
2013	1612	116.0
2013	1613	40.0
2013	1617	178.0
2013	1620	141.0
2013	1621	217.0
2013	1622	76.0
2013	1624	246.0
2013	1627	207.0
2013	1630	130.0
2013	1632	41.0
2013	1633	28.0
2013	1634	214.0
2013	1635	120.0
2013	1636	182.0
2013	1638	483.0
2013	1640	195.0
2013	1644	48.0
2013	1648	211.0
2013	1653	821.0
2013	1657	578.0
2013	1662	381.0
2013	1663	854.0
2013	1664	158.0
2013	1665	25.0
2013	1702	721.0
2013	1703	502.0
2013	1711	106.0
2013	1714	950.0
2013	1717	106.0
2013	1718	118.0
2013	1719	747.0
2013	1721	641.0
2013	1723	32.666666666666664
2013	1724	117.0
2013	1725	59.0
2013	1729	261.3333333333333
2013	1736	63.0
2013	1738	23.0
2013	1739	17.0
2013	1740	50.0
2013	1742	85.0
2013	1743	25.0
2013	1744	165.0
2013	1748	22.0
2013	1749	23.0
2013	1750	190.0
2013	1751	189.0
2013	1755	16.0
2013	1756	294.0
2013	1804	1667.0
2013	1805	660.0
2013	1806	837.0
2013	1811	45.0
2013	1812	86.0
2013	1813	281.0
2013	1815	42.0
2013	1816	18.0
2013	1818	42.0
2013	1820	301.0
2013	1822	134.0
2013	1824	354.0
2013	1825	52.0
2013	1826	26.0
2013	1827	56.0
2013	1828	124.0
2013	1832	122.0
2013	1833	616.0
2013	1834	69.0
2013	1835	18.0
2013	1836	44.0
2013	1837	186.0
2013	1838	104.0
2013	1839	40.0
2013	1840	133.0
2013	1841	373.0
2013	1845	90.0
2013	1848	126.0
2013	1849	79.0
2013	1850	79.0
2013	1851	92.0
2013	1852	74.0
2013	1853	66.0
2013	1854	98.0
2013	1856	19.0
2013	1857	16.0
2013	1859	64.0
2013	1860	419.0
2013	1865	299.0
2013	1866	325.0
2013	1867	77.0
2013	1868	155.0
2013	1870	398.0
2013	1871	156.0
2013	1874	29.0
2013	1875	158.0
2013	1901	941.7157190635452
2013	1902	2798.0
2013	1903	961.0
2013	1911	158.0
2013	1913	178.0
2013	1915	19.28428093645485
2013	1917	69.0
2013	1919	54.0
2013	1920	43.0
2013	1922	268.0
2013	1923	99.0
2013	1924	377.0
2013	1925	176.0
2013	1926	36.0
2013	1927	71.0
2013	1928	41.0
2013	1929	53.0
2013	1931	449.0
2013	1933	231.0
2013	1936	105.0
2013	1938	96.0
2013	1939	76.0
2013	1940	75.0
2013	1941	78.0
2013	1942	189.0
2013	1943	53.0
2013	2002	83.0
2013	2003	211.0
2013	2004	512.0
2013	2011	97.0
2013	2012	726.0
2013	2014	37.0
2013	2015	75.0
2013	2017	83.0
2013	2018	48.0
2013	2019	129.0
2013	2020	175.0
2013	2021	108.0
2013	2022	58.0
2013	2023	51.0
2013	2024	50.0
2013	2025	99.0
2013	2027	51.0
2013	2028	76.0
2013	2030	393.0
2013	3001	1173.0
2013	3002	2978.0
2013	3003	2060.0
2013	3004	3203.0
2013	3005	5419.0
2013	3006	1121.0
2013	3007	1240.0
2013	3011	317.0
2013	3012	57.0
2013	3013	163.0
2013	3014	2746.0
2013	3015	256.0
2013	3016	417.0
2013	3017	411.0
2013	3018	445.0
2013	3019	1046.0
2013	3020	3222.0
2013	3021	1464.0
2013	3022	859.0
2013	3023	900.0
2013	3024	6511.0
2013	3025	5389.0
2013	3026	779.0
2013	3027	1564.0
2013	3028	615.0
2013	3029	2474.0
2013	3030	6073.0
2013	3031	1312.0
2013	3032	401.0
2013	3033	2460.0
2013	3034	1294.0
2013	3035	1480.0
2013	3036	896.0
2013	3037	165.0
2013	3038	471.0
2013	3039	43.0
2013	3040	110.0
2013	3041	174.0
2013	3042	121.0
2013	3043	143.0
2013	3044	184.0
2013	3045	121.0
2013	3046	99.0
2013	3047	689.0
2013	3048	961.0
2013	3049	1522.0
2013	3050	124.0
2013	3051	58.0
2013	3052	87.0
2013	3053	355.0
2013	3054	455.0
2013	3101	1173.0
2013	3103	2978.0
2013	3105	2060.0
2013	3107	3203.0
2013	3110	317.0
2013	3112	411.0
2013	3114	445.0
2013	3116	256.0
2013	3118	2746.0
2013	3120	417.0
2013	3122	163.0
2013	3124	57.0
2013	3201	6511.0
2013	3203	5389.0
2013	3205	6073.0
2013	3207	3222.0
2013	3209	2460.0
2013	3212	900.0
2013	3214	859.0
2013	3216	1046.0
2013	3218	1464.0
2013	3220	615.0
2013	3222	2474.0
2013	3224	1564.0
2013	3226	779.0
2013	3228	1294.0
2013	3230	401.0
2013	3232	1312.0
2013	3234	455.0
2013	3236	355.0
2013	3238	896.0
2013	3240	1480.0
2013	3242	165.0
2013	3301	5419.0
2013	3303	1121.0
2013	3305	1240.0
2013	3310	471.0
2013	3312	1522.0
2013	3314	961.0
2013	3316	689.0
2013	3318	99.0
2013	3320	43.0
2013	3322	110.0
2013	3324	174.0
2013	3326	121.0
2013	3328	143.0
2013	3330	184.0
2013	3332	121.0
2013	3334	124.0
2013	3336	58.0
2013	3338	87.0
2013	3401	904.0
2013	3403	1692.0
2013	3405	1556.0
2013	3407	1547.0
2013	3411	1135.0
2013	3412	359.0
2013	3413	1056.0
2013	3414	167.0
2013	3415	384.0
2013	3416	267.0
2013	3417	207.0
2013	3418	275.0
2013	3419	157.0
2013	3420	874.0
2013	3421	215.0
2013	3422	316.0
2013	3423	86.0
2013	3424	70.0
2013	3425	40.0
2013	3426	42.0
2013	3427	192.0
2013	3428	63.0
2013	3429	52.0
2013	3430	68.0
2013	3431	95.0
2013	3432	27.0
2013	3433	52.0
2013	3434	54.0
2013	3435	82.0
2013	3436	168.0
2013	3437	181.0
2013	3438	140.0
2013	3439	129.0
2013	3440	202.0
2013	3441	283.0
2013	3442	553.0
2013	3443	611.0
2013	3446	551.0
2013	3447	277.0
2013	3448	198.0
2013	3449	116.0
2013	3450	54.0
2013	3451	293.0
2013	3452	87.0
2013	3453	103.0
2013	3454	70.0
2013	3801	1267.0
2013	3802	1396.0
2013	3803	3263.0
2013	3804	3028.0
2013	3805	1506.0
2013	3806	1772.0
2013	3807	2151.0
2013	3808	523.0
2013	3811	1803.0
2013	3812	115.0
2013	3813	611.0
2013	3814	354.0
2013	3815	144.0
2013	3816	244.0
2013	3817	548.0
2013	3818	187.0
2013	3819	43.0
2013	3820	137.0
2013	3821	109.0
2013	3822	65.0
2013	3823	30.0
2013	3824	67.0
2013	3825	123.0
2013	3901	1267.0
2013	3903	1396.0
2013	3905	3263.0
2013	3907	3028.0
2013	3909	1506.0
2013	3911	1803.0
2013	4001	1772.0
2013	4003	2151.0
2013	4005	523.0
2013	4010	115.0
2013	4012	611.0
2013	4014	354.0
2013	4016	144.0
2013	4018	244.0
2013	4020	548.0
2013	4022	137.0
2013	4024	43.0
2013	4026	187.0
2013	4028	109.0
2013	4030	65.0
2013	4032	30.0
2013	4034	67.0
2013	4036	123.0
2013	4201	257.0
2013	4202	1137.0
2013	4203	1644.0
2013	4204	4655.0
2013	4205	854.0
2013	4206	252.0
2013	4207	196.0
2013	4211	92.0
2013	4212	91.0
2013	4213	273.0
2013	4214	312.0
2013	4215	438.0
2013	4216	223.0
2013	4217	88.0
2013	4218	83.0
2013	4219	144.0
2013	4220	53.0
2013	4221	46.0
2013	4222	39.0
2013	4223	650.0
2013	4224	32.0
2013	4225	284.0
2013	4226	46.0
2013	4227	128.0
2013	4228	63.0
2013	4601	9795.0
2013	4602	457.0
2013	4611	110.0
2013	4612	290.0
2013	4613	307.0
2013	4614	653.0
2013	4615	103.0
2013	4616	78.0
2013	4617	302.0
2013	4618	281.0
2013	4619	41.0
2013	4620	40.0
2013	4621	422.0
2013	4622	196.0
2013	4623	90.0
2013	4624	1078.0
2013	4625	138.0
2013	4626	1993.0
2013	4627	1251.0
2013	4628	141.0
2013	4629	12.0
2013	4630	319.0
2013	4631	1429.0
2013	4632	154.0
2013	4633	15.0
2013	4634	42.0
2013	4635	61.0
2013	4636	14.0
2013	4637	39.0
2013	4638	101.0
2013	4639	44.0
2013	4640	540.0
2013	4641	51.0
2013	4642	49.0
2013	4643	65.0
2013	4644	181.0
2013	4645	107.0
2013	4646	86.0
2013	4647	927.0
2013	4648	110.0
2013	4649	229.0
2013	4650	154.0
2013	4651	171.0
2013	5001	8426.0
2013	5004	721.0
2013	5005	502.0
2013	5006	838.0
2013	5007	583.0
2013	5011	116.0
2013	5012	40.0
2013	5013	178.0
2013	5014	141.0
2013	5015	217.0
2013	5016	76.0
2013	5017	207.0
2013	5018	130.0
2013	5019	41.0
2013	5020	28.0
2013	5021	214.0
2013	5022	120.0
2013	5023	182.0
2013	5024	483.0
2013	5025	195.0
2013	5026	48.0
2013	5027	211.0
2013	5028	821.0
2013	5029	578.0
2013	5030	381.0
2013	5031	854.0
2013	5032	158.0
2013	5033	25.0
2013	5034	106.0
2013	5035	950.0
2013	5036	106.0
2013	5037	747.0
2013	5038	641.0
2013	5039	117.0
2013	5040	59.0
2013	5041	63.0
2013	5042	23.0
2013	5043	17.0
2013	5044	50.0
2013	5045	85.0
2013	5046	25.0
2013	5047	165.0
2013	5048	22.0
2013	5049	23.0
2013	5050	190.0
2013	5051	189.0
2013	5052	16.0
2013	5053	294.0
2013	5054	364.0
2013	5055	203.0
2013	5056	218.0
2013	5057	424.0
2013	5058	171.0
2013	5059	781.0
2013	5060	379.0
2013	5061	42.0
2013	5401	2798.0
2013	5402	961.0
2013	5403	726.0
2013	5404	83.0
2013	5405	211.0
2013	5406	595.0
2013	5411	158.0
2013	5412	252.0
2013	5413	69.0
2013	5414	54.0
2013	5415	43.0
2013	5416	268.0
2013	5417	99.0
2013	5418	377.0
2013	5419	176.0
2013	5420	36.0
2013	5421	614.0
2013	5422	231.0
2013	5423	105.0
2013	5424	96.0
2013	5425	76.0
2013	5426	75.0
2013	5427	78.0
2013	5428	189.0
2013	5429	53.0
2013	5430	97.0
2013	5432	37.0
2013	5433	75.0
2013	5434	48.0
2013	5435	129.0
2013	5436	175.0
2013	5437	108.0
2013	5438	58.0
2013	5439	51.0
2013	5440	50.0
2013	5441	99.0
2013	5442	51.0
2013	5443	76.0
2013	5444	393.0
2013	5501	2798.0
2013	5503	961.0
2013	5510	158.0
2013	5512	252.0
2013	5514	69.0
2013	5516	54.0
2013	5518	43.0
2013	5520	268.0
2013	5522	99.0
2013	5524	377.0
2013	5526	176.0
2013	5528	36.0
2013	5530	614.0
2013	5532	231.0
2013	5534	105.0
2013	5536	96.0
2013	5538	76.0
2013	5540	75.0
2013	5542	78.0
2013	5544	189.0
2013	5546	53.0
2013	5601	726.0
2013	5603	595.0
2013	5605	393.0
2013	5607	211.0
2013	5610	108.0
2013	5612	97.0
2013	5614	37.0
2013	5616	75.0
2013	5618	48.0
2013	5620	129.0
2013	5622	175.0
2013	5624	58.0
2013	5626	51.0
2013	5628	99.0
2013	5630	50.0
2013	5632	76.0
2013	5634	83.0
2013	5636	51.0
2014	0101	1213.0
2014	0104	2052.0
2014	0105	2178.0
2014	0106	3321.0
2014	0111	337.0
2014	0118	60.0
2014	0119	163.0
2014	0121	37.0
2014	0122	308.0
2014	0123	367.0
2014	0124	934.0
2014	0125	651.0
2014	0127	207.0
2014	0128	413.0
2014	0135	493.0
2014	0136	996.0
2014	0137	442.0
2014	0138	476.0
2014	0211	1180.0
2014	0213	1759.0
2014	0214	1479.0
2014	0215	770.0
2014	0216	908.0
2014	0217	1404.0
2014	0219	6670.0
2014	0220	3503.0
2014	0221	835.0
2014	0226	1131.0
2014	0227	731.0
2014	0228	1498.0
2014	0229	640.0
2014	0230	2610.0
2014	0231	3861.0
2014	0233	1314.0
2014	0234	370.0
2014	0235	2524.0
2014	0236	1157.0
2014	0237	1469.0
2014	0238	834.0
2014	0239	181.0
2014	0301	29590.0
2014	0402	847.0
2014	0403	1790.0
2014	0412	1156.0
2014	0415	371.0
2014	0417	1087.0
2014	0418	184.0
2014	0419	403.0
2014	0420	304.0
2014	0423	183.0
2014	0425	279.0
2014	0426	168.0
2014	0427	924.0
2014	0428	187.0
2014	0429	314.0
2014	0430	132.0
2014	0432	92.0
2014	0434	51.0
2014	0436	59.0
2014	0437	207.0
2014	0438	64.0
2014	0439	55.0
2014	0441	71.0
2014	0501	1608.0
2014	0502	1570.0
2014	0511	120.0
2014	0512	41.0
2014	0513	41.0
2014	0514	80.0
2014	0515	90.0
2014	0516	180.0
2014	0517	156.0
2014	0519	126.0
2014	0520	148.0
2014	0521	226.0
2014	0522	199.0
2014	0528	561.0
2014	0529	602.0
2014	0532	354.0
2014	0533	424.0
2014	0534	507.0
2014	0536	265.0
2014	0538	242.0
2014	0540	133.0
2014	0541	56.0
2014	0542	345.0
2014	0543	87.0
2014	0544	123.0
2014	0545	62.0
2014	0602	3862.0
2014	0604	1115.0
2014	0605	1232.0
2014	0612	461.0
2014	0615	40.0
2014	0616	112.0
2014	0617	172.0
2014	0618	129.0
2014	0619	155.0
2014	0620	176.0
2014	0621	146.0
2014	0622	81.0
2014	0623	572.0
2014	0624	958.0
2014	0625	1486.0
2014	0626	1403.0
2014	0627	1278.0
2014	0628	502.0
2014	0631	135.0
2014	0632	73.0
2014	0633	69.0
2014	0701	1264.0
2014	0702	633.0
2014	0704	2848.0
2014	0706	1868.0
2014	0709	1480.0
2014	0710	3030.0
2014	0711	422.0
2014	0712	1630.0
2014	0713	561.0
2014	0714	188.0
2014	0715	821.0
2014	0716	619.0
2014	0719	409.0
2014	0720	753.0
2014	0722	1385.0
2014	0723	318.0
2014	0728	150.0
2014	0729	1703.0
2014	0805	1819.0
2014	0806	2177.0
2014	0807	512.0
2014	0811	133.0
2014	0814	554.0
2014	0815	396.0
2014	0817	143.0
2014	0819	251.0
2014	0821	437.0
2014	0822	203.0
2014	0826	217.0
2014	0827	59.0
2014	0828	125.0
2014	0829	93.0
2014	0830	56.0
2014	0831	52.0
2014	0833	82.0
2014	0834	110.0
2014	0901	240.0
2014	0904	1170.0
2014	0906	1618.0
2014	0911	104.0
2014	0912	83.0
2014	0914	294.0
2014	0919	308.0
2014	0926	528.0
2014	0928	260.0
2014	0929	85.0
2014	0935	63.0
2014	0937	116.0
2014	0938	53.0
2014	0940	39.0
2014	0941	29.0
2014	1001	3874.0
2014	1002	520.0
2014	1003	274.0
2014	1004	263.0
2014	1014	590.0
2014	1017	430.0
2014	1018	615.0
2014	1021	143.0
2014	1026	19.0
2014	1027	50.0
2014	1029	197.0
2014	1032	288.0
2014	1034	50.0
2014	1037	151.0
2014	1046	52.0
2014	1101	448.0
2014	1102	3994.0
2014	1103	5908.0
2014	1106	1951.0
2014	1108	4026.0
2014	1111	81.0
2014	1112	113.0
2014	1114	124.0
2014	1119	781.0
2014	1120	1116.0
2014	1121	1111.0
2014	1122	693.0
2014	1124	1960.0
2014	1127	730.0
2014	1129	32.0
2014	1130	469.0
2014	1133	102.0
2014	1134	126.0
2014	1135	118.0
2014	1141	169.0
2014	1142	281.0
2014	1144	39.0
2014	1145	25.0
2014	1146	505.0
2014	1149	1296.0
2014	1151	12.0
2014	1160	219.0
2014	1201	9775.0
2014	1211	122.0
2014	1216	280.0
2014	1219	263.0
2014	1221	582.0
2014	1222	138.0
2014	1223	106.0
2014	1224	290.0
2014	1227	35.0
2014	1228	164.0
2014	1231	88.0
2014	1232	28.0
2014	1233	42.0
2014	1234	31.0
2014	1235	419.0
2014	1238	225.0
2014	1241	118.0
2014	1242	107.0
2014	1243	946.0
2014	1244	154.0
2014	1245	353.0
2014	1246	1440.0
2014	1247	1310.0
2014	1251	117.0
2014	1252	8.0
2014	1253	275.0
2014	1256	514.0
2014	1259	257.0
2014	1260	177.0
2014	1263	878.0
2014	1264	159.0
2014	1265	16.0
2014	1266	56.0
2014	1401	304.0
2014	1411	55.0
2014	1412	35.0
2014	1413	56.0
2014	1416	103.0
2014	1417	38.0
2014	1418	34.0
2014	1419	81.0
2014	1420	374.0
2014	1421	56.0
2014	1422	51.0
2014	1424	80.0
2014	1426	162.0
2014	1428	81.0
2014	1429	88.0
2014	1430	99.0
2014	1431	69.0
2014	1432	528.0
2014	1433	111.0
2014	1438	100.0
2014	1439	139.0
2014	1441	55.0
2014	1443	171.0
2014	1444	30.0
2014	1445	149.0
2014	1449	174.0
2014	1502	1048.0
2014	1504	1973.0
2014	1505	841.0
2014	1506	1213.0
2014	1507	2608.0
2014	1508	2311.860034305317
2014	1511	80.0
2014	1514	82.0
2014	1515	258.0
2014	1516	375.0
2014	1517	225.0
2014	1519	445.0
2014	1520	313.0
2014	1523	104.0
2014	1524	32.0
2014	1525	98.0
2014	1526	52.0
2014	1528	143.0
2014	1529	234.0
2014	1531	368.0
2014	1532	383.0
2014	1534	270.0
2014	1535	222.0
2014	1539	211.0
2014	1543	93.0
2014	1545	72.0
2014	1546	27.0
2014	1547	177.0
2014	1548	380.0
2014	1551	126.0
2014	1554	254.0
2014	1557	121.0
2014	1560	101.0
2014	1563	158.0
2014	1566	164.0
2014	1567	52.0
2014	1571	46.0
2014	1573	43.0
2014	1576	93.0
2014	1577	475.0
2014	1578	84.0
2014	1579	506.0
2014	1580	296.1399656946827
2014	1601	8699.0
2014	1612	123.0
2014	1613	41.0
2014	1617	203.0
2014	1620	172.0
2014	1621	273.0
2014	1622	83.0
2014	1624	240.0
2014	1627	223.0
2014	1630	104.0
2014	1632	24.0
2014	1633	49.0
2014	1634	226.0
2014	1635	96.0
2014	1636	183.0
2014	1638	454.0
2014	1640	221.0
2014	1644	60.0
2014	1648	175.0
2014	1653	761.0
2014	1657	572.0
2014	1662	356.0
2014	1663	860.0
2014	1664	176.0
2014	1665	30.0
2014	1702	784.0
2014	1703	456.0
2014	1711	98.0
2014	1714	899.0
2014	1717	86.0
2014	1718	97.0
2014	1719	845.0
2014	1721	442.0
2014	1723	38.33333333333333
2014	1724	117.0
2014	1725	64.0
2014	1729	306.66666666666663
2014	1736	65.0
2014	1738	48.0
2014	1739	6.0
2014	1740	37.0
2014	1742	131.0
2014	1743	22.0
2014	1744	174.0
2014	1748	19.0
2014	1749	37.0
2014	1750	196.0
2014	1751	194.0
2014	1755	31.0
2014	1756	345.0
2014	1804	1726.0
2014	1805	651.0
2014	1806	853.0
2014	1811	46.0
2014	1812	84.0
2014	1813	284.0
2014	1815	46.0
2014	1816	20.0
2014	1818	69.0
2014	1820	282.0
2014	1822	107.0
2014	1824	409.0
2014	1825	25.0
2014	1826	40.0
2014	1827	42.0
2014	1828	70.0
2014	1832	155.0
2014	1833	568.0
2014	1834	71.0
2014	1835	22.0
2014	1836	36.0
2014	1837	206.0
2014	1838	87.0
2014	1839	18.0
2014	1840	172.0
2014	1841	378.0
2014	1845	61.0
2014	1848	88.0
2014	1849	95.0
2014	1850	75.0
2014	1851	70.0
2014	1852	92.0
2014	1853	71.0
2014	1854	127.0
2014	1856	20.0
2014	1857	26.0
2014	1859	48.0
2014	1860	400.0
2014	1865	324.0
2014	1866	254.0
2014	1867	106.0
2014	1868	156.0
2014	1870	404.0
2014	1871	210.0
2014	1874	31.0
2014	1875	170.0
2014	1901	945.6354515050167
2014	1902	2887.0
2014	1903	965.0
2014	1911	143.0
2014	1913	168.0
2014	1915	19.36454849498328
2014	1917	54.0
2014	1919	48.0
2014	1920	33.0
2014	1922	363.0
2014	1923	76.0
2014	1924	408.0
2014	1925	159.0
2014	1926	49.0
2014	1927	111.0
2014	1928	53.0
2014	1929	50.0
2014	1931	419.0
2014	1933	280.0
2014	1936	98.0
2014	1938	83.0
2014	1939	79.0
2014	1940	68.0
2014	1941	98.0
2014	1942	179.0
2014	1943	47.0
2014	2002	73.0
2014	2003	261.0
2014	2004	453.0
2014	2011	95.0
2014	2012	619.0
2014	2014	32.0
2014	2015	62.0
2014	2017	84.0
2014	2018	44.0
2014	2019	173.0
2014	2020	174.0
2014	2021	104.0
2014	2022	57.0
2014	2023	51.0
2014	2024	30.0
2014	2025	135.0
2014	2027	56.0
2014	2028	68.0
2014	2030	420.0
2014	3001	1213.0
2014	3002	3048.0
2014	3003	2178.0
2014	3004	3321.0
2014	3005	5770.0
2014	3006	1115.0
2014	3007	1232.0
2014	3011	337.0
2014	3012	60.0
2014	3013	163.0
2014	3014	2736.0
2014	3015	207.0
2014	3016	413.0
2014	3017	493.0
2014	3018	442.0
2014	3019	1180.0
2014	3020	3163.0
2014	3021	1479.0
2014	3022	770.0
2014	3023	908.0
2014	3024	6670.0
2014	3025	5283.0
2014	3026	872.0
2014	3027	1498.0
2014	3028	640.0
2014	3029	2610.0
2014	3030	5723.0
2014	3031	1314.0
2014	3032	370.0
2014	3033	2524.0
2014	3034	1157.0
2014	3035	1469.0
2014	3036	834.0
2014	3037	181.0
2014	3038	461.0
2014	3039	40.0
2014	3040	112.0
2014	3041	172.0
2014	3042	129.0
2014	3043	155.0
2014	3044	176.0
2014	3045	146.0
2014	3046	81.0
2014	3047	572.0
2014	3048	958.0
2014	3049	1403.0
2014	3050	135.0
2014	3051	73.0
2014	3052	69.0
2014	3053	354.0
2014	3054	424.0
2014	3101	1213.0
2014	3103	3048.0
2014	3105	2178.0
2014	3107	3321.0
2014	3110	337.0
2014	3112	493.0
2014	3114	442.0
2014	3116	207.0
2014	3118	2736.0
2014	3120	413.0
2014	3122	163.0
2014	3124	60.0
2014	3201	6670.0
2014	3203	5283.0
2014	3205	5723.0
2014	3207	3163.0
2014	3209	2524.0
2014	3212	908.0
2014	3214	770.0
2014	3216	1180.0
2014	3218	1479.0
2014	3220	640.0
2014	3222	2610.0
2014	3224	1498.0
2014	3226	872.0
2014	3228	1157.0
2014	3230	370.0
2014	3232	1314.0
2014	3234	424.0
2014	3236	354.0
2014	3238	834.0
2014	3240	1469.0
2014	3242	181.0
2014	3301	5770.0
2014	3303	1115.0
2014	3305	1232.0
2014	3310	461.0
2014	3312	1403.0
2014	3314	958.0
2014	3316	572.0
2014	3318	81.0
2014	3320	40.0
2014	3322	112.0
2014	3324	172.0
2014	3326	129.0
2014	3328	155.0
2014	3330	176.0
2014	3332	146.0
2014	3334	135.0
2014	3336	73.0
2014	3338	69.0
2014	3401	847.0
2014	3403	1790.0
2014	3405	1608.0
2014	3407	1570.0
2014	3411	1156.0
2014	3412	371.0
2014	3413	1087.0
2014	3414	184.0
2014	3415	403.0
2014	3416	304.0
2014	3417	183.0
2014	3418	279.0
2014	3419	168.0
2014	3420	924.0
2014	3421	187.0
2014	3422	314.0
2014	3423	132.0
2014	3424	92.0
2014	3425	51.0
2014	3426	59.0
2014	3427	207.0
2014	3428	64.0
2014	3429	55.0
2014	3430	71.0
2014	3431	120.0
2014	3432	41.0
2014	3433	41.0
2014	3434	80.0
2014	3435	90.0
2014	3436	180.0
2014	3437	156.0
2014	3438	126.0
2014	3439	148.0
2014	3440	226.0
2014	3441	199.0
2014	3442	561.0
2014	3443	602.0
2014	3446	507.0
2014	3447	265.0
2014	3448	242.0
2014	3449	133.0
2014	3450	56.0
2014	3451	345.0
2014	3452	87.0
2014	3453	123.0
2014	3454	62.0
2014	3801	1264.0
2014	3802	1382.0
2014	3803	3467.0
2014	3804	3030.0
2014	3805	1630.0
2014	3806	1819.0
2014	3807	2177.0
2014	3808	512.0
2014	3811	1703.0
2014	3812	133.0
2014	3813	554.0
2014	3814	396.0
2014	3815	143.0
2014	3816	251.0
2014	3817	640.0
2014	3818	217.0
2014	3819	59.0
2014	3820	125.0
2014	3821	93.0
2014	3822	56.0
2014	3823	52.0
2014	3824	82.0
2014	3825	110.0
2014	3901	1264.0
2014	3903	1382.0
2014	3905	3467.0
2014	3907	3030.0
2014	3909	1630.0
2014	3911	1703.0
2014	4001	1819.0
2014	4003	2177.0
2014	4005	512.0
2014	4010	133.0
2014	4012	554.0
2014	4014	396.0
2014	4016	143.0
2014	4018	251.0
2014	4020	640.0
2014	4022	125.0
2014	4024	59.0
2014	4026	217.0
2014	4028	93.0
2014	4030	56.0
2014	4032	52.0
2014	4034	82.0
2014	4036	110.0
2014	4201	240.0
2014	4202	1170.0
2014	4203	1618.0
2014	4204	4919.0
2014	4205	860.0
2014	4206	274.0
2014	4207	263.0
2014	4211	104.0
2014	4212	83.0
2014	4213	294.0
2014	4214	308.0
2014	4215	528.0
2014	4216	260.0
2014	4217	85.0
2014	4218	63.0
2014	4219	116.0
2014	4220	53.0
2014	4221	39.0
2014	4222	29.0
2014	4223	590.0
2014	4224	19.0
2014	4225	338.0
2014	4226	50.0
2014	4227	151.0
2014	4228	52.0
2014	4601	9775.0
2014	4602	443.0
2014	4611	122.0
2014	4612	280.0
2014	4613	263.0
2014	4614	582.0
2014	4615	138.0
2014	4616	106.0
2014	4617	290.0
2014	4618	287.0
2014	4619	28.0
2014	4620	42.0
2014	4621	450.0
2014	4622	225.0
2014	4623	107.0
2014	4624	1064.0
2014	4625	154.0
2014	4626	2050.0
2014	4627	1310.0
2014	4628	117.0
2014	4629	8.0
2014	4630	275.0
2014	4631	1569.0
2014	4632	159.0
2014	4633	16.0
2014	4634	56.0
2014	4635	55.0
2014	4636	35.0
2014	4637	56.0
2014	4638	103.0
2014	4639	38.0
2014	4640	489.0
2014	4641	56.0
2014	4642	51.0
2014	4643	80.0
2014	4644	162.0
2014	4645	81.0
2014	4646	88.0
2014	4647	807.0
2014	4648	100.0
2014	4649	226.0
2014	4650	149.0
2014	4651	174.0
2014	5001	8699.0
2014	5004	784.0
2014	5005	456.0
2014	5006	901.0
2014	5007	539.0
2014	5011	123.0
2014	5012	41.0
2014	5013	203.0
2014	5014	172.0
2014	5015	273.0
2014	5016	83.0
2014	5017	223.0
2014	5018	104.0
2014	5019	24.0
2014	5020	49.0
2014	5021	226.0
2014	5022	96.0
2014	5023	183.0
2014	5024	454.0
2014	5025	221.0
2014	5026	60.0
2014	5027	175.0
2014	5028	761.0
2014	5029	572.0
2014	5030	356.0
2014	5031	860.0
2014	5032	176.0
2014	5033	30.0
2014	5034	98.0
2014	5035	899.0
2014	5036	86.0
2014	5037	845.0
2014	5038	442.0
2014	5039	117.0
2014	5040	64.0
2014	5041	65.0
2014	5042	48.0
2014	5043	6.0
2014	5044	37.0
2014	5045	131.0
2014	5046	22.0
2014	5047	174.0
2014	5048	19.0
2014	5049	37.0
2014	5050	196.0
2014	5051	194.0
2014	5052	31.0
2014	5053	345.0
2014	5054	337.0
2014	5055	210.0
2014	5056	244.0
2014	5057	496.0
2014	5058	128.0
2014	5059	761.0
2014	5060	390.0
2014	5061	52.0
2014	5401	2887.0
2014	5402	965.0
2014	5403	619.0
2014	5404	73.0
2014	5405	261.0
2014	5406	537.0
2014	5411	143.0
2014	5412	260.0
2014	5413	54.0
2014	5414	48.0
2014	5415	33.0
2014	5416	363.0
2014	5417	76.0
2014	5418	408.0
2014	5419	159.0
2014	5420	49.0
2014	5421	633.0
2014	5422	280.0
2014	5423	98.0
2014	5424	83.0
2014	5425	79.0
2014	5426	68.0
2014	5427	98.0
2014	5428	179.0
2014	5429	47.0
2014	5430	95.0
2014	5432	32.0
2014	5433	62.0
2014	5434	44.0
2014	5435	173.0
2014	5436	174.0
2014	5437	104.0
2014	5438	57.0
2014	5439	51.0
2014	5440	30.0
2014	5441	135.0
2014	5442	56.0
2014	5443	68.0
2014	5444	420.0
2014	5501	2887.0
2014	5503	965.0
2014	5510	143.0
2014	5512	260.0
2014	5514	54.0
2014	5516	48.0
2014	5518	33.0
2014	5520	363.0
2014	5522	76.0
2014	5524	408.0
2014	5526	159.0
2014	5528	49.0
2014	5530	633.0
2014	5532	280.0
2014	5534	98.0
2014	5536	83.0
2014	5538	79.0
2014	5540	68.0
2014	5542	98.0
2014	5544	179.0
2014	5546	47.0
2014	5601	619.0
2014	5603	537.0
2014	5605	420.0
2014	5607	261.0
2014	5610	104.0
2014	5612	95.0
2014	5614	32.0
2014	5616	62.0
2014	5618	44.0
2014	5620	173.0
2014	5622	174.0
2014	5624	57.0
2014	5626	51.0
2014	5628	135.0
2014	5630	30.0
2014	5632	68.0
2014	5634	73.0
2014	5636	56.0
2015	0101	1305.0
2015	0104	2084.0
2015	0105	2280.0
2015	0106	3446.0
2015	0111	340.0
2015	0118	84.0
2015	0119	166.0
2015	0121	30.0
2015	0122	301.0
2015	0123	419.0
2015	0124	891.0
2015	0125	703.0
2015	0127	219.0
2015	0128	438.0
2015	0135	535.0
2015	0136	1080.0
2015	0137	379.0
2015	0138	418.0
2015	0211	1272.0
2015	0213	1924.0
2015	0214	1638.0
2015	0215	901.0
2015	0216	1031.0
2015	0217	1461.0
2015	0219	7007.0
2015	0220	3487.0
2015	0221	859.0
2015	0226	1328.0
2015	0227	840.0
2015	0228	1410.0
2015	0229	633.0
2015	0230	3225.0
2015	0231	3999.0
2015	0233	1268.0
2015	0234	352.0
2015	0235	2656.0
2015	0236	1417.0
2015	0237	1560.0
2015	0238	1070.0
2015	0239	246.0
2015	0301	31560.0
2015	0402	841.0
2015	0403	1901.0
2015	0412	1211.0
2015	0415	433.0
2015	0417	1127.0
2015	0418	184.0
2015	0419	484.0
2015	0420	239.0
2015	0423	188.0
2015	0425	287.0
2015	0426	182.0
2015	0427	1027.0
2015	0428	199.0
2015	0429	308.0
2015	0430	132.0
2015	0432	112.0
2015	0434	38.0
2015	0436	50.0
2015	0437	216.0
2015	0438	90.0
2015	0439	61.0
2015	0441	75.0
2015	0501	1638.0
2015	0502	1534.0
2015	0511	94.0
2015	0512	55.0
2015	0513	48.0
2015	0514	76.0
2015	0515	105.0
2015	0516	197.0
2015	0517	162.0
2015	0519	112.0
2015	0520	170.0
2015	0521	244.0
2015	0522	262.0
2015	0528	672.0
2015	0529	586.0
2015	0532	373.0
2015	0533	438.0
2015	0534	517.0
2015	0536	299.0
2015	0538	269.0
2015	0540	87.0
2015	0541	38.0
2015	0542	305.0
2015	0543	82.0
2015	0544	129.0
2015	0545	67.0
2015	0602	4017.0
2015	0604	1207.0
2015	0605	1286.0
2015	0612	450.0
2015	0615	60.0
2015	0616	169.0
2015	0617	184.0
2015	0618	115.0
2015	0619	149.0
2015	0620	202.0
2015	0621	113.0
2015	0622	77.0
2015	0623	668.0
2015	0624	1017.0
2015	0625	1532.0
2015	0626	1535.0
2015	0627	1415.0
2015	0628	551.0
2015	0631	131.0
2015	0632	63.0
2015	0633	95.0
2015	0701	1444.0
2015	0702	575.0
2015	0704	2811.0
2015	0706	1989.0
2015	0709	1555.0
2015	0710	3160.0
2015	0711	386.0
2015	0712	1704.0
2015	0713	570.0
2015	0714	175.0
2015	0715	750.0
2015	0716	608.0
2015	0719	378.0
2015	0720	793.0
2015	0722	1447.0
2015	0723	354.0
2015	0728	149.0
2015	0729	1801.0
2015	0805	1697.0
2015	0806	2231.0
2015	0807	481.0
2015	0811	117.0
2015	0814	577.0
2015	0815	326.0
2015	0817	155.0
2015	0819	236.0
2015	0821	481.0
2015	0822	187.0
2015	0826	199.0
2015	0827	60.0
2015	0828	127.0
2015	0829	114.0
2015	0830	53.0
2015	0831	52.0
2015	0833	74.0
2015	0834	118.0
2015	0901	276.0
2015	0904	1340.0
2015	0906	1508.0
2015	0911	84.0
2015	0912	100.0
2015	0914	277.0
2015	0919	340.0
2015	0926	554.0
2015	0928	280.0
2015	0929	96.0
2015	0935	56.0
2015	0937	150.0
2015	0938	51.0
2015	0940	47.0
2015	0941	44.0
2015	1001	3830.0
2015	1002	558.0
2015	1003	251.0
2015	1004	268.0
2015	1014	639.0
2015	1017	412.0
2015	1018	571.0
2015	1021	123.0
2015	1026	27.0
2015	1027	55.0
2015	1029	250.0
2015	1032	342.0
2015	1034	46.0
2015	1037	146.0
2015	1046	46.0
2015	1101	419.0
2015	1102	3784.0
2015	1103	5964.0
2015	1106	2010.0
2015	1108	3848.0
2015	1111	84.0
2015	1112	109.0
2015	1114	82.0
2015	1119	661.0
2015	1120	1034.0
2015	1121	1046.0
2015	1122	645.0
2015	1124	1831.0
2015	1127	663.0
2015	1129	64.0
2015	1130	361.0
2015	1133	78.0
2015	1134	127.0
2015	1135	109.0
2015	1141	138.0
2015	1142	285.0
2015	1144	24.0
2015	1145	32.0
2015	1146	515.0
2015	1149	1279.0
2015	1151	9.0
2015	1160	246.0
2015	1201	9880.0
2015	1211	118.0
2015	1216	268.0
2015	1219	297.0
2015	1221	602.0
2015	1222	110.0
2015	1223	114.0
2015	1224	303.0
2015	1227	53.0
2015	1228	189.0
2015	1231	75.0
2015	1232	39.0
2015	1233	45.0
2015	1234	41.0
2015	1235	439.0
2015	1238	222.0
2015	1241	158.0
2015	1242	102.0
2015	1243	1052.0
2015	1244	173.0
2015	1245	432.0
2015	1246	1406.0
2015	1247	1418.0
2015	1251	141.0
2015	1252	26.0
2015	1253	291.0
2015	1256	430.0
2015	1259	255.0
2015	1260	216.0
2015	1263	838.0
2015	1264	159.0
2015	1265	22.0
2015	1266	69.0
2015	1401	337.0
2015	1411	76.0
2015	1412	26.0
2015	1413	43.0
2015	1416	107.0
2015	1417	81.0
2015	1418	34.0
2015	1419	96.0
2015	1420	449.0
2015	1421	77.0
2015	1422	68.0
2015	1424	122.0
2015	1426	131.0
2015	1428	109.0
2015	1429	90.0
2015	1430	83.0
2015	1431	131.0
2015	1432	561.0
2015	1433	148.0
2015	1438	86.0
2015	1439	133.0
2015	1441	88.0
2015	1443	182.0
2015	1444	21.0
2015	1445	155.0
2015	1449	175.0
2015	1502	1129.0
2015	1504	1919.0
2015	1505	753.0
2015	1506	1278.0
2015	1507	2643.0
2015	1508	2342.88576329331
2015	1511	83.0
2015	1514	55.0
2015	1515	262.0
2015	1516	400.0
2015	1517	210.0
2015	1519	476.0
2015	1520	309.0
2015	1523	107.0
2015	1524	49.0
2015	1525	102.0
2015	1526	36.0
2015	1528	140.0
2015	1529	279.0
2015	1531	354.0
2015	1532	395.0
2015	1534	297.0
2015	1535	151.0
2015	1539	192.0
2015	1543	86.0
2015	1545	63.0
2015	1546	41.0
2015	1547	144.0
2015	1548	354.0
2015	1551	141.0
2015	1554	223.0
2015	1557	93.0
2015	1560	155.0
2015	1563	169.0
2015	1566	153.0
2015	1567	71.0
2015	1571	65.0
2015	1573	56.0
2015	1576	109.0
2015	1577	497.0
2015	1578	85.0
2015	1579	495.0
2015	1580	300.11423670668955
2015	1601	8811.0
2015	1612	100.0
2015	1613	39.0
2015	1617	220.0
2015	1620	182.0
2015	1621	252.0
2015	1622	35.0
2015	1624	262.0
2015	1627	266.0
2015	1630	113.0
2015	1632	33.0
2015	1633	21.0
2015	1634	200.0
2015	1635	86.0
2015	1636	191.0
2015	1638	450.0
2015	1640	183.0
2015	1644	79.0
2015	1648	204.0
2015	1653	892.0
2015	1657	450.0
2015	1662	402.0
2015	1663	902.0
2015	1664	169.0
2015	1665	22.0
2015	1702	859.0
2015	1703	432.0
2015	1711	76.0
2015	1714	1018.0
2015	1717	94.0
2015	1718	128.0
2015	1719	758.0
2015	1721	467.0
2015	1723	37.66666666666667
2015	1724	143.0
2015	1725	48.0
2015	1729	301.33333333333337
2015	1736	53.0
2015	1738	21.0
2015	1739	11.0
2015	1740	32.0
2015	1742	111.0
2015	1743	38.0
2015	1744	174.0
2015	1748	30.0
2015	1749	29.0
2015	1750	163.0
2015	1751	211.0
2015	1755	24.0
2015	1756	339.0
2015	1804	1806.0
2015	1805	562.0
2015	1806	724.0
2015	1811	40.0
2015	1812	77.0
2015	1813	209.0
2015	1815	56.0
2015	1816	16.0
2015	1818	55.0
2015	1820	278.0
2015	1822	131.0
2015	1824	394.0
2015	1825	41.0
2015	1826	30.0
2015	1827	65.0
2015	1828	124.0
2015	1832	120.0
2015	1833	587.0
2015	1834	75.0
2015	1835	12.0
2015	1836	47.0
2015	1837	200.0
2015	1838	111.0
2015	1839	27.0
2015	1840	182.0
2015	1841	361.0
2015	1845	103.0
2015	1848	153.0
2015	1849	101.0
2015	1850	61.0
2015	1851	83.0
2015	1852	67.0
2015	1853	76.0
2015	1854	101.0
2015	1856	26.0
2015	1857	31.0
2015	1859	65.0
2015	1860	391.0
2015	1865	353.0
2015	1866	348.0
2015	1867	128.0
2015	1868	160.0
2015	1870	438.0
2015	1871	194.0
2015	1874	48.0
2015	1875	162.0
2015	1901	845.6822742474917
2015	1902	2893.0
2015	1903	863.0
2015	1911	178.0
2015	1913	165.0
2015	1915	17.317725752508363
2015	1917	60.0
2015	1919	45.0
2015	1920	74.0
2015	1922	265.0
2015	1923	109.0
2015	1924	424.0
2015	1925	153.0
2015	1926	57.0
2015	1927	78.0
2015	1928	54.0
2015	1929	43.0
2015	1931	501.0
2015	1933	247.0
2015	1936	110.0
2015	1938	84.0
2015	1939	79.0
2015	1940	80.0
2015	1941	102.0
2015	1942	214.0
2015	1943	58.0
2015	2002	76.0
2015	2003	218.0
2015	2004	513.0
2015	2011	93.0
2015	2012	806.0
2015	2014	27.0
2015	2015	51.0
2015	2017	63.0
2015	2018	38.0
2015	2019	127.0
2015	2020	207.0
2015	2021	104.0
2015	2022	53.0
2015	2023	45.0
2015	2024	44.0
2015	2025	137.0
2015	2027	53.0
2015	2028	83.0
2015	2030	365.0
2015	3001	1305.0
2015	3002	3164.0
2015	3003	2280.0
2015	3004	3446.0
2015	3005	5935.0
2015	3006	1207.0
2015	3007	1286.0
2015	3011	340.0
2015	3012	84.0
2015	3013	166.0
2015	3014	2732.0
2015	3015	219.0
2015	3016	438.0
2015	3017	535.0
2015	3018	379.0
2015	3019	1272.0
2015	3020	3385.0
2015	3021	1638.0
2015	3022	901.0
2015	3023	1031.0
2015	3024	7007.0
2015	3025	5453.0
2015	3026	889.0
2015	3027	1410.0
2015	3028	633.0
2015	3029	3225.0
2015	3030	6167.0
2015	3031	1268.0
2015	3032	352.0
2015	3033	2656.0
2015	3034	1417.0
2015	3035	1560.0
2015	3036	1070.0
2015	3037	246.0
2015	3038	450.0
2015	3039	60.0
2015	3040	169.0
2015	3041	184.0
2015	3042	115.0
2015	3043	149.0
2015	3044	202.0
2015	3045	113.0
2015	3046	77.0
2015	3047	668.0
2015	3048	1017.0
2015	3049	1535.0
2015	3050	131.0
2015	3051	63.0
2015	3052	95.0
2015	3053	373.0
2015	3054	438.0
2015	3101	1305.0
2015	3103	3164.0
2015	3105	2280.0
2015	3107	3446.0
2015	3110	340.0
2015	3112	535.0
2015	3114	379.0
2015	3116	219.0
2015	3118	2732.0
2015	3120	438.0
2015	3122	166.0
2015	3124	84.0
2015	3201	7007.0
2015	3203	5453.0
2015	3205	6167.0
2015	3207	3385.0
2015	3209	2656.0
2015	3212	1031.0
2015	3214	901.0
2015	3216	1272.0
2015	3218	1638.0
2015	3220	633.0
2015	3222	3225.0
2015	3224	1410.0
2015	3226	889.0
2015	3228	1417.0
2015	3230	352.0
2015	3232	1268.0
2015	3234	438.0
2015	3236	373.0
2015	3238	1070.0
2015	3240	1560.0
2015	3242	246.0
2015	3301	5935.0
2015	3303	1207.0
2015	3305	1286.0
2015	3310	450.0
2015	3312	1535.0
2015	3314	1017.0
2015	3316	668.0
2015	3318	77.0
2015	3320	60.0
2015	3322	169.0
2015	3324	184.0
2015	3326	115.0
2015	3328	149.0
2015	3330	202.0
2015	3332	113.0
2015	3334	131.0
2015	3336	63.0
2015	3338	95.0
2015	3401	841.0
2015	3403	1901.0
2015	3405	1638.0
2015	3407	1534.0
2015	3411	1211.0
2015	3412	433.0
2015	3413	1127.0
2015	3414	184.0
2015	3415	484.0
2015	3416	239.0
2015	3417	188.0
2015	3418	287.0
2015	3419	182.0
2015	3420	1027.0
2015	3421	199.0
2015	3422	308.0
2015	3423	132.0
2015	3424	112.0
2015	3425	38.0
2015	3426	50.0
2015	3427	216.0
2015	3428	90.0
2015	3429	61.0
2015	3430	75.0
2015	3431	94.0
2015	3432	55.0
2015	3433	48.0
2015	3434	76.0
2015	3435	105.0
2015	3436	197.0
2015	3437	162.0
2015	3438	112.0
2015	3439	170.0
2015	3440	244.0
2015	3441	262.0
2015	3442	672.0
2015	3443	586.0
2015	3446	517.0
2015	3447	299.0
2015	3448	269.0
2015	3449	87.0
2015	3450	38.0
2015	3451	305.0
2015	3452	82.0
2015	3453	129.0
2015	3454	67.0
2015	3801	1444.0
2015	3802	1320.0
2015	3803	3419.0
2015	3804	3160.0
2015	3805	1704.0
2015	3806	1697.0
2015	3807	2231.0
2015	3808	481.0
2015	3811	1801.0
2015	3812	117.0
2015	3813	577.0
2015	3814	326.0
2015	3815	155.0
2015	3816	236.0
2015	3817	668.0
2015	3818	199.0
2015	3819	60.0
2015	3820	127.0
2015	3821	114.0
2015	3822	53.0
2015	3823	52.0
2015	3824	74.0
2015	3825	118.0
2015	3901	1444.0
2015	3903	1320.0
2015	3905	3419.0
2015	3907	3160.0
2015	3909	1704.0
2015	3911	1801.0
2015	4001	1697.0
2015	4003	2231.0
2015	4005	481.0
2015	4010	117.0
2015	4012	577.0
2015	4014	326.0
2015	4016	155.0
2015	4018	236.0
2015	4020	668.0
2015	4022	127.0
2015	4024	60.0
2015	4026	199.0
2015	4028	114.0
2015	4030	53.0
2015	4032	52.0
2015	4034	74.0
2015	4036	118.0
2015	4201	276.0
2015	4202	1340.0
2015	4203	1508.0
2015	4204	4813.0
2015	4205	931.0
2015	4206	251.0
2015	4207	268.0
2015	4211	84.0
2015	4212	100.0
2015	4213	277.0
2015	4214	340.0
2015	4215	554.0
2015	4216	280.0
2015	4217	96.0
2015	4218	56.0
2015	4219	150.0
2015	4220	51.0
2015	4221	47.0
2015	4222	44.0
2015	4223	639.0
2015	4224	27.0
2015	4225	397.0
2015	4226	46.0
2015	4227	146.0
2015	4228	46.0
2015	4601	9880.0
2015	4602	470.0
2015	4611	118.0
2015	4612	268.0
2015	4613	297.0
2015	4614	602.0
2015	4615	110.0
2015	4616	114.0
2015	4617	303.0
2015	4618	317.0
2015	4619	39.0
2015	4620	45.0
2015	4621	480.0
2015	4622	222.0
2015	4623	102.0
2015	4624	1210.0
2015	4625	173.0
2015	4626	2093.0
2015	4627	1418.0
2015	4628	141.0
2015	4629	26.0
2015	4630	291.0
2015	4631	1484.0
2015	4632	159.0
2015	4633	22.0
2015	4634	69.0
2015	4635	76.0
2015	4636	26.0
2015	4637	43.0
2015	4638	107.0
2015	4639	81.0
2015	4640	579.0
2015	4641	77.0
2015	4642	68.0
2015	4643	122.0
2015	4644	131.0
2015	4645	109.0
2015	4646	90.0
2015	4647	923.0
2015	4648	86.0
2015	4649	270.0
2015	4650	155.0
2015	4651	175.0
2015	5001	8811.0
2015	5004	859.0
2015	5005	432.0
2015	5006	1002.0
2015	5007	510.0
2015	5011	100.0
2015	5012	39.0
2015	5013	220.0
2015	5014	182.0
2015	5015	252.0
2015	5016	35.0
2015	5017	266.0
2015	5018	113.0
2015	5019	33.0
2015	5020	21.0
2015	5021	200.0
2015	5022	86.0
2015	5023	191.0
2015	5024	450.0
2015	5025	183.0
2015	5026	79.0
2015	5027	204.0
2015	5028	892.0
2015	5029	450.0
2015	5030	402.0
2015	5031	902.0
2015	5032	169.0
2015	5033	22.0
2015	5034	76.0
2015	5035	1018.0
2015	5036	94.0
2015	5037	758.0
2015	5038	467.0
2015	5039	143.0
2015	5040	48.0
2015	5041	53.0
2015	5042	21.0
2015	5043	11.0
2015	5044	32.0
2015	5045	111.0
2015	5046	38.0
2015	5047	174.0
2015	5048	30.0
2015	5049	29.0
2015	5050	163.0
2015	5051	211.0
2015	5052	24.0
2015	5053	339.0
2015	5054	390.0
2015	5055	204.0
2015	5056	259.0
2015	5057	518.0
2015	5058	146.0
2015	5059	715.0
2015	5060	374.0
2015	5061	71.0
2015	5401	2893.0
2015	5402	863.0
2015	5403	806.0
2015	5404	76.0
2015	5405	218.0
2015	5406	576.0
2015	5411	178.0
2015	5412	232.0
2015	5413	60.0
2015	5414	45.0
2015	5415	74.0
2015	5416	265.0
2015	5417	109.0
2015	5418	424.0
2015	5419	153.0
2015	5420	57.0
2015	5421	676.0
2015	5422	247.0
2015	5423	110.0
2015	5424	84.0
2015	5425	79.0
2015	5426	80.0
2015	5427	102.0
2015	5428	214.0
2015	5429	58.0
2015	5430	93.0
2015	5432	27.0
2015	5433	51.0
2015	5434	38.0
2015	5435	127.0
2015	5436	207.0
2015	5437	104.0
2015	5438	53.0
2015	5439	45.0
2015	5440	44.0
2015	5441	137.0
2015	5442	53.0
2015	5443	83.0
2015	5444	365.0
2015	5501	2893.0
2015	5503	863.0
2015	5510	178.0
2015	5512	232.0
2015	5514	60.0
2015	5516	45.0
2015	5518	74.0
2015	5520	265.0
2015	5522	109.0
2015	5524	424.0
2015	5526	153.0
2015	5528	57.0
2015	5530	676.0
2015	5532	247.0
2015	5534	110.0
2015	5536	84.0
2015	5538	79.0
2015	5540	80.0
2015	5542	102.0
2015	5544	214.0
2015	5546	58.0
2015	5601	806.0
2015	5603	576.0
2015	5605	365.0
2015	5607	218.0
2015	5610	104.0
2015	5612	93.0
2015	5614	27.0
2015	5616	51.0
2015	5618	38.0
2015	5620	127.0
2015	5622	207.0
2015	5624	53.0
2015	5626	45.0
2015	5628	137.0
2015	5630	44.0
2015	5632	83.0
2015	5634	76.0
2015	5636	53.0
2016	0101	1208.0
2016	0104	1940.0
2016	0105	2266.0
2016	0106	3675.0
2016	0111	309.0
2016	0118	71.0
2016	0119	166.0
2016	0121	22.0
2016	0122	330.0
2016	0123	470.0
2016	0124	890.0
2016	0125	648.0
2016	0127	220.0
2016	0128	434.0
2016	0135	428.0
2016	0136	1084.0
2016	0137	437.0
2016	0138	562.0
2016	0211	1261.0
2016	0213	1885.0
2016	0214	1554.0
2016	0215	845.0
2016	0216	1131.0
2016	0217	1509.0
2016	0219	6894.0
2016	0220	3540.0
2016	0221	922.0
2016	0226	1202.0
2016	0227	758.0
2016	0228	1415.0
2016	0229	662.0
2016	0230	3067.0
2016	0231	4007.0
2016	0233	1400.0
2016	0234	557.0
2016	0235	2754.0
2016	0236	1454.0
2016	0237	1617.0
2016	0238	1028.0
2016	0239	198.0
2016	0301	30604.0
2016	0402	883.0
2016	0403	1894.0
2016	0412	1308.0
2016	0415	406.0
2016	0417	1106.0
2016	0418	214.0
2016	0419	412.0
2016	0420	249.0
2016	0423	264.0
2016	0425	289.0
2016	0426	174.0
2016	0427	919.0
2016	0428	204.0
2016	0429	352.0
2016	0430	110.0
2016	0432	76.0
2016	0434	32.0
2016	0436	55.0
2016	0437	195.0
2016	0438	96.0
2016	0439	50.0
2016	0441	67.0
2016	0501	1687.0
2016	0502	1482.0
2016	0511	90.0
2016	0512	66.0
2016	0513	56.0
2016	0514	62.0
2016	0515	105.0
2016	0516	163.0
2016	0517	155.0
2016	0519	105.0
2016	0520	171.0
2016	0521	208.0
2016	0522	196.0
2016	0528	560.0
2016	0529	606.0
2016	0532	376.0
2016	0533	470.0
2016	0534	521.0
2016	0536	240.0
2016	0538	245.0
2016	0540	103.0
2016	0541	64.0
2016	0542	300.0
2016	0543	84.0
2016	0544	123.0
2016	0545	94.0
2016	0602	3885.0
2016	0604	1236.0
2016	0605	1361.0
2016	0612	398.0
2016	0615	35.0
2016	0616	97.0
2016	0617	215.0
2016	0618	114.0
2016	0619	152.0
2016	0620	195.0
2016	0621	132.0
2016	0622	87.0
2016	0623	526.0
2016	0624	1253.0
2016	0625	1618.0
2016	0626	1415.0
2016	0627	1426.0
2016	0628	542.0
2016	0631	150.0
2016	0632	54.0
2016	0633	73.0
2016	0701	1239.0
2016	0702	627.0
2016	0704	2885.0
2016	0706	1912.0
2016	0709	1525.0
2016	0710	3157.0
2016	0711	441.0
2016	0712	1669.0
2016	0713	616.0
2016	0714	195.0
2016	0715	822.0
2016	0716	603.0
2016	0719	357.0
2016	0720	888.0
2016	0722	1365.0
2016	0723	323.0
2016	0728	144.0
2016	0729	1688.0
2016	0805	1718.0
2016	0806	2131.0
2016	0807	414.0
2016	0811	132.0
2016	0814	598.0
2016	0815	368.0
2016	0817	130.0
2016	0819	253.0
2016	0821	509.0
2016	0822	199.0
2016	0826	171.0
2016	0827	41.0
2016	0828	115.0
2016	0829	129.0
2016	0830	45.0
2016	0831	57.0
2016	0833	83.0
2016	0834	117.0
2016	0901	288.0
2016	0904	1155.0
2016	0906	1586.0
2016	0911	113.0
2016	0912	121.0
2016	0914	297.0
2016	0919	349.0
2016	0926	521.0
2016	0928	219.0
2016	0929	71.0
2016	0935	74.0
2016	0937	150.0
2016	0938	60.0
2016	0940	39.0
2016	0941	60.0
2016	1001	3775.0
2016	1002	529.0
2016	1003	254.0
2016	1004	233.0
2016	1014	589.0
2016	1017	450.0
2016	1018	529.0
2016	1021	114.0
2016	1026	17.0
2016	1027	72.0
2016	1029	229.0
2016	1032	278.0
2016	1034	55.0
2016	1037	157.0
2016	1046	64.0
2016	1101	318.0
2016	1102	3373.0
2016	1103	5513.0
2016	1106	1829.0
2016	1108	3426.0
2016	1111	74.0
2016	1112	115.0
2016	1114	91.0
2016	1119	568.0
2016	1120	839.0
2016	1121	826.0
2016	1122	433.0
2016	1124	1476.0
2016	1127	657.0
2016	1129	53.0
2016	1130	391.0
2016	1133	89.0
2016	1134	108.0
2016	1135	117.0
2016	1141	119.0
2016	1142	183.0
2016	1144	25.0
2016	1145	28.0
2016	1146	468.0
2016	1149	1174.0
2016	1151	19.0
2016	1160	256.0
2016	1201	9673.0
2016	1211	123.0
2016	1216	274.0
2016	1219	292.0
2016	1221	559.0
2016	1222	157.0
2016	1223	116.0
2016	1224	342.0
2016	1227	46.0
2016	1228	162.0
2016	1231	95.0
2016	1232	27.0
2016	1233	50.0
2016	1234	38.0
2016	1235	443.0
2016	1238	196.0
2016	1241	133.0
2016	1242	106.0
2016	1243	984.0
2016	1244	131.0
2016	1245	347.0
2016	1246	1423.0
2016	1247	1340.0
2016	1251	121.0
2016	1252	15.0
2016	1253	276.0
2016	1256	516.0
2016	1259	226.0
2016	1260	216.0
2016	1263	760.0
2016	1264	118.0
2016	1265	20.0
2016	1266	73.0
2016	1401	288.0
2016	1411	94.0
2016	1412	33.0
2016	1413	54.0
2016	1416	119.0
2016	1417	71.0
2016	1418	41.0
2016	1419	91.0
2016	1420	476.0
2016	1421	71.0
2016	1422	56.0
2016	1424	114.0
2016	1426	159.0
2016	1428	99.0
2016	1429	115.0
2016	1430	110.0
2016	1431	94.0
2016	1432	520.0
2016	1433	111.0
2016	1438	90.0
2016	1439	156.0
2016	1441	90.0
2016	1443	175.0
2016	1444	40.0
2016	1445	129.0
2016	1449	175.0
2016	1502	1069.0
2016	1504	2050.0
2016	1505	753.0
2016	1506	1234.0
2016	1507	2769.0
2016	1508	2454.578387650085
2016	1511	80.0
2016	1514	78.0
2016	1515	242.0
2016	1516	336.0
2016	1517	193.0
2016	1519	423.0
2016	1520	345.0
2016	1523	89.0
2016	1524	54.0
2016	1525	146.0
2016	1526	32.0
2016	1528	197.0
2016	1529	247.0
2016	1531	360.0
2016	1532	352.0
2016	1534	348.0
2016	1535	192.0
2016	1539	212.0
2016	1543	119.0
2016	1545	46.0
2016	1546	35.0
2016	1547	167.0
2016	1548	334.0
2016	1551	147.0
2016	1554	214.0
2016	1557	123.0
2016	1560	118.0
2016	1563	165.0
2016	1566	191.0
2016	1567	47.0
2016	1571	83.0
2016	1573	64.0
2016	1576	149.0
2016	1577	463.0
2016	1578	86.0
2016	1579	481.0
2016	1580	314.42161234991426
2016	1601	9015.0
2016	1612	107.0
2016	1613	32.0
2016	1617	196.0
2016	1620	210.0
2016	1621	304.0
2016	1622	56.0
2016	1624	220.0
2016	1627	243.0
2016	1630	91.0
2016	1632	29.0
2016	1633	44.0
2016	1634	216.0
2016	1635	107.0
2016	1636	174.0
2016	1638	485.0
2016	1640	207.0
2016	1644	84.0
2016	1648	187.0
2016	1653	746.0
2016	1657	487.0
2016	1662	291.0
2016	1663	847.0
2016	1664	142.0
2016	1665	40.0
2016	1702	850.0
2016	1703	519.0
2016	1711	80.0
2016	1714	956.0
2016	1717	100.0
2016	1718	98.0
2016	1719	879.0
2016	1721	470.0
2016	1723	36.0
2016	1724	114.0
2016	1725	42.0
2016	1729	288.0
2016	1736	67.0
2016	1738	50.0
2016	1739	20.0
2016	1740	33.0
2016	1742	93.0
2016	1743	47.0
2016	1744	167.0
2016	1748	25.0
2016	1749	35.0
2016	1750	174.0
2016	1751	243.0
2016	1755	46.0
2016	1756	324.0
2016	1804	1815.0
2016	1805	549.0
2016	1806	709.0
2016	1811	59.0
2016	1812	87.0
2016	1813	240.0
2016	1815	40.0
2016	1816	41.0
2016	1818	59.0
2016	1820	288.0
2016	1822	114.0
2016	1824	392.0
2016	1825	43.0
2016	1826	30.0
2016	1827	43.0
2016	1828	94.0
2016	1832	166.0
2016	1833	595.0
2016	1834	80.0
2016	1835	16.0
2016	1836	42.0
2016	1837	181.0
2016	1838	110.0
2016	1839	34.0
2016	1840	132.0
2016	1841	418.0
2016	1845	75.0
2016	1848	85.0
2016	1849	98.0
2016	1850	68.0
2016	1851	87.0
2016	1852	52.0
2016	1853	74.0
2016	1854	92.0
2016	1856	13.0
2016	1857	31.0
2016	1859	84.0
2016	1860	422.0
2016	1865	402.0
2016	1866	288.0
2016	1867	116.0
2016	1868	151.0
2016	1870	500.0
2016	1871	190.0
2016	1874	42.0
2016	1875	166.0
2016	1901	924.076923076923
2016	1902	3014.0
2016	1903	943.0
2016	1911	151.0
2016	1913	155.0
2016	1915	18.923076923076923
2016	1917	46.0
2016	1919	35.0
2016	1920	51.0
2016	1922	265.0
2016	1923	90.0
2016	1924	397.0
2016	1925	159.0
2016	1926	54.0
2016	1927	91.0
2016	1928	34.0
2016	1929	42.0
2016	1931	417.0
2016	1933	208.0
2016	1936	111.0
2016	1938	130.0
2016	1939	70.0
2016	1940	86.0
2016	1941	90.0
2016	1942	210.0
2016	1943	47.0
2016	2002	77.0
2016	2003	250.0
2016	2004	501.0
2016	2011	111.0
2016	2012	797.0
2016	2014	53.0
2016	2015	44.0
2016	2017	69.0
2016	2018	62.0
2016	2019	142.0
2016	2020	169.0
2016	2021	115.0
2016	2022	76.0
2016	2023	39.0
2016	2024	40.0
2016	2025	125.0
2016	2027	52.0
2016	2028	89.0
2016	2030	361.0
2016	3001	1208.0
2016	3002	3024.0
2016	3003	2266.0
2016	3004	3675.0
2016	3005	5944.0
2016	3006	1236.0
2016	3007	1361.0
2016	3011	309.0
2016	3012	71.0
2016	3013	166.0
2016	3014	2900.0
2016	3015	220.0
2016	3016	434.0
2016	3017	428.0
2016	3018	437.0
2016	3019	1261.0
2016	3020	3394.0
2016	3021	1554.0
2016	3022	845.0
2016	3023	1131.0
2016	3024	6894.0
2016	3025	5508.0
2016	3026	944.0
2016	3027	1415.0
2016	3028	662.0
2016	3029	3067.0
2016	3030	5967.0
2016	3031	1400.0
2016	3032	557.0
2016	3033	2754.0
2016	3034	1454.0
2016	3035	1617.0
2016	3036	1028.0
2016	3037	198.0
2016	3038	398.0
2016	3039	35.0
2016	3040	97.0
2016	3041	215.0
2016	3042	114.0
2016	3043	152.0
2016	3044	195.0
2016	3045	132.0
2016	3046	87.0
2016	3047	526.0
2016	3048	1253.0
2016	3049	1415.0
2016	3050	150.0
2016	3051	54.0
2016	3052	73.0
2016	3053	376.0
2016	3054	470.0
2016	3101	1208.0
2016	3103	3024.0
2016	3105	2266.0
2016	3107	3675.0
2016	3110	309.0
2016	3112	428.0
2016	3114	437.0
2016	3116	220.0
2016	3118	2900.0
2016	3120	434.0
2016	3122	166.0
2016	3124	71.0
2016	3201	6894.0
2016	3203	5508.0
2016	3205	5967.0
2016	3207	3394.0
2016	3209	2754.0
2016	3212	1131.0
2016	3214	845.0
2016	3216	1261.0
2016	3218	1554.0
2016	3220	662.0
2016	3222	3067.0
2016	3224	1415.0
2016	3226	944.0
2016	3228	1454.0
2016	3230	557.0
2016	3232	1400.0
2016	3234	470.0
2016	3236	376.0
2016	3238	1028.0
2016	3240	1617.0
2016	3242	198.0
2016	3301	5944.0
2016	3303	1236.0
2016	3305	1361.0
2016	3310	398.0
2016	3312	1415.0
2016	3314	1253.0
2016	3316	526.0
2016	3318	87.0
2016	3320	35.0
2016	3322	97.0
2016	3324	215.0
2016	3326	114.0
2016	3328	152.0
2016	3330	195.0
2016	3332	132.0
2016	3334	150.0
2016	3336	54.0
2016	3338	73.0
2016	3401	883.0
2016	3403	1894.0
2016	3405	1687.0
2016	3407	1482.0
2016	3411	1308.0
2016	3412	406.0
2016	3413	1106.0
2016	3414	214.0
2016	3415	412.0
2016	3416	249.0
2016	3417	264.0
2016	3418	289.0
2016	3419	174.0
2016	3420	919.0
2016	3421	204.0
2016	3422	352.0
2016	3423	110.0
2016	3424	76.0
2016	3425	32.0
2016	3426	55.0
2016	3427	195.0
2016	3428	96.0
2016	3429	50.0
2016	3430	67.0
2016	3431	90.0
2016	3432	66.0
2016	3433	56.0
2016	3434	62.0
2016	3435	105.0
2016	3436	163.0
2016	3437	155.0
2016	3438	105.0
2016	3439	171.0
2016	3440	208.0
2016	3441	196.0
2016	3442	560.0
2016	3443	606.0
2016	3446	521.0
2016	3447	240.0
2016	3448	245.0
2016	3449	103.0
2016	3450	64.0
2016	3451	300.0
2016	3452	84.0
2016	3453	123.0
2016	3454	94.0
2016	3801	1239.0
2016	3802	1438.0
2016	3803	3488.0
2016	3804	3157.0
2016	3805	1669.0
2016	3806	1718.0
2016	3807	2131.0
2016	3808	414.0
2016	3811	1688.0
2016	3812	132.0
2016	3813	598.0
2016	3814	368.0
2016	3815	130.0
2016	3816	253.0
2016	3817	708.0
2016	3818	171.0
2016	3819	41.0
2016	3820	115.0
2016	3821	129.0
2016	3822	45.0
2016	3823	57.0
2016	3824	83.0
2016	3825	117.0
2016	3901	1239.0
2016	3903	1438.0
2016	3905	3488.0
2016	3907	3157.0
2016	3909	1669.0
2016	3911	1688.0
2016	4001	1718.0
2016	4003	2131.0
2016	4005	414.0
2016	4010	132.0
2016	4012	598.0
2016	4014	368.0
2016	4016	130.0
2016	4018	253.0
2016	4020	708.0
2016	4022	115.0
2016	4024	41.0
2016	4026	171.0
2016	4028	129.0
2016	4030	45.0
2016	4032	57.0
2016	4034	83.0
2016	4036	117.0
2016	4201	288.0
2016	4202	1155.0
2016	4203	1586.0
2016	4204	4754.0
2016	4205	872.0
2016	4206	254.0
2016	4207	233.0
2016	4211	113.0
2016	4212	121.0
2016	4213	297.0
2016	4214	349.0
2016	4215	521.0
2016	4216	219.0
2016	4217	71.0
2016	4218	74.0
2016	4219	150.0
2016	4220	60.0
2016	4221	39.0
2016	4222	60.0
2016	4223	589.0
2016	4224	17.0
2016	4225	350.0
2016	4226	55.0
2016	4227	157.0
2016	4228	64.0
2016	4601	9673.0
2016	4602	444.0
2016	4611	123.0
2016	4612	274.0
2016	4613	292.0
2016	4614	559.0
2016	4615	157.0
2016	4616	116.0
2016	4617	342.0
2016	4618	303.0
2016	4619	27.0
2016	4620	50.0
2016	4621	481.0
2016	4622	196.0
2016	4623	106.0
2016	4624	1117.0
2016	4625	131.0
2016	4626	1996.0
2016	4627	1340.0
2016	4628	121.0
2016	4629	15.0
2016	4630	276.0
2016	4631	1492.0
2016	4632	118.0
2016	4633	20.0
2016	4634	73.0
2016	4635	94.0
2016	4636	33.0
2016	4637	54.0
2016	4638	119.0
2016	4639	71.0
2016	4640	608.0
2016	4641	71.0
2016	4642	56.0
2016	4643	114.0
2016	4644	159.0
2016	4645	99.0
2016	4646	115.0
2016	4647	835.0
2016	4648	90.0
2016	4649	265.0
2016	4650	129.0
2016	4651	175.0
2016	5001	9015.0
2016	5004	850.0
2016	5005	519.0
2016	5006	964.0
2016	5007	586.0
2016	5011	107.0
2016	5012	32.0
2016	5013	196.0
2016	5014	210.0
2016	5015	304.0
2016	5016	56.0
2016	5017	243.0
2016	5018	91.0
2016	5019	29.0
2016	5020	44.0
2016	5021	216.0
2016	5022	107.0
2016	5023	174.0
2016	5024	485.0
2016	5025	207.0
2016	5026	84.0
2016	5027	187.0
2016	5028	746.0
2016	5029	487.0
2016	5030	291.0
2016	5031	847.0
2016	5032	142.0
2016	5033	40.0
2016	5034	80.0
2016	5035	956.0
2016	5036	100.0
2016	5037	879.0
2016	5038	470.0
2016	5039	114.0
2016	5040	42.0
2016	5041	67.0
2016	5042	50.0
2016	5043	20.0
2016	5044	33.0
2016	5045	93.0
2016	5046	47.0
2016	5047	167.0
2016	5048	25.0
2016	5049	35.0
2016	5050	174.0
2016	5051	243.0
2016	5052	46.0
2016	5053	324.0
2016	5054	318.0
2016	5055	222.0
2016	5056	228.0
2016	5057	547.0
2016	5058	120.0
2016	5059	747.0
2016	5060	417.0
2016	5061	47.0
2016	5401	3014.0
2016	5402	943.0
2016	5403	797.0
2016	5404	77.0
2016	5405	250.0
2016	5406	570.0
2016	5411	151.0
2016	5412	207.0
2016	5413	46.0
2016	5414	35.0
2016	5415	51.0
2016	5416	265.0
2016	5417	90.0
2016	5418	397.0
2016	5419	159.0
2016	5420	54.0
2016	5421	584.0
2016	5422	208.0
2016	5423	111.0
2016	5424	130.0
2016	5425	70.0
2016	5426	86.0
2016	5427	90.0
2016	5428	210.0
2016	5429	47.0
2016	5430	111.0
2016	5432	53.0
2016	5433	44.0
2016	5434	62.0
2016	5435	142.0
2016	5436	169.0
2016	5437	115.0
2016	5438	76.0
2016	5439	39.0
2016	5440	40.0
2016	5441	125.0
2016	5442	52.0
2016	5443	89.0
2016	5444	361.0
2016	5501	3014.0
2016	5503	943.0
2016	5510	151.0
2016	5512	207.0
2016	5514	46.0
2016	5516	35.0
2016	5518	51.0
2016	5520	265.0
2016	5522	90.0
2016	5524	397.0
2016	5526	159.0
2016	5528	54.0
2016	5530	584.0
2016	5532	208.0
2016	5534	111.0
2016	5536	130.0
2016	5538	70.0
2016	5540	86.0
2016	5542	90.0
2016	5544	210.0
2016	5546	47.0
2016	5601	797.0
2016	5603	570.0
2016	5605	361.0
2016	5607	250.0
2016	5610	115.0
2016	5612	111.0
2016	5614	53.0
2016	5616	44.0
2016	5618	62.0
2016	5620	142.0
2016	5622	169.0
2016	5624	76.0
2016	5626	39.0
2016	5628	125.0
2016	5630	40.0
2016	5632	89.0
2016	5634	77.0
2016	5636	52.0
2017	0101	1222.0
2017	0104	2093.0
2017	0105	2393.0
2017	0106	3709.0
2017	0111	332.0
2017	0118	71.0
2017	0119	157.0
2017	0121	25.0
2017	0122	338.0
2017	0123	419.0
2017	0124	927.0
2017	0125	660.0
2017	0127	266.0
2017	0128	408.0
2017	0135	448.0
2017	0136	1215.0
2017	0137	491.0
2017	0138	519.0
2017	0211	1204.0
2017	0213	1821.0
2017	0214	2108.0
2017	0215	910.0
2017	0216	1254.0
2017	0217	1484.0
2017	0219	7220.0
2017	0220	3364.0
2017	0221	874.0
2017	0226	1346.0
2017	0227	759.0
2017	0228	1392.0
2017	0229	640.0
2017	0230	3575.0
2017	0231	4506.0
2017	0233	1490.0
2017	0234	545.0
2017	0235	3231.0
2017	0236	1367.0
2017	0237	1484.0
2017	0238	1267.0
2017	0239	209.0
2017	0301	30883.0
2017	0402	904.0
2017	0403	1951.0
2017	0412	1407.0
2017	0415	387.0
2017	0417	1194.0
2017	0418	195.0
2017	0419	415.0
2017	0420	335.0
2017	0423	252.0
2017	0425	328.0
2017	0426	181.0
2017	0427	977.0
2017	0428	233.0
2017	0429	392.0
2017	0430	136.0
2017	0432	94.0
2017	0434	59.0
2017	0436	33.0
2017	0437	247.0
2017	0438	85.0
2017	0439	42.0
2017	0441	79.0
2017	0501	1670.0
2017	0502	1960.0
2017	0511	79.0
2017	0512	39.0
2017	0513	51.0
2017	0514	48.0
2017	0515	103.0
2017	0516	196.0
2017	0517	174.0
2017	0519	114.0
2017	0520	152.0
2017	0521	247.0
2017	0522	220.0
2017	0528	600.0
2017	0529	734.0
2017	0532	426.0
2017	0533	471.0
2017	0534	580.0
2017	0536	232.0
2017	0538	236.0
2017	0540	119.0
2017	0541	49.0
2017	0542	273.0
2017	0543	97.0
2017	0544	106.0
2017	0545	81.0
2017	0602	4023.0
2017	0604	1320.0
2017	0605	1388.0
2017	0612	382.0
2017	0615	54.0
2017	0616	127.0
2017	0617	213.0
2017	0618	117.0
2017	0619	123.0
2017	0620	159.0
2017	0621	122.0
2017	0622	106.0
2017	0623	601.0
2017	0624	1154.0
2017	0625	1522.0
2017	0626	1475.0
2017	0627	1508.0
2017	0628	475.0
2017	0631	115.0
2017	0632	69.0
2017	0633	68.0
2017	0701	1315.0
2017	0702	755.0
2017	0704	3047.0
2017	0706	1694.575863161229
2017	0709	1701.0
2017	0710	2798.0
2017	0711	398.0
2017	0712	1916.0
2017	0713	665.0
2017	0714	186.0
2017	0715	941.0
2017	0716	719.0
2017	0719	316.40354767184033
2017	0720	787.0205891669307
2017	0722	1364.0
2017	0723	366.0
2017	0728	215.0
2017	0729	1730.0
2017	0805	1737.0
2017	0806	2235.0
2017	0807	453.0
2017	0811	109.0
2017	0814	649.0
2017	0815	365.0
2017	0817	116.0
2017	0819	303.0
2017	0821	604.0
2017	0822	246.0
2017	0826	214.0
2017	0827	47.0
2017	0828	115.0
2017	0829	83.0
2017	0830	60.0
2017	0831	47.0
2017	0833	78.0
2017	0834	132.0
2017	0901	260.0
2017	0904	1269.0
2017	0906	1585.0
2017	0911	95.0
2017	0912	64.0
2017	0914	308.0
2017	0919	282.0
2017	0926	558.0
2017	0928	231.0
2017	0929	84.0
2017	0935	76.0
2017	0937	188.0
2017	0938	57.0
2017	0940	42.0
2017	0941	57.0
2017	1001	5261.0
2017	1002	519.0
2017	1003	227.0
2017	1004	254.0
2017	1014	638.0
2017	1017	432.0
2017	1018	536.0
2017	1021	101.0
2017	1026	31.0
2017	1027	85.0
2017	1029	240.0
2017	1032	268.0
2017	1034	35.0
2017	1037	216.0
2017	1046	59.0
2017	1101	361.0
2017	1102	3423.0
2017	1103	5414.0
2017	1106	1813.0
2017	1108	3466.0
2017	1111	86.0
2017	1112	94.0
2017	1114	63.0
2017	1119	540.0
2017	1120	955.0
2017	1121	820.0
2017	1122	432.0
2017	1124	1612.0
2017	1127	542.0
2017	1129	43.0
2017	1130	286.0
2017	1133	90.0
2017	1134	97.0
2017	1135	106.0
2017	1141	82.0
2017	1142	176.0
2017	1144	26.0
2017	1145	29.0
2017	1146	403.0
2017	1149	1222.0
2017	1151	6.0
2017	1160	228.0
2017	1201	9838.0
2017	1211	102.0
2017	1216	269.0
2017	1219	330.0
2017	1221	503.0
2017	1222	96.0
2017	1223	111.0
2017	1224	346.0
2017	1227	26.0
2017	1228	127.0
2017	1231	85.0
2017	1232	41.0
2017	1233	35.0
2017	1234	30.0
2017	1235	485.0
2017	1238	248.0
2017	1241	142.0
2017	1242	77.0
2017	1243	1007.0
2017	1244	145.0
2017	1245	319.0
2017	1246	1523.0
2017	1247	1201.0
2017	1251	141.0
2017	1252	14.0
2017	1253	268.0
2017	1256	428.0
2017	1259	159.0
2017	1260	242.0
2017	1263	739.0
2017	1264	148.0
2017	1265	9.0
2017	1266	60.0
2017	1401	279.0
2017	1411	72.0
2017	1412	17.0
2017	1413	34.0
2017	1416	136.0
2017	1417	53.0
2017	1418	42.0
2017	1419	72.0
2017	1420	490.0
2017	1421	64.0
2017	1422	86.0
2017	1424	101.0
2017	1426	129.0
2017	1428	79.0
2017	1429	94.0
2017	1430	114.0
2017	1431	131.0
2017	1432	627.0
2017	1433	99.0
2017	1438	84.0
2017	1439	136.0
2017	1441	62.0
2017	1443	218.0
2017	1444	17.0
2017	1445	154.0
2017	1449	176.0
2017	1502	1079.0
2017	1504	2082.0
2017	1505	749.0
2017	1506	1184.0
2017	1507	2744.0
2017	1508	2432.4171526586615
2017	1511	77.0
2017	1514	72.0
2017	1515	241.0
2017	1516	334.0
2017	1517	165.0
2017	1519	502.0
2017	1520	341.0
2017	1523	102.0
2017	1524	58.0
2017	1525	128.0
2017	1526	39.0
2017	1528	206.0
2017	1529	200.0
2017	1531	357.0
2017	1532	349.0
2017	1534	313.0
2017	1535	191.0
2017	1539	197.0
2017	1543	69.0
2017	1545	36.0
2017	1546	47.0
2017	1547	178.0
2017	1548	398.0
2017	1551	118.0
2017	1554	197.0
2017	1557	110.0
2017	1560	122.0
2017	1563	194.0
2017	1566	122.0
2017	1567	50.0
2017	1571	45.0
2017	1573	43.0
2017	1576	120.0
2017	1577	519.0
2017	1578	97.0
2017	1579	516.0
2017	1580	311.5828473413379
2017	1601	9199.0
2017	1612	96.0
2017	1613	37.0
2017	1617	181.0
2017	1620	189.0
2017	1621	292.0
2017	1622	48.0
2017	1624	241.0
2017	1627	266.0
2017	1630	113.0
2017	1632	32.0
2017	1633	34.0
2017	1634	195.0
2017	1635	98.0
2017	1636	154.0
2017	1638	465.0
2017	1640	214.0
2017	1644	59.0
2017	1648	175.0
2017	1653	830.0
2017	1657	501.0
2017	1662	373.0
2017	1663	896.0
2017	1664	124.0
2017	1665	18.0
2017	1702	791.0
2017	1703	556.0
2017	1711	118.0
2017	1714	1050.0
2017	1717	89.0
2017	1718	127.0
2017	1719	917.0
2017	1721	495.0
2017	1723	32.55555555555556
2017	1724	106.0
2017	1725	66.0
2017	1729	260.44444444444446
2017	1736	59.0
2017	1738	24.0
2017	1739	17.0
2017	1740	61.0
2017	1742	103.0
2017	1743	42.0
2017	1744	164.0
2017	1748	35.0
2017	1749	66.0
2017	1750	215.0
2017	1751	248.0
2017	1755	33.0
2017	1756	293.0
2017	1804	1968.0
2017	1805	563.0
2017	1806	709.0
2017	1811	67.0
2017	1812	78.0
2017	1813	259.0
2017	1815	36.0
2017	1816	14.0
2017	1818	67.0
2017	1820	263.0
2017	1822	120.0
2017	1824	402.0
2017	1825	42.0
2017	1826	40.0
2017	1827	55.0
2017	1828	121.0
2017	1832	147.0
2017	1833	677.0
2017	1834	77.0
2017	1835	23.0
2017	1836	28.0
2017	1837	124.0
2017	1838	110.0
2017	1839	32.0
2017	1840	180.0
2017	1841	367.0
2017	1845	101.0
2017	1848	111.0
2017	1849	97.0
2017	1850	78.0
2017	1851	80.0
2017	1852	70.0
2017	1853	52.0
2017	1854	68.0
2017	1856	7.0
2017	1857	30.0
2017	1859	48.0
2017	1860	443.0
2017	1865	422.0
2017	1866	313.0
2017	1867	107.0
2017	1868	134.0
2017	1870	383.0
2017	1871	167.0
2017	1874	54.0
2017	1875	175.0
2017	1901	943.6755852842809
2017	1902	3117.0
2017	1903	963.0
2017	1911	148.0
2017	1913	102.0
2017	1915	19.32441471571907
2017	1917	66.0
2017	1919	62.0
2017	1920	39.0
2017	1922	269.0
2017	1923	104.0
2017	1924	458.0
2017	1925	158.0
2017	1926	56.0
2017	1927	79.0
2017	1928	56.0
2017	1929	29.0
2017	1931	431.0
2017	1933	221.0
2017	1936	116.0
2017	1938	105.0
2017	1939	64.0
2017	1940	74.0
2017	1941	102.0
2017	1942	199.0
2017	1943	49.0
2017	2002	92.0
2017	2003	217.0
2017	2004	446.0
2017	2011	93.0
2017	2012	716.0
2017	2014	38.0
2017	2015	35.0
2017	2017	75.0
2017	2018	76.0
2017	2019	107.0
2017	2020	153.0
2017	2021	108.0
2017	2022	71.0
2017	2023	69.0
2017	2024	56.0
2017	2025	163.0
2017	2027	42.0
2017	2028	67.0
2017	2030	357.0
2017	3001	1222.0
2017	3002	3308.0
2017	3003	2393.0
2017	3004	3709.0
2017	3005	5943.0
2017	3006	1320.0
2017	3007	1388.0
2017	3011	332.0
2017	3012	71.0
2017	3013	157.0
2017	3014	2863.0
2017	3015	266.0
2017	3016	408.0
2017	3017	448.0
2017	3018	491.0
2017	3019	1204.0
2017	3020	3305.0
2017	3021	2108.0
2017	3022	910.0
2017	3023	1254.0
2017	3024	7220.0
2017	3025	5347.0
2017	3026	899.0
2017	3027	1392.0
2017	3028	640.0
2017	3029	3575.0
2017	3030	6611.0
2017	3031	1490.0
2017	3032	545.0
2017	3033	3231.0
2017	3034	1367.0
2017	3035	1484.0
2017	3036	1267.0
2017	3037	209.0
2017	3038	382.0
2017	3039	54.0
2017	3040	127.0
2017	3041	213.0
2017	3042	117.0
2017	3043	123.0
2017	3044	159.0
2017	3045	122.0
2017	3046	106.0
2017	3047	601.0
2017	3048	1154.0
2017	3049	1475.0
2017	3050	115.0
2017	3051	69.0
2017	3052	68.0
2017	3053	426.0
2017	3054	471.0
2017	3101	1222.0
2017	3103	3308.0
2017	3105	2393.0
2017	3107	3709.0
2017	3110	332.0
2017	3112	448.0
2017	3114	491.0
2017	3116	266.0
2017	3118	2863.0
2017	3120	408.0
2017	3122	157.0
2017	3124	71.0
2017	3201	7220.0
2017	3203	5347.0
2017	3205	6611.0
2017	3207	3305.0
2017	3209	3231.0
2017	3212	1254.0
2017	3214	910.0
2017	3216	1204.0
2017	3218	2108.0
2017	3220	640.0
2017	3222	3575.0
2017	3224	1392.0
2017	3226	899.0
2017	3228	1367.0
2017	3230	545.0
2017	3232	1490.0
2017	3234	471.0
2017	3236	426.0
2017	3238	1267.0
2017	3240	1484.0
2017	3242	209.0
2017	3301	5943.0
2017	3303	1320.0
2017	3305	1388.0
2017	3310	382.0
2017	3312	1475.0
2017	3314	1154.0
2017	3316	601.0
2017	3318	106.0
2017	3320	54.0
2017	3322	127.0
2017	3324	213.0
2017	3326	117.0
2017	3328	123.0
2017	3330	159.0
2017	3332	122.0
2017	3334	115.0
2017	3336	69.0
2017	3338	68.0
2017	3401	904.0
2017	3403	1951.0
2017	3405	1670.0
2017	3407	1960.0
2017	3411	1407.0
2017	3412	387.0
2017	3413	1194.0
2017	3414	195.0
2017	3415	415.0
2017	3416	335.0
2017	3417	252.0
2017	3418	328.0
2017	3419	181.0
2017	3420	977.0
2017	3421	233.0
2017	3422	392.0
2017	3423	136.0
2017	3424	94.0
2017	3425	59.0
2017	3426	33.0
2017	3427	247.0
2017	3428	85.0
2017	3429	42.0
2017	3430	79.0
2017	3431	79.0
2017	3432	39.0
2017	3433	51.0
2017	3434	48.0
2017	3435	103.0
2017	3436	196.0
2017	3437	174.0
2017	3438	114.0
2017	3439	152.0
2017	3440	247.0
2017	3441	220.0
2017	3442	600.0
2017	3443	734.0
2017	3446	580.0
2017	3447	232.0
2017	3448	236.0
2017	3449	119.0
2017	3450	49.0
2017	3451	273.0
2017	3452	97.0
2017	3453	106.0
2017	3454	81.0
2017	3801	1315.0
2017	3802	1606.0
2017	3803	3766.0
2017	3804	2798.0
2017	3805	1916.0
2017	3806	1737.0
2017	3807	2235.0
2017	3808	453.0
2017	3811	1730.0
2017	3812	109.0
2017	3813	649.0
2017	3814	365.0
2017	3815	116.0
2017	3816	303.0
2017	3817	850.0
2017	3818	214.0
2017	3819	47.0
2017	3820	115.0
2017	3821	83.0
2017	3822	60.0
2017	3823	47.0
2017	3824	78.0
2017	3825	132.0
2017	3901	1315.0
2017	3903	1606.0
2017	3905	3766.0
2017	3907	2798.0
2017	3909	1916.0
2017	3911	1730.0
2017	4001	1737.0
2017	4003	2235.0
2017	4005	453.0
2017	4010	109.0
2017	4012	649.0
2017	4014	365.0
2017	4016	116.0
2017	4018	303.0
2017	4020	850.0
2017	4022	115.0
2017	4024	47.0
2017	4026	214.0
2017	4028	83.0
2017	4030	60.0
2017	4032	47.0
2017	4034	78.0
2017	4036	132.0
2017	4201	260.0
2017	4202	1269.0
2017	4203	1585.0
2017	4204	6229.0
2017	4205	860.0
2017	4206	227.0
2017	4207	254.0
2017	4211	95.0
2017	4212	64.0
2017	4213	308.0
2017	4214	282.0
2017	4215	558.0
2017	4216	231.0
2017	4217	84.0
2017	4218	76.0
2017	4219	188.0
2017	4220	57.0
2017	4221	42.0
2017	4222	57.0
2017	4223	638.0
2017	4224	31.0
2017	4225	353.0
2017	4226	35.0
2017	4227	216.0
2017	4228	59.0
2017	4601	9838.0
2017	4602	415.0
2017	4611	102.0
2017	4612	269.0
2017	4613	330.0
2017	4614	503.0
2017	4615	96.0
2017	4616	111.0
2017	4617	346.0
2017	4618	238.0
2017	4619	41.0
2017	4620	35.0
2017	4621	515.0
2017	4622	248.0
2017	4623	77.0
2017	4624	1149.0
2017	4625	145.0
2017	4626	2001.0
2017	4627	1201.0
2017	4628	141.0
2017	4629	14.0
2017	4630	268.0
2017	4631	1409.0
2017	4632	148.0
2017	4633	9.0
2017	4634	60.0
2017	4635	72.0
2017	4636	17.0
2017	4637	34.0
2017	4638	136.0
2017	4639	53.0
2017	4640	604.0
2017	4641	64.0
2017	4642	86.0
2017	4643	101.0
2017	4644	129.0
2017	4645	79.0
2017	4646	94.0
2017	4647	971.0
2017	4648	84.0
2017	4649	280.0
2017	4650	154.0
2017	4651	176.0
2017	5001	9199.0
2017	5004	791.0
2017	5005	556.0
2017	5006	897.0
2017	5007	657.0
2017	5011	96.0
2017	5012	37.0
2017	5013	181.0
2017	5014	189.0
2017	5015	292.0
2017	5016	48.0
2017	5017	266.0
2017	5018	113.0
2017	5019	32.0
2017	5020	34.0
2017	5021	195.0
2017	5022	98.0
2017	5023	154.0
2017	5024	465.0
2017	5025	214.0
2017	5026	59.0
2017	5027	175.0
2017	5028	830.0
2017	5029	501.0
2017	5030	373.0
2017	5031	896.0
2017	5032	124.0
2017	5033	18.0
2017	5034	118.0
2017	5035	1050.0
2017	5036	89.0
2017	5037	917.0
2017	5038	495.0
2017	5039	106.0
2017	5040	66.0
2017	5041	59.0
2017	5042	24.0
2017	5043	17.0
2017	5044	61.0
2017	5045	103.0
2017	5046	42.0
2017	5047	164.0
2017	5048	35.0
2017	5049	66.0
2017	5050	215.0
2017	5051	248.0
2017	5052	33.0
2017	5053	293.0
2017	5054	368.0
2017	5055	178.0
2017	5056	218.0
2017	5057	558.0
2017	5058	145.0
2017	5059	704.0
2017	5060	463.0
2017	5061	50.0
2017	5401	3117.0
2017	5402	963.0
2017	5403	716.0
2017	5404	92.0
2017	5405	217.0
2017	5406	521.0
2017	5411	148.0
2017	5412	172.0
2017	5413	66.0
2017	5414	62.0
2017	5415	39.0
2017	5416	269.0
2017	5417	104.0
2017	5418	458.0
2017	5419	158.0
2017	5420	56.0
2017	5421	595.0
2017	5422	221.0
2017	5423	116.0
2017	5424	105.0
2017	5425	64.0
2017	5426	74.0
2017	5427	102.0
2017	5428	199.0
2017	5429	49.0
2017	5430	93.0
2017	5432	38.0
2017	5433	35.0
2017	5434	76.0
2017	5435	107.0
2017	5436	153.0
2017	5437	108.0
2017	5438	71.0
2017	5439	69.0
2017	5440	56.0
2017	5441	163.0
2017	5442	42.0
2017	5443	67.0
2017	5444	357.0
2017	5501	3117.0
2017	5503	963.0
2017	5510	148.0
2017	5512	172.0
2017	5514	66.0
2017	5516	62.0
2017	5518	39.0
2017	5520	269.0
2017	5522	104.0
2017	5524	458.0
2017	5526	158.0
2017	5528	56.0
2017	5530	595.0
2017	5532	221.0
2017	5534	116.0
2017	5536	105.0
2017	5538	64.0
2017	5540	74.0
2017	5542	102.0
2017	5544	199.0
2017	5546	49.0
2017	5601	716.0
2017	5603	521.0
2017	5605	357.0
2017	5607	217.0
2017	5610	108.0
2017	5612	93.0
2017	5614	38.0
2017	5616	35.0
2017	5618	76.0
2017	5620	107.0
2017	5622	153.0
2017	5624	71.0
2017	5626	69.0
2017	5628	163.0
2017	5630	56.0
2017	5632	67.0
2017	5634	92.0
2017	5636	42.0
2018	0101	1257.0
2018	0104	1967.0
2018	0105	2497.0
2018	0106	3631.0
2018	0111	354.0
2018	0118	66.0
2018	0119	203.0
2018	0121	16.0
2018	0122	360.0
2018	0123	483.0
2018	0124	897.0
2018	0125	667.0
2018	0127	206.0
2018	0128	400.0
2018	0135	452.0
2018	0136	1101.0
2018	0137	444.0
2018	0138	484.0
2018	0211	1149.0
2018	0213	1785.0
2018	0214	1913.0
2018	0215	850.0
2018	0216	1037.0
2018	0217	1615.0
2018	0219	6959.0
2018	0220	3690.0
2018	0221	869.0
2018	0226	1307.0
2018	0227	933.0
2018	0228	1409.0
2018	0229	683.0
2018	0230	3796.0
2018	0231	4712.0
2018	0233	1493.0
2018	0234	498.0
2018	0235	3530.0
2018	0236	1294.0
2018	0237	1530.0
2018	0238	1155.0
2018	0239	193.0
2018	0301	31404.0
2018	0402	771.0
2018	0403	1959.0
2018	0412	1490.0
2018	0415	382.0
2018	0417	1224.0
2018	0418	173.0
2018	0419	371.0
2018	0420	265.0
2018	0423	185.0
2018	0425	315.0
2018	0426	204.0
2018	0427	1003.0
2018	0428	244.0
2018	0429	342.0
2018	0430	124.0
2018	0432	70.0
2018	0434	49.0
2018	0436	61.0
2018	0437	213.0
2018	0438	69.0
2018	0439	70.0
2018	0441	79.0
2018	0501	1623.0
2018	0502	1732.0
2018	0511	120.0
2018	0512	62.0
2018	0513	79.0
2018	0514	58.0
2018	0515	99.0
2018	0516	174.0
2018	0517	138.0
2018	0519	86.0
2018	0520	123.0
2018	0521	256.0
2018	0522	255.0
2018	0528	625.0
2018	0529	679.0
2018	0532	408.0
2018	0533	372.0
2018	0534	526.0
2018	0536	267.0
2018	0538	184.0
2018	0540	114.0
2018	0541	36.0
2018	0542	238.0
2018	0543	123.0
2018	0544	101.0
2018	0545	64.0
2018	0602	3901.0
2018	0604	1213.0
2018	0605	1308.0
2018	0612	393.0
2018	0615	32.0
2018	0616	94.0
2018	0617	208.0
2018	0618	107.0
2018	0619	203.0
2018	0620	158.0
2018	0621	120.0
2018	0622	81.0
2018	0623	660.0
2018	0624	1080.0
2018	0625	1564.0
2018	0626	1649.0
2018	0627	1226.0
2018	0628	574.0
2018	0631	141.0
2018	0632	56.0
2018	0633	54.0
2018	0701	1344.0
2018	0702	713.2784272051009
2018	0704	3128.0
2018	0706	1615.2372505543237
2018	0709	1689.4587682672234
2018	0710	2667.0
2018	0711	365.0
2018	0712	1903.0
2018	0713	640.0
2018	0714	175.72157279489906
2018	0715	889.0
2018	0716	647.0
2018	0719	301.58980044345896
2018	0720	750.1729490022174
2018	0722	1093.5653179190751
2018	0723	293.43468208092486
2018	0728	213.54123173277662
2018	0729	1387.0
2018	0805	1780.0
2018	0806	2141.0
2018	0807	508.0
2018	0811	115.0
2018	0814	486.0
2018	0815	324.0
2018	0817	129.0
2018	0819	260.0
2018	0821	629.0
2018	0822	201.0
2018	0826	158.0
2018	0827	47.0
2018	0828	94.0
2018	0829	85.0
2018	0830	62.0
2018	0831	35.0
2018	0833	69.0
2018	0834	139.0
2018	0901	249.0
2018	0904	1212.0
2018	0906	1611.0
2018	0911	80.0
2018	0912	91.0
2018	0914	278.0
2018	0919	268.0
2018	0926	518.0
2018	0928	283.0
2018	0929	63.0
2018	0935	58.0
2018	0937	126.0
2018	0938	53.0
2018	0940	43.0
2018	0941	35.0
2018	1001	4628.0
2018	1002	555.0
2018	1003	213.0
2018	1004	235.0
2018	1014	603.0
2018	1017	402.0
2018	1018	552.0
2018	1021	102.0
2018	1026	26.0
2018	1027	63.0
2018	1029	230.0
2018	1032	306.0
2018	1034	39.0
2018	1037	175.0
2018	1046	55.0
2018	1101	325.0
2018	1102	3341.0
2018	1103	5791.0
2018	1106	1803.0
2018	1108	3380.0
2018	1111	57.0
2018	1112	113.0
2018	1114	84.0
2018	1119	523.0
2018	1120	950.0
2018	1121	903.0
2018	1122	518.0
2018	1124	1711.0
2018	1127	562.0
2018	1129	39.0
2018	1130	334.0
2018	1133	85.0
2018	1134	104.0
2018	1135	99.0
2018	1141	104.0
2018	1142	191.0
2018	1144	14.0
2018	1145	27.0
2018	1146	427.0
2018	1149	1178.0
2018	1151	4.0
2018	1160	207.0
2018	1201	9805.0
2018	1211	102.0
2018	1216	197.0
2018	1219	315.0
2018	1221	561.0
2018	1222	95.0
2018	1223	96.0
2018	1224	284.0
2018	1227	36.0
2018	1228	171.0
2018	1231	107.0
2018	1232	26.0
2018	1233	24.0
2018	1234	47.0
2018	1235	457.0
2018	1238	217.0
2018	1241	96.0
2018	1242	87.0
2018	1243	949.0
2018	1244	145.0
2018	1245	259.0
2018	1246	1371.0
2018	1247	1116.0
2018	1251	115.0
2018	1252	19.0
2018	1253	250.0
2018	1256	450.0
2018	1259	233.0
2018	1260	200.0
2018	1263	703.0
2018	1264	129.0
2018	1265	24.0
2018	1266	47.0
2018	1401	269.0
2018	1411	88.0
2018	1412	28.0
2018	1413	49.0
2018	1416	93.0
2018	1417	53.0
2018	1418	38.0
2018	1419	73.0
2018	1420	481.0
2018	1421	65.0
2018	1422	76.0
2018	1424	106.0
2018	1426	147.0
2018	1428	82.0
2018	1429	54.0
2018	1430	97.0
2018	1431	119.0
2018	1432	520.0
2018	1433	102.0
2018	1438	71.0
2018	1439	142.0
2018	1441	77.0
2018	1443	181.0
2018	1444	31.0
2018	1445	156.0
2018	1449	181.0
2018	1502	990.0
2018	1504	2116.0
2018	1505	737.0
2018	1506	1150.0
2018	1507	2765.0
2018	1508	2451.0325900514576
2018	1511	92.0
2018	1514	77.0
2018	1515	209.0
2018	1516	361.0
2018	1517	154.0
2018	1519	453.0
2018	1520	316.0
2018	1523	91.0
2018	1524	36.0
2018	1525	123.0
2018	1526	29.0
2018	1528	177.0
2018	1529	241.0
2018	1531	389.0
2018	1532	330.0
2018	1534	303.0
2018	1535	177.0
2018	1539	192.0
2018	1543	112.0
2018	1545	48.0
2018	1546	14.0
2018	1547	123.0
2018	1548	363.0
2018	1551	120.0
2018	1554	171.0
2018	1557	80.0
2018	1560	102.0
2018	1563	181.0
2018	1566	116.0
2018	1567	50.0
2018	1571	52.0
2018	1573	55.0
2018	1576	112.0
2018	1577	484.0
2018	1578	65.0
2018	1579	483.0
2018	1580	313.96740994854207
2018	1601	8818.0
2018	1612	120.0
2018	1613	45.0
2018	1617	264.0
2018	1620	211.0
2018	1621	240.0
2018	1622	63.0
2018	1624	182.05978260869566
2018	1627	251.0
2018	1630	118.0
2018	1632	34.0
2018	1633	24.0
2018	1634	203.0
2018	1635	87.0
2018	1636	161.0
2018	1638	513.0
2018	1640	207.0
2018	1644	64.0
2018	1648	212.0
2018	1653	832.0
2018	1657	437.0
2018	1662	329.0
2018	1663	851.0
2018	1664	130.0
2018	1665	17.0
2018	1702	755.0
2018	1703	531.0
2018	1711	70.0
2018	1714	929.0
2018	1717	102.0
2018	1718	95.94021739130434
2018	1719	798.0
2018	1721	434.0
2018	1723	32.333333333333336
2018	1724	101.0
2018	1725	53.0
2018	1729	258.6666666666667
2018	1736	63.0
2018	1738	57.0
2018	1739	24.0
2018	1740	29.0
2018	1742	83.0
2018	1743	36.0
2018	1744	141.0
2018	1748	20.0
2018	1749	36.0
2018	1750	212.0
2018	1751	203.0
2018	1755	17.0
2018	1756	291.0
2018	1804	1918.0
2018	1805	627.0
2018	1806	763.0
2018	1811	22.0
2018	1812	86.0
2018	1813	239.0
2018	1815	44.0
2018	1816	25.0
2018	1818	55.0
2018	1820	269.0
2018	1822	115.0
2018	1824	366.0
2018	1825	61.0
2018	1826	28.0
2018	1827	50.0
2018	1828	76.0
2018	1832	150.0
2018	1833	634.0
2018	1834	78.0
2018	1835	16.0
2018	1836	27.0
2018	1837	155.0
2018	1838	85.0
2018	1839	44.0
2018	1840	138.0
2018	1841	347.0
2018	1845	81.0
2018	1848	159.0
2018	1849	75.0
2018	1850	60.0
2018	1851	90.0
2018	1852	74.0
2018	1853	59.0
2018	1854	76.0
2018	1856	13.0
2018	1857	21.0
2018	1859	61.0
2018	1860	465.0
2018	1865	350.0
2018	1866	326.0
2018	1867	78.0
2018	1868	133.0
2018	1870	435.0
2018	1871	155.0
2018	1874	38.0
2018	1875	135.0
2018	1901	910.3578595317725
2018	1902	3084.0
2018	1903	929.0
2018	1911	138.0
2018	1913	158.0
2018	1915	18.642140468227428
2018	1917	63.0
2018	1919	59.0
2018	1920	31.0
2018	1922	341.0
2018	1923	85.0
2018	1924	394.0
2018	1925	146.0
2018	1926	42.0
2018	1927	75.0
2018	1928	29.0
2018	1929	43.0
2018	1931	471.0
2018	1933	216.0
2018	1936	122.0
2018	1938	76.0
2018	1939	91.0
2018	1940	72.0
2018	1941	92.0
2018	1942	193.0
2018	1943	55.0
2018	2002	90.0
2018	2003	203.0
2018	2004	424.0
2018	2011	82.0
2018	2012	650.0
2018	2014	32.0
2018	2015	65.0
2018	2017	40.0
2018	2018	79.0
2018	2019	163.0
2018	2020	148.0
2018	2021	80.0
2018	2022	59.0
2018	2023	68.0
2018	2024	38.0
2018	2025	123.0
2018	2027	54.0
2018	2028	63.0
2018	2030	391.0
2018	3001	1257.0
2018	3002	3068.0
2018	3003	2497.0
2018	3004	3631.0
2018	3005	5830.0
2018	3006	1213.0
2018	3007	1308.0
2018	3011	354.0
2018	3012	66.0
2018	3013	203.0
2018	3014	2891.0
2018	3015	206.0
2018	3016	400.0
2018	3017	452.0
2018	3018	444.0
2018	3019	1149.0
2018	3020	3400.0
2018	3021	1913.0
2018	3022	850.0
2018	3023	1037.0
2018	3024	6959.0
2018	3025	5490.0
2018	3026	885.0
2018	3027	1409.0
2018	3028	683.0
2018	3029	3796.0
2018	3030	6952.0
2018	3031	1493.0
2018	3032	498.0
2018	3033	3530.0
2018	3034	1294.0
2018	3035	1530.0
2018	3036	1155.0
2018	3037	193.0
2018	3038	393.0
2018	3039	32.0
2018	3040	94.0
2018	3041	208.0
2018	3042	107.0
2018	3043	203.0
2018	3044	158.0
2018	3045	120.0
2018	3046	81.0
2018	3047	660.0
2018	3048	1080.0
2018	3049	1649.0
2018	3050	141.0
2018	3051	56.0
2018	3052	54.0
2018	3053	408.0
2018	3054	372.0
2018	3101	1257.0
2018	3103	3068.0
2018	3105	2497.0
2018	3107	3631.0
2018	3110	354.0
2018	3112	452.0
2018	3114	444.0
2018	3116	206.0
2018	3118	2891.0
2018	3120	400.0
2018	3122	203.0
2018	3124	66.0
2018	3201	6959.0
2018	3203	5490.0
2018	3205	6952.0
2018	3207	3400.0
2018	3209	3530.0
2018	3212	1037.0
2018	3214	850.0
2018	3216	1149.0
2018	3218	1913.0
2018	3220	683.0
2018	3222	3796.0
2018	3224	1409.0
2018	3226	885.0
2018	3228	1294.0
2018	3230	498.0
2018	3232	1493.0
2018	3234	372.0
2018	3236	408.0
2018	3238	1155.0
2018	3240	1530.0
2018	3242	193.0
2018	3301	5830.0
2018	3303	1213.0
2018	3305	1308.0
2018	3310	393.0
2018	3312	1649.0
2018	3314	1080.0
2018	3316	660.0
2018	3318	81.0
2018	3320	32.0
2018	3322	94.0
2018	3324	208.0
2018	3326	107.0
2018	3328	203.0
2018	3330	158.0
2018	3332	120.0
2018	3334	141.0
2018	3336	56.0
2018	3338	54.0
2018	3401	771.0
2018	3403	1959.0
2018	3405	1623.0
2018	3407	1732.0
2018	3411	1490.0
2018	3412	382.0
2018	3413	1224.0
2018	3414	173.0
2018	3415	371.0
2018	3416	265.0
2018	3417	185.0
2018	3418	315.0
2018	3419	204.0
2018	3420	1003.0
2018	3421	244.0
2018	3422	342.0
2018	3423	124.0
2018	3424	70.0
2018	3425	49.0
2018	3426	61.0
2018	3427	213.0
2018	3428	69.0
2018	3429	70.0
2018	3430	79.0
2018	3431	120.0
2018	3432	62.0
2018	3433	79.0
2018	3434	58.0
2018	3435	99.0
2018	3436	174.0
2018	3437	138.0
2018	3438	86.0
2018	3439	123.0
2018	3440	256.0
2018	3441	255.0
2018	3442	625.0
2018	3443	679.0
2018	3446	526.0
2018	3447	267.0
2018	3448	184.0
2018	3449	114.0
2018	3450	36.0
2018	3451	238.0
2018	3452	123.0
2018	3453	101.0
2018	3454	64.0
2018	3801	1344.0
2018	3802	1529.0
2018	3803	3775.0
2018	3804	2667.0
2018	3805	1903.0
2018	3806	1780.0
2018	3807	2141.0
2018	3808	508.0
2018	3811	1387.0
2018	3812	115.0
2018	3813	486.0
2018	3814	324.0
2018	3815	129.0
2018	3816	260.0
2018	3817	830.0
2018	3818	158.0
2018	3819	47.0
2018	3820	94.0
2018	3821	85.0
2018	3822	62.0
2018	3823	35.0
2018	3824	69.0
2018	3825	139.0
2018	3901	1344.0
2018	3903	1529.0
2018	3905	3775.0
2018	3907	2667.0
2018	3909	1903.0
2018	3911	1387.0
2018	4001	1780.0
2018	4003	2141.0
2018	4005	508.0
2018	4010	115.0
2018	4012	486.0
2018	4014	324.0
2018	4016	129.0
2018	4018	260.0
2018	4020	830.0
2018	4022	94.0
2018	4024	47.0
2018	4026	158.0
2018	4028	85.0
2018	4030	62.0
2018	4032	35.0
2018	4034	69.0
2018	4036	139.0
2018	4201	249.0
2018	4202	1212.0
2018	4203	1611.0
2018	4204	5582.0
2018	4205	887.0
2018	4206	213.0
2018	4207	235.0
2018	4211	80.0
2018	4212	91.0
2018	4213	278.0
2018	4214	268.0
2018	4215	518.0
2018	4216	283.0
2018	4217	63.0
2018	4218	58.0
2018	4219	126.0
2018	4220	53.0
2018	4221	43.0
2018	4222	35.0
2018	4223	603.0
2018	4224	26.0
2018	4225	369.0
2018	4226	39.0
2018	4227	175.0
2018	4228	55.0
2018	4601	9805.0
2018	4602	411.0
2018	4611	102.0
2018	4612	197.0
2018	4613	315.0
2018	4614	561.0
2018	4615	95.0
2018	4616	96.0
2018	4617	284.0
2018	4618	314.0
2018	4619	26.0
2018	4620	24.0
2018	4621	504.0
2018	4622	217.0
2018	4623	87.0
2018	4624	1045.0
2018	4625	145.0
2018	4626	1863.0
2018	4627	1116.0
2018	4628	115.0
2018	4629	19.0
2018	4630	250.0
2018	4631	1353.0
2018	4632	129.0
2018	4633	24.0
2018	4634	47.0
2018	4635	88.0
2018	4636	28.0
2018	4637	49.0
2018	4638	93.0
2018	4639	53.0
2018	4640	592.0
2018	4641	65.0
2018	4642	76.0
2018	4643	106.0
2018	4644	147.0
2018	4645	82.0
2018	4646	54.0
2018	4647	838.0
2018	4648	71.0
2018	4649	258.0
2018	4650	156.0
2018	4651	181.0
2018	5001	8818.0
2018	5004	755.0
2018	5005	531.0
2018	5006	856.0
2018	5007	604.0
2018	5011	120.0
2018	5012	45.0
2018	5013	264.0
2018	5014	211.0
2018	5015	240.0
2018	5016	63.0
2018	5017	251.0
2018	5018	118.0
2018	5019	34.0
2018	5020	24.0
2018	5021	203.0
2018	5022	87.0
2018	5023	161.0
2018	5024	513.0
2018	5025	207.0
2018	5026	64.0
2018	5027	212.0
2018	5028	832.0
2018	5029	437.0
2018	5030	329.0
2018	5031	851.0
2018	5032	130.0
2018	5033	17.0
2018	5034	70.0
2018	5035	929.0
2018	5036	102.0
2018	5037	798.0
2018	5038	434.0
2018	5039	101.0
2018	5040	53.0
2018	5041	63.0
2018	5042	57.0
2018	5043	24.0
2018	5044	29.0
2018	5045	83.0
2018	5046	36.0
2018	5047	141.0
2018	5048	20.0
2018	5049	36.0
2018	5050	212.0
2018	5051	203.0
2018	5052	17.0
2018	5053	291.0
2018	5054	278.0
2018	5055	217.0
2018	5056	309.0
2018	5057	491.0
2018	5058	152.0
2018	5059	782.0
2018	5060	415.0
2018	5061	50.0
2018	5401	3084.0
2018	5402	929.0
2018	5403	650.0
2018	5404	90.0
2018	5405	203.0
2018	5406	464.0
2018	5411	138.0
2018	5412	232.0
2018	5413	63.0
2018	5414	59.0
2018	5415	31.0
2018	5416	341.0
2018	5417	85.0
2018	5418	394.0
2018	5419	146.0
2018	5420	42.0
2018	5421	618.0
2018	5422	216.0
2018	5423	122.0
2018	5424	76.0
2018	5425	91.0
2018	5426	72.0
2018	5427	92.0
2018	5428	193.0
2018	5429	55.0
2018	5430	82.0
2018	5432	32.0
2018	5433	65.0
2018	5434	79.0
2018	5435	163.0
2018	5436	148.0
2018	5437	80.0
2018	5438	59.0
2018	5439	68.0
2018	5440	38.0
2018	5441	123.0
2018	5442	54.0
2018	5443	63.0
2018	5444	391.0
2018	5501	3084.0
2018	5503	929.0
2018	5510	138.0
2018	5512	232.0
2018	5514	63.0
2018	5516	59.0
2018	5518	31.0
2018	5520	341.0
2018	5522	85.0
2018	5524	394.0
2018	5526	146.0
2018	5528	42.0
2018	5530	618.0
2018	5532	216.0
2018	5534	122.0
2018	5536	76.0
2018	5538	91.0
2018	5540	72.0
2018	5542	92.0
2018	5544	193.0
2018	5546	55.0
2018	5601	650.0
2018	5603	464.0
2018	5605	391.0
2018	5607	203.0
2018	5610	80.0
2018	5612	82.0
2018	5614	32.0
2018	5616	65.0
2018	5618	79.0
2018	5620	163.0
2018	5622	148.0
2018	5624	59.0
2018	5626	68.0
2018	5628	123.0
2018	5630	38.0
2018	5632	63.0
2018	5634	90.0
2018	5636	54.0
2019	0101	1258.0
2019	0104	2172.0
2019	0105	2569.0
2019	0106	3751.0
2019	0111	333.0
2019	0118	40.0
2019	0119	156.0
2019	0121	18.0
2019	0122	382.0
2019	0123	478.0
2019	0124	866.0
2019	0125	746.0
2019	0127	214.0
2019	0128	406.0
2019	0135	415.0
2019	0136	1070.0
2019	0137	474.0
2019	0138	512.0
2019	0211	1065.0
2019	0213	2025.0
2019	0214	1860.0
2019	0215	902.0
2019	0216	1003.0
2019	0217	1711.0
2019	0219	6505.0
2019	0220	3544.0
2019	0221	863.0
2019	0226	1247.0
2019	0227	736.0
2019	0228	1562.0
2019	0229	605.0
2019	0230	3612.0
2019	0231	4339.0
2019	0233	1294.0
2019	0234	498.0
2019	0235	3372.0
2019	0236	1451.0
2019	0237	1644.0
2019	0238	1201.0
2019	0239	185.0
2019	0301	32930.0
2019	0402	811.0
2019	0403	1969.0
2019	0412	1448.0
2019	0415	393.0
2019	0417	1160.0
2019	0418	212.0
2019	0419	415.0
2019	0420	276.0
2019	0423	220.0
2019	0425	299.0
2019	0426	156.0
2019	0427	992.0
2019	0428	206.0
2019	0429	366.0
2019	0430	102.0
2019	0432	65.0
2019	0434	55.0
2019	0436	54.0
2019	0437	185.0
2019	0438	107.0
2019	0439	57.0
2019	0441	75.0
2019	0501	1710.0
2019	0502	1599.0
2019	0511	72.0
2019	0512	61.0
2019	0513	65.0
2019	0514	62.0
2019	0515	97.0
2019	0516	171.0
2019	0517	151.0
2019	0519	108.0
2019	0520	127.0
2019	0521	200.0
2019	0522	236.0
2019	0528	631.0
2019	0529	680.0
2019	0532	348.0
2019	0533	412.0
2019	0534	532.0
2019	0536	254.0
2019	0538	193.0
2019	0540	106.0
2019	0541	47.0
2019	0542	235.0
2019	0543	100.0
2019	0544	111.0
2019	0545	54.0
2019	0602	4161.0
2019	0604	1269.0
2019	0605	1366.0
2019	0612	318.0
2019	0615	42.0
2019	0616	79.0
2019	0617	223.0
2019	0618	111.0
2019	0619	181.0
2019	0620	157.0
2019	0621	118.0
2019	0622	78.0
2019	0623	609.0
2019	0624	1175.0
2019	0625	1586.0
2019	0626	1664.0
2019	0627	1265.0
2019	0628	575.0
2019	0631	122.0
2019	0632	69.0
2019	0633	72.0
2019	0701	1285.0
2019	0702	670.7545164718384
2019	0704	3235.0
2019	0706	1759.379157427938
2019	0709	1500.3601252609603
2019	0710	2905.0
2019	0711	335.0
2019	0712	1690.0
2019	0713	572.0
2019	0714	165.24548352816154
2019	0715	836.0
2019	0716	667.0
2019	0719	328.5033259423503
2019	0720	817.1175166297118
2019	0722	1194.485549132948
2019	0723	320.514450867052
2019	0728	189.63987473903967
2019	0729	1515.0
2019	0805	1825.0
2019	0806	2129.0
2019	0807	421.0
2019	0811	139.0
2019	0814	576.0
2019	0815	351.0
2019	0817	141.0
2019	0819	257.0
2019	0821	479.0
2019	0822	192.0
2019	0826	160.0
2019	0827	76.0
2019	0828	104.0
2019	0829	94.0
2019	0830	51.0
2019	0831	50.0
2019	0833	65.0
2019	0834	140.0
2019	0901	273.0
2019	0904	1271.0
2019	0906	1648.0
2019	0911	69.0
2019	0912	106.0
2019	0914	300.0
2019	0919	348.0
2019	0926	495.0
2019	0928	237.0
2019	0929	65.0
2019	0935	70.0
2019	0937	152.0
2019	0938	37.0
2019	0940	48.0
2019	0941	63.0
2019	1001	4632.0
2019	1002	617.0
2019	1003	254.0
2019	1004	241.0
2019	1014	646.0
2019	1017	365.0
2019	1018	675.0
2019	1021	92.0
2019	1026	19.0
2019	1027	50.0
2019	1029	268.0
2019	1032	317.0
2019	1034	39.0
2019	1037	137.0
2019	1046	34.0
2019	1101	362.0
2019	1102	3432.0
2019	1103	5848.0
2019	1106	1708.0
2019	1108	3465.0
2019	1111	66.0
2019	1112	103.0
2019	1114	98.0
2019	1119	573.0
2019	1120	955.0
2019	1121	846.0
2019	1122	518.0
2019	1124	1747.0
2019	1127	641.0
2019	1129	33.0
2019	1130	351.0
2019	1133	66.0
2019	1134	113.0
2019	1135	114.0
2019	1141	84.0
2019	1142	183.0
2019	1144	21.0
2019	1145	20.0
2019	1146	440.0
2019	1149	1123.0
2019	1151	8.0
2019	1160	225.0
2019	1201	9954.0
2019	1211	87.0
2019	1216	210.0
2019	1219	234.0
2019	1221	554.0
2019	1222	88.0
2019	1223	80.0
2019	1224	290.0
2019	1227	34.0
2019	1228	152.0
2019	1231	103.0
2019	1232	33.0
2019	1233	37.0
2019	1234	35.0
2019	1235	449.0
2019	1238	230.0
2019	1241	154.0
2019	1242	112.0
2019	1243	878.0
2019	1244	133.0
2019	1245	335.0
2019	1246	1382.0
2019	1247	1090.0
2019	1251	103.0
2019	1252	13.0
2019	1253	221.0
2019	1256	433.0
2019	1259	168.0
2019	1260	221.0
2019	1263	672.0
2019	1264	139.0
2019	1265	21.0
2019	1266	59.0
2019	1401	270.0
2019	1411	64.0
2019	1412	27.0
2019	1413	39.0
2019	1416	111.0
2019	1417	63.0
2019	1418	40.0
2019	1419	100.0
2019	1420	459.0
2019	1421	63.0
2019	1422	58.0
2019	1424	103.0
2019	1426	116.0
2019	1428	88.0
2019	1429	94.0
2019	1430	98.0
2019	1431	112.0
2019	1432	556.0
2019	1433	91.0
2019	1438	62.0
2019	1439	144.0
2019	1441	63.0
2019	1443	189.0
2019	1444	41.0
2019	1445	127.0
2019	1449	149.0
2019	1502	1024.0
2019	1504	2461.0
2019	1505	683.0
2019	1506	1148.0
2019	1507	3090.0
2019	1508	2739.1286449399654
2019	1511	79.0
2019	1514	63.0
2019	1515	231.0
2019	1516	314.0
2019	1517	198.0
2019	1519	454.0
2019	1520	291.0
2019	1523	102.0
2019	1524	60.0
2019	1525	95.0
2019	1526	35.0
2019	1528	144.0
2019	1529	228.0
2019	1531	343.0
2019	1532	330.0
2019	1534	273.0
2019	1535	165.0
2019	1539	179.0
2019	1543	81.0
2019	1545	43.0
2019	1546	26.0
2019	1547	138.0
2019	1548	339.0
2019	1551	130.0
2019	1554	152.0
2019	1557	90.0
2019	1560	96.0
2019	1563	138.0
2019	1566	153.0
2019	1567	48.0
2019	1571	51.0
2019	1573	57.0
2019	1576	95.0
2019	1577	495.0
2019	1578	95.0
2019	1579	469.0
2019	1580	350.8713550600344
2019	1601	9082.0
2019	1612	108.0
2019	1613	26.0
2019	1617	221.0
2019	1620	189.0
2019	1621	253.0
2019	1622	58.0
2019	1624	229.21195652173913
2019	1627	211.0
2019	1630	84.0
2019	1632	21.0
2019	1633	39.0
2019	1634	189.0
2019	1635	82.0
2019	1636	139.0
2019	1638	494.0
2019	1640	236.0
2019	1644	50.0
2019	1648	185.0
2019	1653	858.0
2019	1657	412.0
2019	1662	370.0
2019	1663	838.0
2019	1664	148.0
2019	1665	21.0
2019	1702	747.0
2019	1703	478.0
2019	1711	81.0
2019	1714	898.0
2019	1717	103.0
2019	1718	120.78804347826086
2019	1719	785.0
2019	1721	503.0
2019	1723	32.66666666666667
2019	1724	98.0
2019	1725	50.0
2019	1729	261.33333333333337
2019	1736	45.0
2019	1738	18.0
2019	1739	12.0
2019	1740	45.0
2019	1742	90.0
2019	1743	31.0
2019	1744	131.0
2019	1748	42.0
2019	1749	55.0
2019	1750	192.0
2019	1751	209.0
2019	1755	10.0
2019	1756	294.0
2019	1804	1892.0
2019	1805	568.0
2019	1806	722.0
2019	1811	39.0
2019	1812	87.0
2019	1813	242.0
2019	1815	55.0
2019	1816	21.0
2019	1818	70.0
2019	1820	308.0
2019	1822	76.0
2019	1824	325.0
2019	1825	46.0
2019	1826	28.0
2019	1827	41.0
2019	1828	61.0
2019	1832	108.0
2019	1833	525.0
2019	1834	72.0
2019	1835	10.0
2019	1836	26.0
2019	1837	191.0
2019	1838	90.0
2019	1839	33.0
2019	1840	139.0
2019	1841	350.0
2019	1845	80.0
2019	1848	125.0
2019	1849	67.0
2019	1850	64.0
2019	1851	84.0
2019	1852	61.0
2019	1853	45.0
2019	1854	90.0
2019	1856	22.0
2019	1857	21.0
2019	1859	66.0
2019	1860	370.0
2019	1865	378.0
2019	1866	329.0
2019	1867	103.0
2019	1868	131.0
2019	1870	443.0
2019	1871	154.0
2019	1874	44.0
2019	1875	131.0
2019	1901	887.819397993311
2019	1902	2930.0
2019	1903	906.0
2019	1911	152.0
2019	1913	149.0
2019	1915	18.180602006688968
2019	1917	55.0
2019	1919	60.0
2019	1920	24.0
2019	1922	253.0
2019	1923	97.0
2019	1924	347.0
2019	1925	162.0
2019	1926	36.0
2019	1927	66.0
2019	1928	39.0
2019	1929	20.0
2019	1931	459.0
2019	1933	237.0
2019	1936	81.0
2019	1938	79.0
2019	1939	81.0
2019	1940	57.0
2019	1941	76.0
2019	1942	194.0
2019	1943	60.0
2019	2002	76.0
2019	2003	250.0
2019	2004	426.0
2019	2011	94.0
2019	2012	741.0
2019	2014	63.0
2019	2015	45.0
2019	2017	60.0
2019	2018	70.0
2019	2019	124.0
2019	2020	215.0
2019	2021	87.0
2019	2022	59.0
2019	2023	54.0
2019	2024	29.0
2019	2025	147.0
2019	2027	39.0
2019	2028	54.0
2019	2030	358.0
2019	3001	1258.0
2019	3002	3242.0
2019	3003	2569.0
2019	3004	3751.0
2019	3005	6082.0
2019	3006	1269.0
2019	3007	1366.0
2019	3011	333.0
2019	3012	40.0
2019	3013	156.0
2019	3014	2984.0
2019	3015	214.0
2019	3016	406.0
2019	3017	415.0
2019	3018	474.0
2019	3019	1065.0
2019	3020	3736.0
2019	3021	1860.0
2019	3022	902.0
2019	3023	1003.0
2019	3024	6505.0
2019	3025	5384.0
2019	3026	881.0
2019	3027	1562.0
2019	3028	605.0
2019	3029	3612.0
2019	3030	6322.0
2019	3031	1294.0
2019	3032	498.0
2019	3033	3372.0
2019	3034	1451.0
2019	3035	1644.0
2019	3036	1201.0
2019	3037	185.0
2019	3038	318.0
2019	3039	42.0
2019	3040	79.0
2019	3041	223.0
2019	3042	111.0
2019	3043	181.0
2019	3044	157.0
2019	3045	118.0
2019	3046	78.0
2019	3047	609.0
2019	3048	1175.0
2019	3049	1664.0
2019	3050	122.0
2019	3051	69.0
2019	3052	72.0
2019	3053	348.0
2019	3054	412.0
2019	3101	1258.0
2019	3103	3242.0
2019	3105	2569.0
2019	3107	3751.0
2019	3110	333.0
2019	3112	415.0
2019	3114	474.0
2019	3116	214.0
2019	3118	2984.0
2019	3120	406.0
2019	3122	156.0
2019	3124	40.0
2019	3201	6505.0
2019	3203	5384.0
2019	3205	6322.0
2019	3207	3736.0
2019	3209	3372.0
2019	3212	1003.0
2019	3214	902.0
2019	3216	1065.0
2019	3218	1860.0
2019	3220	605.0
2019	3222	3612.0
2019	3224	1562.0
2019	3226	881.0
2019	3228	1451.0
2019	3230	498.0
2019	3232	1294.0
2019	3234	412.0
2019	3236	348.0
2019	3238	1201.0
2019	3240	1644.0
2019	3242	185.0
2019	3301	6082.0
2019	3303	1269.0
2019	3305	1366.0
2019	3310	318.0
2019	3312	1664.0
2019	3314	1175.0
2019	3316	609.0
2019	3318	78.0
2019	3320	42.0
2019	3322	79.0
2019	3324	223.0
2019	3326	111.0
2019	3328	181.0
2019	3330	157.0
2019	3332	118.0
2019	3334	122.0
2019	3336	69.0
2019	3338	72.0
2019	3401	811.0
2019	3403	1969.0
2019	3405	1710.0
2019	3407	1599.0
2019	3411	1448.0
2019	3412	393.0
2019	3413	1160.0
2019	3414	212.0
2019	3415	415.0
2019	3416	276.0
2019	3417	220.0
2019	3418	299.0
2019	3419	156.0
2019	3420	992.0
2019	3421	206.0
2019	3422	366.0
2019	3423	102.0
2019	3424	65.0
2019	3425	55.0
2019	3426	54.0
2019	3427	185.0
2019	3428	107.0
2019	3429	57.0
2019	3430	75.0
2019	3431	72.0
2019	3432	61.0
2019	3433	65.0
2019	3434	62.0
2019	3435	97.0
2019	3436	171.0
2019	3437	151.0
2019	3438	108.0
2019	3439	127.0
2019	3440	200.0
2019	3441	236.0
2019	3442	631.0
2019	3443	680.0
2019	3446	532.0
2019	3447	254.0
2019	3448	193.0
2019	3449	106.0
2019	3450	47.0
2019	3451	235.0
2019	3452	100.0
2019	3453	111.0
2019	3454	54.0
2019	3801	1285.0
2019	3802	1408.0
2019	3803	3902.0
2019	3804	2905.0
2019	3805	1690.0
2019	3806	1825.0
2019	3807	2129.0
2019	3808	421.0
2019	3811	1515.0
2019	3812	139.0
2019	3813	576.0
2019	3814	351.0
2019	3815	141.0
2019	3816	257.0
2019	3817	671.0
2019	3818	160.0
2019	3819	76.0
2019	3820	104.0
2019	3821	94.0
2019	3822	51.0
2019	3823	50.0
2019	3824	65.0
2019	3825	140.0
2019	3901	1285.0
2019	3903	1408.0
2019	3905	3902.0
2019	3907	2905.0
2019	3909	1690.0
2019	3911	1515.0
2019	4001	1825.0
2019	4003	2129.0
2019	4005	421.0
2019	4010	139.0
2019	4012	576.0
2019	4014	351.0
2019	4016	141.0
2019	4018	257.0
2019	4020	671.0
2019	4022	104.0
2019	4024	76.0
2019	4026	160.0
2019	4028	94.0
2019	4030	51.0
2019	4032	50.0
2019	4034	65.0
2019	4036	140.0
2019	4201	273.0
2019	4202	1271.0
2019	4203	1648.0
2019	4204	5672.0
2019	4205	977.0
2019	4206	254.0
2019	4207	241.0
2019	4211	69.0
2019	4212	106.0
2019	4213	300.0
2019	4214	348.0
2019	4215	495.0
2019	4216	237.0
2019	4217	65.0
2019	4218	70.0
2019	4219	152.0
2019	4220	37.0
2019	4221	48.0
2019	4222	63.0
2019	4223	646.0
2019	4224	19.0
2019	4225	367.0
2019	4226	39.0
2019	4227	137.0
2019	4228	34.0
2019	4601	9954.0
2019	4602	414.0
2019	4611	87.0
2019	4612	210.0
2019	4613	234.0
2019	4614	554.0
2019	4615	88.0
2019	4616	80.0
2019	4617	290.0
2019	4618	289.0
2019	4619	33.0
2019	4620	37.0
2019	4621	484.0
2019	4622	230.0
2019	4623	112.0
2019	4624	1032.0
2019	4625	133.0
2019	4626	1885.0
2019	4627	1090.0
2019	4628	103.0
2019	4629	13.0
2019	4630	221.0
2019	4631	1326.0
2019	4632	139.0
2019	4633	21.0
2019	4634	59.0
2019	4635	64.0
2019	4636	27.0
2019	4637	39.0
2019	4638	111.0
2019	4639	63.0
2019	4640	599.0
2019	4641	63.0
2019	4642	58.0
2019	4643	103.0
2019	4644	116.0
2019	4645	88.0
2019	4646	94.0
2019	4647	857.0
2019	4648	62.0
2019	4649	252.0
2019	4650	127.0
2019	4651	149.0
2019	5001	9082.0
2019	5004	747.0
2019	5005	478.0
2019	5006	845.0
2019	5007	570.0
2019	5011	108.0
2019	5012	26.0
2019	5013	221.0
2019	5014	189.0
2019	5015	253.0
2019	5016	58.0
2019	5017	211.0
2019	5018	84.0
2019	5019	21.0
2019	5020	39.0
2019	5021	189.0
2019	5022	82.0
2019	5023	139.0
2019	5024	494.0
2019	5025	236.0
2019	5026	50.0
2019	5027	185.0
2019	5028	858.0
2019	5029	412.0
2019	5030	370.0
2019	5031	838.0
2019	5032	148.0
2019	5033	21.0
2019	5034	81.0
2019	5035	898.0
2019	5036	103.0
2019	5037	785.0
2019	5038	503.0
2019	5039	98.0
2019	5040	50.0
2019	5041	45.0
2019	5042	18.0
2019	5043	12.0
2019	5044	45.0
2019	5045	90.0
2019	5046	31.0
2019	5047	131.0
2019	5048	42.0
2019	5049	55.0
2019	5050	192.0
2019	5051	209.0
2019	5052	10.0
2019	5053	294.0
2019	5054	350.0
2019	5055	185.0
2019	5056	247.0
2019	5057	464.0
2019	5058	105.0
2019	5059	717.0
2019	5060	401.0
2019	5061	48.0
2019	5401	2930.0
2019	5402	906.0
2019	5403	741.0
2019	5404	76.0
2019	5405	250.0
2019	5406	486.0
2019	5411	152.0
2019	5412	210.0
2019	5413	55.0
2019	5414	60.0
2019	5415	24.0
2019	5416	253.0
2019	5417	97.0
2019	5418	347.0
2019	5419	162.0
2019	5420	36.0
2019	5421	584.0
2019	5422	237.0
2019	5423	81.0
2019	5424	79.0
2019	5425	81.0
2019	5426	57.0
2019	5427	76.0
2019	5428	194.0
2019	5429	60.0
2019	5430	94.0
2019	5432	63.0
2019	5433	45.0
2019	5434	70.0
2019	5435	124.0
2019	5436	215.0
2019	5437	87.0
2019	5438	59.0
2019	5439	54.0
2019	5440	29.0
2019	5441	147.0
2019	5442	39.0
2019	5443	54.0
2019	5444	358.0
2019	5501	2930.0
2019	5503	906.0
2019	5510	152.0
2019	5512	210.0
2019	5514	55.0
2019	5516	60.0
2019	5518	24.0
2019	5520	253.0
2019	5522	97.0
2019	5524	347.0
2019	5526	162.0
2019	5528	36.0
2019	5530	584.0
2019	5532	237.0
2019	5534	81.0
2019	5536	79.0
2019	5538	81.0
2019	5540	57.0
2019	5542	76.0
2019	5544	194.0
2019	5546	60.0
2019	5601	741.0
2019	5603	486.0
2019	5605	358.0
2019	5607	250.0
2019	5610	87.0
2019	5612	94.0
2019	5614	63.0
2019	5616	45.0
2019	5618	70.0
2019	5620	124.0
2019	5622	215.0
2019	5624	59.0
2019	5626	54.0
2019	5628	147.0
2019	5630	29.0
2019	5632	54.0
2019	5634	76.0
2019	5636	39.0
2020	0101	1250.0
2020	0104	1665.5126465144972
2020	0105	2762.0
2020	0106	4000.0
2020	0111	303.0
2020	0118	68.0
2020	0119	190.0
2020	0121	20.41089670828604
2020	0122	292.5167560321716
2020	0123	366.0288203753351
2020	0124	663.1400804289544
2020	0125	571.25
2020	0127	214.0
2020	0128	375.0
2020	0135	489.0
2020	0136	820.4873534855027
2020	0137	499.0
2020	0138	392.06434316353887
2020	0211	1246.0
2020	0213	1929.6038543897218
2020	0214	1779.0
2020	0215	947.0
2020	0216	1145.0
2020	0217	1630.3961456102784
2020	0219	7034.0
2020	0220	3326.1203566121844
2020	0221	978.5891032917139
2020	0226	1195.1238532110092
2020	0227	705.381841189497
2020	0228	1455.0
2020	0229	572.0
2020	0230	4022.0
2020	0231	4158.494305599494
2020	0233	1435.0
2020	0234	558.0
2020	0235	3283.0
2020	0236	1478.0
2020	0237	1833.0
2020	0238	1242.0
2020	0239	181.0
2020	0301	33318.0
2020	0402	851.0
2020	0403	2144.0
2020	0412	1503.0
2020	0415	352.0
2020	0417	1103.0
2020	0418	232.0
2020	0419	420.0
2020	0420	299.0
2020	0423	187.0
2020	0425	351.0
2020	0426	194.0
2020	0427	1070.0
2020	0428	169.0
2020	0429	389.0
2020	0430	124.0
2020	0432	73.0
2020	0434	49.0
2020	0436	49.0
2020	0437	218.0
2020	0438	87.0
2020	0439	57.0
2020	0441	82.0
2020	0501	1695.0
2020	0502	1524.0
2020	0511	87.0
2020	0512	71.0
2020	0513	66.0
2020	0514	74.0
2020	0515	109.0
2020	0516	188.0
2020	0517	175.0
2020	0519	92.0
2020	0520	156.0
2020	0521	230.0
2020	0522	194.0
2020	0528	519.0
2020	0529	657.0
2020	0532	363.0
2020	0533	473.0
2020	0534	544.0
2020	0536	271.0
2020	0538	242.0
2020	0540	121.0
2020	0541	54.0
2020	0542	223.0
2020	0543	117.0
2020	0544	130.0
2020	0545	79.0
2020	0602	3329.7578099309435
2020	0604	1154.0
2020	0605	1461.0
2020	0612	348.0
2020	0615	62.0
2020	0616	105.0
2020	0617	204.0
2020	0618	123.0
2020	0619	151.0
2020	0620	189.0
2020	0621	129.0
2020	0622	101.0
2020	0623	614.0
2020	0624	1180.0
2020	0625	1269.1650772772116
2020	0626	1629.0
2020	0627	1187.2297548291233
2020	0628	539.6498885586924
2020	0631	132.0
2020	0632	59.0
2020	0633	66.0
2020	0701	1451.0
2020	0702	672.1836809245483
2020	0704	2917.469246540236
2020	0706	1767.252454862211
2020	0709	1660.1617954070982
2020	0710	2918.0
2020	0711	268.0771127918448
2020	0712	1870.0
2020	0713	573.21875
2020	0714	165.59756907545164
2020	0715	837.78125
2020	0716	601.5307534597642
2020	0719	329.97339246119725
2020	0720	820.7741526765917
2020	0722	1342.7121387283237
2020	0723	360.28786127167626
2020	0728	209.8382045929019
2020	0729	1703.0
2020	0805	2066.0
2020	0806	2349.0
2020	0807	475.0
2020	0811	134.0
2020	0814	553.0
2020	0815	423.0
2020	0817	135.0
2020	0819	251.0
2020	0821	404.0447093889716
2020	0822	161.95529061102832
2020	0826	160.0
2020	0827	56.0
2020	0828	126.0
2020	0829	111.0
2020	0830	54.0
2020	0831	39.0
2020	0833	78.0
2020	0834	194.0
2020	0901	292.0
2020	0904	1367.0
2020	0906	1641.0
2020	0911	89.0
2020	0912	106.0
2020	0914	348.0
2020	0919	309.0
2020	0926	573.0
2020	0928	250.0
2020	0929	68.0
2020	0935	80.0
2020	0937	149.0
2020	0938	47.0
2020	0940	44.0
2020	0941	75.0
2020	1001	3883.9548660084624
2020	1002	458.48720573183215
2020	1003	267.0
2020	1004	284.0
2020	1014	675.0
2020	1017	306.0543018335684
2020	1018	565.990832157969
2020	1021	68.36438075742068
2020	1026	23.0
2020	1027	65.94005449591282
2020	1029	199.14841351074716
2020	1032	418.0599455040872
2020	1034	57.0
2020	1037	160.0
2020	1046	63.0
2020	1101	380.0
2020	1102	3481.5238095238096
2020	1103	5832.0
2020	1106	1737.0
2020	1108	3515.0
2020	1111	89.0
2020	1112	84.0
2020	1114	95.0
2020	1119	578.0
2020	1120	1083.0
2020	1121	955.0
2020	1122	470.0
2020	1124	1700.0
2020	1127	592.0
2020	1129	33.47619047619048
2020	1130	430.0
2020	1133	113.0
2020	1134	113.0
2020	1135	126.0
2020	1141	80.1125102207686
2020	1142	174.53082583810303
2020	1144	15.0
2020	1145	29.0
2020	1146	588.0
2020	1149	1279.0
2020	1151	11.0
2020	1160	242.0
2020	1201	10901.0
2020	1211	95.0
2020	1216	268.0
2020	1219	324.0
2020	1221	621.0
2020	1222	102.0
2020	1223	135.0
2020	1224	287.0
2020	1227	30.352941176470587
2020	1228	135.69550173010379
2020	1231	91.9515570934256
2020	1232	30.0
2020	1233	38.0
2020	1234	34.20454545454545
2020	1235	438.7954545454545
2020	1238	259.0
2020	1241	137.4360465116279
2020	1242	130.0
2020	1243	783.563953488372
2020	1244	181.0
2020	1245	293.59151193633954
2020	1246	1211.1745358090184
2020	1247	1090.0
2020	1251	126.0
2020	1252	15.0
2020	1253	235.0
2020	1256	323.60708898944193
2020	1259	147.2339522546419
2020	1260	165.16666666666666
2020	1263	502.2262443438914
2020	1264	127.0
2020	1265	24.0
2020	1266	56.0
2020	1401	265.4347826086957
2020	1411	83.0
2020	1412	26.0
2020	1413	44.0
2020	1416	104.0
2020	1417	55.0
2020	1418	41.736227045075125
2020	1419	104.3405676126878
2020	1420	478.9232053422371
2020	1421	66.0
2020	1422	77.0
2020	1424	109.0
2020	1426	146.0
2020	1428	77.0
2020	1429	90.0
2020	1430	72.95682613768962
2020	1431	83.37922987164526
2020	1432	413.91831971995333
2020	1433	67.74562427071179
2020	1438	90.0
2020	1439	141.56521739130434
2020	1441	77.0
2020	1443	231.0
2020	1444	69.41010101010102
2020	1445	188.0
2020	1449	195.0
2020	1502	1076.6271777003485
2020	1504	1940.128155339806
2020	1505	789.0
2020	1506	1207.0
2020	1507	2436.0
2020	1508	2159.3907375643225
2020	1511	84.0
2020	1514	61.0
2020	1515	208.0
2020	1516	338.0
2020	1517	179.0
2020	1519	768.589898989899
2020	1520	253.0
2020	1523	80.41165048543691
2020	1524	46.73684210526316
2020	1525	126.0
2020	1526	27.26315789473684
2020	1528	181.0
2020	1529	179.74368932038834
2020	1531	388.0
2020	1532	335.0
2020	1534	215.21941747572816
2020	1535	205.0
2020	1539	176.0
2020	1543	85.16289198606272
2020	1545	45.20993031358885
2020	1546	20.497087378640778
2020	1547	177.0
2020	1548	318.76119402985074
2020	1551	122.23880597014924
2020	1554	181.0
2020	1557	105.0
2020	1560	109.0
2020	1563	145.0
2020	1566	130.0
2020	1567	38.0
2020	1571	40.524324324324326
2020	1573	59.0
2020	1576	98.0
2020	1577	838.0
2020	1578	74.0
2020	1579	441.0
2020	1580	276.6092624356776
2020	1601	9969.0
2020	1612	85.81621621621622
2020	1613	20.65945945945946
2020	1617	246.05263157894737
2020	1620	225.0
2020	1621	191.38577586206895
2020	1622	54.92608089260809
2020	1624	170.9266304347826
2020	1627	159.61422413793102
2020	1630	125.60000000000001
2020	1632	31.400000000000002
2020	1633	21.0
2020	1634	188.0
2020	1635	93.0
2020	1636	131.63319386331938
2020	1638	467.8186889818689
2020	1640	232.0
2020	1644	73.0
2020	1648	194.0
2020	1653	922.0
2020	1657	438.0
2020	1662	390.2380448582311
2020	1663	936.0
2020	1664	148.0
2020	1665	17.0
2020	1702	632.9609467455621
2020	1703	480.51578947368426
2020	1711	106.0
2020	1714	1058.0
2020	1717	97.0
2020	1718	90.07336956521739
2020	1719	850.0
2020	1721	558.0
2020	1723	31.888888888888886
2020	1724	83.03905325443787
2020	1725	50.26315789473684
2020	1729	255.1111111111111
2020	1736	59.0
2020	1738	31.0
2020	1739	18.0
2020	1740	44.0
2020	1742	96.0
2020	1743	28.0
2020	1744	144.0
2020	1748	42.22105263157894
2020	1749	58.0
2020	1750	129.27680798004988
2020	1751	140.72319201995012
2020	1755	21.0
2020	1756	287.0
2020	1804	1856.0
2020	1805	477.5290858725762
2020	1806	607.0
2020	1811	38.0
2020	1812	108.0
2020	1813	216.0
2020	1815	62.0
2020	1816	13.0
2020	1818	78.0
2020	1820	253.0
2020	1822	108.0
2020	1824	368.0
2020	1825	51.0
2020	1826	30.0
2020	1827	49.0
2020	1828	67.0
2020	1832	147.0
2020	1833	575.0
2020	1834	81.0
2020	1835	19.0
2020	1836	36.0
2020	1837	186.0
2020	1838	119.0
2020	1839	16.0
2020	1840	149.0
2020	1841	312.0
2020	1845	84.0
2020	1848	134.0
2020	1849	49.61068702290076
2020	1850	53.80609418282548
2020	1851	84.0
2020	1852	53.15714285714286
2020	1853	78.0
2020	1854	75.66481994459834
2020	1856	20.0
2020	1857	23.0
2020	1859	46.0
2020	1860	450.0
2020	1865	407.0
2020	1866	373.0
2020	1867	139.0
2020	1868	145.0
2020	1870	428.0
2020	1871	168.0
2020	1874	40.0
2020	1875	97.0
2020	1901	950.535117056856
2020	1902	3132.0
2020	1903	970.0
2020	1911	168.0
2020	1913	129.84285714285716
2020	1915	19.464882943143817
2020	1917	38.0
2020	1919	60.0
2020	1920	17.0
2020	1922	279.0
2020	1923	82.0
2020	1924	430.0
2020	1925	186.0
2020	1926	52.0
2020	1927	57.75
2020	1928	34.125
2020	1929	17.5
2020	1931	401.625
2020	1933	239.0
2020	1936	100.0
2020	1938	106.0
2020	1939	72.0
2020	1940	96.0
2020	1941	93.0
2020	1942	162.0
2020	1943	61.0
2020	2002	71.0
2020	2003	225.0
2020	2004	344.48148148148147
2020	2011	100.0
2020	2012	720.0
2020	2014	65.0
2020	2015	45.0
2020	2017	48.51851851851852
2020	2018	60.0
2020	2019	94.0
2020	2020	185.0
2020	2021	118.0
2020	2022	58.0
2020	2023	37.0
2020	2024	28.0
2020	2025	120.0
2020	2027	40.0
2020	2028	57.0
2020	2030	394.0
2020	3001	1250.0
2020	3002	2486.0
2020	3003	2762.0
2020	3004	4000.0
2020	3005	4867.0
2020	3006	1154.0
2020	3007	1461.0
2020	3011	303.0
2020	3012	68.0
2020	3013	190.0
2020	3014	2285.0
2020	3015	214.0
2020	3016	375.0
2020	3017	489.0
2020	3018	499.0
2020	3019	1246.0
2020	3020	3560.0
2020	3021	1779.0
2020	3022	947.0
2020	3023	1145.0
2020	3024	7034.0
2020	3025	5053.0
2020	3026	999.0
2020	3027	1455.0
2020	3028	572.0
2020	3029	4022.0
2020	3030	6059.0
2020	3031	1435.0
2020	3032	558.0
2020	3033	3283.0
2020	3034	1478.0
2020	3035	1833.0
2020	3036	1242.0
2020	3037	181.0
2020	3038	348.0
2020	3039	62.0
2020	3040	105.0
2020	3041	204.0
2020	3042	123.0
2020	3043	151.0
2020	3044	189.0
2020	3045	129.0
2020	3046	101.0
2020	3047	614.0
2020	3048	1180.0
2020	3049	1629.0
2020	3050	132.0
2020	3051	59.0
2020	3052	66.0
2020	3053	363.0
2020	3054	473.0
2020	3101	1250.0
2020	3103	2486.0
2020	3105	2762.0
2020	3107	4000.0
2020	3110	303.0
2020	3112	489.0
2020	3114	499.0
2020	3116	214.0
2020	3118	2285.0
2020	3120	375.0
2020	3122	190.0
2020	3124	68.0
2020	3201	7034.0
2020	3203	5053.0
2020	3205	6059.0
2020	3207	3560.0
2020	3209	3283.0
2020	3212	1145.0
2020	3214	947.0
2020	3216	1246.0
2020	3218	1779.0
2020	3220	572.0
2020	3222	4022.0
2020	3224	1455.0
2020	3226	999.0
2020	3228	1478.0
2020	3230	558.0
2020	3232	1435.0
2020	3234	473.0
2020	3236	363.0
2020	3238	1242.0
2020	3240	1833.0
2020	3242	181.0
2020	3301	4867.0
2020	3303	1154.0
2020	3305	1461.0
2020	3310	348.0
2020	3312	1629.0
2020	3314	1180.0
2020	3316	614.0
2020	3318	101.0
2020	3320	62.0
2020	3322	105.0
2020	3324	204.0
2020	3326	123.0
2020	3328	151.0
2020	3330	189.0
2020	3332	129.0
2020	3334	132.0
2020	3336	59.0
2020	3338	66.0
2020	3401	851.0
2020	3403	2144.0
2020	3405	1695.0
2020	3407	1524.0
2020	3411	1503.0
2020	3412	352.0
2020	3413	1103.0
2020	3414	232.0
2020	3415	420.0
2020	3416	299.0
2020	3417	187.0
2020	3418	351.0
2020	3419	194.0
2020	3420	1070.0
2020	3421	169.0
2020	3422	389.0
2020	3423	124.0
2020	3424	73.0
2020	3425	49.0
2020	3426	49.0
2020	3427	218.0
2020	3428	87.0
2020	3429	57.0
2020	3430	82.0
2020	3431	87.0
2020	3432	71.0
2020	3433	66.0
2020	3434	74.0
2020	3435	109.0
2020	3436	188.0
2020	3437	175.0
2020	3438	92.0
2020	3439	156.0
2020	3440	230.0
2020	3441	194.0
2020	3442	519.0
2020	3443	657.0
2020	3446	544.0
2020	3447	271.0
2020	3448	242.0
2020	3449	121.0
2020	3450	54.0
2020	3451	223.0
2020	3452	117.0
2020	3453	130.0
2020	3454	79.0
2020	3801	1451.0
2020	3802	1411.0
2020	3803	3519.0
2020	3804	2918.0
2020	3805	1870.0
2020	3806	2066.0
2020	3807	2349.0
2020	3808	475.0
2020	3811	1703.0
2020	3812	134.0
2020	3813	553.0
2020	3814	423.0
2020	3815	135.0
2020	3816	251.0
2020	3817	566.0
2020	3818	160.0
2020	3819	56.0
2020	3820	126.0
2020	3821	111.0
2020	3822	54.0
2020	3823	39.0
2020	3824	78.0
2020	3825	194.0
2020	3901	1451.0
2020	3903	1411.0
2020	3905	3519.0
2020	3907	2918.0
2020	3909	1870.0
2020	3911	1703.0
2020	4001	2066.0
2020	4003	2349.0
2020	4005	475.0
2020	4010	134.0
2020	4012	553.0
2020	4014	423.0
2020	4016	135.0
2020	4018	251.0
2020	4020	566.0
2020	4022	126.0
2020	4024	56.0
2020	4026	160.0
2020	4028	111.0
2020	4030	54.0
2020	4032	39.0
2020	4034	78.0
2020	4036	194.0
2020	4201	292.0
2020	4202	1367.0
2020	4203	1641.0
2020	4204	4756.0
2020	4205	726.0
2020	4206	267.0
2020	4207	284.0
2020	4211	89.0
2020	4212	106.0
2020	4213	348.0
2020	4214	309.0
2020	4215	573.0
2020	4216	250.0
2020	4217	68.0
2020	4218	80.0
2020	4219	149.0
2020	4220	47.0
2020	4221	44.0
2020	4222	75.0
2020	4223	675.0
2020	4224	23.0
2020	4225	484.0
2020	4226	57.0
2020	4227	160.0
2020	4228	63.0
2020	4601	10901.0
2020	4602	407.0
2020	4611	95.0
2020	4612	268.0
2020	4613	324.0
2020	4614	621.0
2020	4615	102.0
2020	4616	135.0
2020	4617	287.0
2020	4618	258.0
2020	4619	30.0
2020	4620	38.0
2020	4621	473.0
2020	4622	259.0
2020	4623	130.0
2020	4624	921.0
2020	4625	181.0
2020	4626	1652.0
2020	4627	1090.0
2020	4628	126.0
2020	4629	15.0
2020	4630	235.0
2020	4631	991.0
2020	4632	127.0
2020	4633	24.0
2020	4634	56.0
2020	4635	83.0
2020	4636	26.0
2020	4637	44.0
2020	4638	104.0
2020	4639	55.0
2020	4640	625.0
2020	4641	66.0
2020	4642	77.0
2020	4643	109.0
2020	4644	146.0
2020	4645	77.0
2020	4646	90.0
2020	4647	638.0
2020	4648	90.0
2020	4649	308.0
2020	4650	188.0
2020	4651	195.0
2020	5001	9969.0
2020	5004	632.9609467455621
2020	5005	480.51578947368426
2020	5006	716.0
2020	5007	573.0
2020	5011	85.81621621621622
2020	5012	20.65945945945946
2020	5013	246.05263157894737
2020	5014	225.0
2020	5015	191.38577586206895
2020	5016	54.92608089260809
2020	5017	159.61422413793102
2020	5018	125.60000000000001
2020	5019	31.400000000000002
2020	5020	21.0
2020	5021	188.0
2020	5022	93.0
2020	5023	131.63319386331938
2020	5024	467.8186889818689
2020	5025	232.0
2020	5026	73.0
2020	5027	194.0
2020	5028	922.0
2020	5029	438.0
2020	5030	390.2380448582311
2020	5031	936.0
2020	5032	148.0
2020	5033	17.0
2020	5034	106.0
2020	5035	1058.0
2020	5036	97.0
2020	5037	850.0
2020	5038	558.0
2020	5039	83.03905325443787
2020	5040	50.26315789473684
2020	5041	59.0
2020	5042	31.0
2020	5043	18.0
2020	5044	44.0
2020	5045	96.0
2020	5046	28.0
2020	5047	144.0
2020	5048	42.22105263157894
2020	5049	58.0
2020	5050	129.27680798004988
2020	5051	140.72319201995012
2020	5052	21.0
2020	5053	287.0
2020	5054	261.0
2020	5055	147.0
2020	5056	275.0
2020	5057	351.0
2020	5058	157.0
2020	5059	679.0
2020	5060	270.0
2020	5061	38.0
2020	5401	3132.0
2020	5402	970.0
2020	5403	720.0
2020	5404	71.0
2020	5405	225.0
2020	5406	393.0
2020	5411	168.0
2020	5412	183.0
2020	5413	38.0
2020	5414	60.0
2020	5415	17.0
2020	5416	279.0
2020	5417	82.0
2020	5418	430.0
2020	5419	186.0
2020	5420	52.0
2020	5421	511.0
2020	5422	239.0
2020	5423	100.0
2020	5424	106.0
2020	5425	72.0
2020	5426	96.0
2020	5427	93.0
2020	5428	162.0
2020	5429	61.0
2020	5430	100.0
2020	5432	65.0
2020	5433	45.0
2020	5434	60.0
2020	5435	94.0
2020	5436	185.0
2020	5437	118.0
2020	5438	58.0
2020	5439	37.0
2020	5440	28.0
2020	5441	120.0
2020	5442	40.0
2020	5443	57.0
2020	5444	394.0
2020	5501	3132.0
2020	5503	970.0
2020	5510	168.0
2020	5512	183.0
2020	5514	38.0
2020	5516	60.0
2020	5518	17.0
2020	5520	279.0
2020	5522	82.0
2020	5524	430.0
2020	5526	186.0
2020	5528	52.0
2020	5530	511.0
2020	5532	239.0
2020	5534	100.0
2020	5536	106.0
2020	5538	72.0
2020	5540	96.0
2020	5542	93.0
2020	5544	162.0
2020	5546	61.0
2020	5601	720.0
2020	5603	393.0
2020	5605	394.0
2020	5607	225.0
2020	5610	118.0
2020	5612	100.0
2020	5614	65.0
2020	5616	45.0
2020	5618	60.0
2020	5620	94.0
2020	5622	185.0
2020	5624	58.0
2020	5626	37.0
2020	5628	120.0
2020	5630	28.0
2020	5632	57.0
2020	5634	71.0
2020	5636	40.0
2021	0101	1266.0
2021	0104	1823.622455274522
2021	0105	2863.0
2021	0106	3994.0
2021	0111	288.0
2021	0118	73.0
2021	0119	173.0
2021	0121	18.449489216799094
2021	0122	310.6950402144772
2021	0123	388.77546916890077
2021	0124	704.3505361930296
2021	0125	606.75
2021	0127	237.0
2021	0128	483.0
2021	0135	494.0
2021	0136	898.3775447254781
2021	0137	482.0
2021	0138	416.42895442359253
2021	0211	1297.0
2021	0213	2081.370449678801
2021	0214	2020.0
2021	0215	952.0
2021	0216	1043.0
2021	0217	1758.6295503211993
2021	0219	7451.0
2021	0220	3713.8276374442794
2021	0221	884.5505107832009
2021	0226	1372.8440366972477
2021	0227	810.2752293577981
2021	0228	1655.0
2021	0229	754.0
2021	0230	4718.0
2021	0231	4776.880733944954
2021	0233	1625.0
2021	0234	502.0
2021	0235	3583.0
2021	0236	1578.0
2021	0237	1874.0
2021	0238	1192.0
2021	0239	230.0
2021	0301	33455.0
2021	0402	950.0
2021	0403	2152.0
2021	0412	1563.0
2021	0415	421.0
2021	0417	1092.0
2021	0418	202.0
2021	0419	393.0
2021	0420	244.0
2021	0423	226.0
2021	0425	320.0
2021	0426	159.0
2021	0427	1104.0
2021	0428	256.0
2021	0429	332.0
2021	0430	117.0
2021	0432	91.0
2021	0434	63.0
2021	0436	56.0
2021	0437	248.0
2021	0438	93.0
2021	0439	68.0
2021	0441	65.0
2021	0501	1705.0
2021	0502	1707.0
2021	0511	81.0
2021	0512	64.0
2021	0513	65.0
2021	0514	69.0
2021	0515	116.0
2021	0516	183.0
2021	0517	149.0
2021	0519	138.0
2021	0520	161.0
2021	0521	226.0
2021	0522	271.0
2021	0528	563.0
2021	0529	704.0
2021	0532	384.0
2021	0533	500.0
2021	0534	510.0
2021	0536	273.0
2021	0538	268.0
2021	0540	135.0
2021	0541	84.0
2021	0542	242.0
2021	0543	102.0
2021	0544	136.0
2021	0545	88.0
2021	0602	3350.2823084511674
2021	0604	1328.0
2021	0605	1495.0
2021	0612	399.0
2021	0615	51.0
2021	0616	147.0
2021	0617	274.0
2021	0618	123.0
2021	0619	205.0
2021	0620	207.0
2021	0621	139.0
2021	0622	78.0
2021	0623	713.0
2021	0624	1127.0
2021	0625	1276.9881617888852
2021	0626	1797.0
2021	0627	1325.618499257058
2021	0628	602.5538632986627
2021	0631	126.0
2021	0632	38.0
2021	0633	89.0
2021	0701	1382.0
2021	0702	865.1208820403824
2021	0704	3108.1535110199898
2021	0706	1838.1121317706684
2021	0709	1702.7755741127348
2021	0710	3035.0
2021	0711	269.7295297599474
2021	0712	1918.0
2021	0713	737.75
2021	0714	213.12911795961745
2021	0715	1078.25
2021	0716	640.8464889800102
2021	0719	343.2039911308203
2021	0720	853.6838770985113
2021	0722	1314.3283236994218
2021	0723	352.671676300578
2021	0728	215.22442588726514
2021	0729	1667.0
2021	0805	1894.0
2021	0806	2388.0
2021	0807	576.0
2021	0811	127.0
2021	0814	622.0
2021	0815	363.0
2021	0817	151.0
2021	0819	313.0
2021	0821	443.30700447093886
2021	0822	177.6929955290611
2021	0826	159.0
2021	0827	64.0
2021	0828	105.0
2021	0829	118.0
2021	0830	62.0
2021	0831	53.0
2021	0833	76.0
2021	0834	160.0
2021	0901	279.0
2021	0904	1374.0
2021	0906	1966.0
2021	0911	90.0
2021	0912	84.0
2021	0914	311.0
2021	0919	362.0
2021	0926	616.0
2021	0928	269.0
2021	0929	84.0
2021	0935	94.0
2021	0937	165.0
2021	0938	57.0
2021	0940	64.0
2021	0941	59.0
2021	1001	4130.581100141044
2021	1002	483.11668372569085
2021	1003	255.0
2021	1004	297.0
2021	1014	694.0
2021	1017	325.4883638928068
2021	1018	601.9305359661495
2021	1021	72.03684749232343
2021	1026	34.0
2021	1027	53.95095367847412
2021	1029	209.84646878198566
2021	1032	342.0490463215259
2021	1034	49.0
2021	1037	166.0
2021	1046	68.0
2021	1101	414.0
2021	1102	3732.114285714286
2021	1103	6150.0
2021	1106	1935.0
2021	1108	3768.0
2021	1111	121.0
2021	1112	99.0
2021	1114	115.0
2021	1119	669.0
2021	1120	1181.0
2021	1121	1075.0
2021	1122	585.0
2021	1124	1760.0
2021	1127	685.0
2021	1129	35.885714285714286
2021	1130	470.0
2021	1133	77.0
2021	1134	116.0
2021	1135	109.0
2021	1141	80.94641178314008
2021	1142	176.3475399561266
2021	1144	35.0
2021	1145	29.0
2021	1146	482.0
2021	1149	1316.0
2021	1151	8.0
2021	1160	298.0
2021	1201	11214.0
2021	1211	102.0
2021	1216	256.0
2021	1219	387.0
2021	1221	632.0
2021	1222	94.0
2021	1223	87.0
2021	1224	305.0
2021	1227	30.941176470588236
2021	1228	138.32525951557093
2021	1231	93.73356401384083
2021	1232	38.0
2021	1233	44.0
2021	1234	38.037190082644635
2021	1235	487.9628099173554
2021	1238	238.0
2021	1241	141.16666666666669
2021	1242	95.0
2021	1243	804.8333333333334
2021	1244	166.0
2021	1245	299.1007957559682
2021	1246	1233.9023872679045
2021	1247	1180.0
2021	1251	130.0
2021	1252	15.0
2021	1253	274.0
2021	1256	353.9758672699849
2021	1259	149.99681697612735
2021	1260	180.66666666666666
2021	1263	549.3574660633484
2021	1264	155.0
2021	1265	21.0
2021	1266	49.0
2021	1401	300.00000000000006
2021	1411	91.0
2021	1412	29.0
2021	1413	51.0
2021	1416	123.0
2021	1417	68.0
2021	1418	46.34390651085142
2021	1419	115.85976627712854
2021	1420	531.7963272120201
2021	1421	68.0
2021	1422	56.0
2021	1424	149.0
2021	1426	196.0
2021	1428	85.0
2021	1429	102.0
2021	1430	83.93465577596267
2021	1431	95.92532088681446
2021	1432	476.2007001166861
2021	1433	77.93932322053676
2021	1438	89.0
2021	1439	160.0
2021	1441	76.0
2021	1443	228.0
2021	1444	57.81414141414142
2021	1445	140.0
2021	1449	200.0
2021	1502	1231.8327526132405
2021	1504	2075.5229773462784
2021	1505	896.0
2021	1506	1381.0
2021	1507	2606.0
2021	1508	2310.0871355060035
2021	1511	73.0
2021	1514	75.0
2021	1515	219.0
2021	1516	357.0
2021	1517	191.0
2021	1519	640.1858585858586
2021	1520	287.0
2021	1523	86.02330097087379
2021	1524	64.42105263157895
2021	1525	126.0
2021	1526	37.57894736842105
2021	1528	199.0
2021	1529	192.2873786407767
2021	1531	394.0
2021	1532	325.0
2021	1534	230.2388349514563
2021	1535	205.0
2021	1539	224.0
2021	1543	97.43989547038328
2021	1545	51.7273519163763
2021	1546	21.92750809061489
2021	1547	161.0
2021	1548	334.6631130063966
2021	1551	128.3368869936034
2021	1554	251.0
2021	1557	110.0
2021	1560	119.0
2021	1563	178.0
2021	1566	136.0
2021	1567	51.0
2021	1571	41.627027027027026
2021	1573	84.0
2021	1576	73.0
2021	1577	698.0
2021	1578	102.0
2021	1579	463.0
2021	1580	295.9128644939966
2021	1601	10849.0
2021	1612	88.15135135135135
2021	1613	21.221621621621622
2021	1617	243.55061851128488
2021	1620	255.0
2021	1621	218.10344827586206
2021	1622	61.188330323386424
2021	1624	219.38858695652172
2021	1627	181.89655172413794
2021	1630	120.0
2021	1632	30.0
2021	1633	32.0
2021	1634	254.0
2021	1635	92.0
2021	1636	146.64099853363297
2021	1638	521.1557789612568
2021	1640	246.0
2021	1644	70.0
2021	1648	180.0
2021	1653	891.0
2021	1657	394.0
2021	1662	408.687639991855
2021	1663	805.0
2021	1664	183.0
2021	1665	27.0
2021	1702	717.8272189349111
2021	1703	478.8385964912281
2021	1711	104.0
2021	1714	977.0
2021	1717	139.0
2021	1718	115.61141304347825
2021	1719	884.0
2021	1721	489.0
2021	1723	39.33333333333333
2021	1724	94.17278106508876
2021	1725	50.08771929824561
2021	1729	314.66666666666663
2021	1736	47.0
2021	1738	22.0
2021	1739	13.0
2021	1740	32.0
2021	1742	70.0
2021	1743	38.0
2021	1744	131.0
2021	1748	42.07368421052631
2021	1749	52.0
2021	1750	168.05985037406487
2021	1751	182.94014962593513
2021	1755	33.0
2021	1756	354.0
2021	1804	1988.0
2021	1805	578.2271468144045
2021	1806	735.0
2021	1811	61.0
2021	1812	71.0
2021	1813	270.0
2021	1815	59.0
2021	1816	25.0
2021	1818	88.0
2021	1820	277.0
2021	1822	96.0
2021	1824	407.0
2021	1825	59.0
2021	1826	54.0
2021	1827	57.0
2021	1828	82.0
2021	1832	177.0
2021	1833	680.0
2021	1834	102.0
2021	1835	28.0
2021	1836	32.0
2021	1837	190.0
2021	1838	105.0
2021	1839	48.0
2021	1840	160.0
2021	1841	378.0
2021	1845	79.0
2021	1848	121.0
2021	1849	61.88336700620343
2021	1850	65.15235457063712
2021	1851	91.0
2021	1852	63.90476190476191
2021	1853	88.0
2021	1854	91.62049861495844
2021	1856	14.0
2021	1857	26.0
2021	1859	50.0
2021	1860	451.0
2021	1865	459.0
2021	1866	361.0
2021	1867	116.0
2021	1868	182.0
2021	1870	438.0
2021	1871	217.0
2021	1874	44.0
2021	1875	129.0
2021	1901	939.7558528428094
2021	1902	3206.0
2021	1903	959.0
2021	1911	148.0
2021	1913	156.0952380952381
2021	1915	19.244147157190643
2021	1917	54.0
2021	1919	59.0
2021	1920	25.0
2021	1922	328.0
2021	1923	81.0
2021	1924	490.0
2021	1925	186.0
2021	1926	65.0
2021	1927	71.42465753424658
2021	1928	42.205479452054796
2021	1929	21.643835616438356
2021	1931	496.7260273972603
2021	1933	225.0
2021	1936	120.0
2021	1938	108.0
2021	1939	107.0
2021	1940	70.0
2021	1941	100.0
2021	1942	167.0
2021	1943	57.0
2021	2002	96.0
2021	2003	222.0
2021	2004	445.28395061728395
2021	2011	101.0
2021	2012	835.0
2021	2014	49.0
2021	2015	37.0
2021	2017	62.71604938271605
2021	2018	39.0
2021	2019	105.0
2021	2020	187.0
2021	2021	122.0
2021	2022	57.0
2021	2023	53.0
2021	2024	38.0
2021	2025	142.0
2021	2027	31.0
2021	2028	73.0
2021	2030	372.0
2021	3001	1266.0
2021	3002	2722.0
2021	3003	2863.0
2021	3004	3994.0
2021	3005	4897.0
2021	3006	1328.0
2021	3007	1495.0
2021	3011	288.0
2021	3012	73.0
2021	3013	173.0
2021	3014	2427.0
2021	3015	237.0
2021	3016	483.0
2021	3017	494.0
2021	3018	482.0
2021	3019	1297.0
2021	3020	3840.0
2021	3021	2020.0
2021	3022	952.0
2021	3023	1043.0
2021	3024	7451.0
2021	3025	5642.0
2021	3026	903.0
2021	3027	1655.0
2021	3028	754.0
2021	3029	4718.0
2021	3030	6960.0
2021	3031	1625.0
2021	3032	502.0
2021	3033	3583.0
2021	3034	1578.0
2021	3035	1874.0
2021	3036	1192.0
2021	3037	230.0
2021	3038	399.0
2021	3039	51.0
2021	3040	147.0
2021	3041	274.0
2021	3042	123.0
2021	3043	205.0
2021	3044	207.0
2021	3045	139.0
2021	3046	78.0
2021	3047	713.0
2021	3048	1127.0
2021	3049	1797.0
2021	3050	126.0
2021	3051	38.0
2021	3052	89.0
2021	3053	384.0
2021	3054	500.0
2021	3101	1266.0
2021	3103	2722.0
2021	3105	2863.0
2021	3107	3994.0
2021	3110	288.0
2021	3112	494.0
2021	3114	482.0
2021	3116	237.0
2021	3118	2427.0
2021	3120	483.0
2021	3122	173.0
2021	3124	73.0
2021	3201	7451.0
2021	3203	5642.0
2021	3205	6960.0
2021	3207	3840.0
2021	3209	3583.0
2021	3212	1043.0
2021	3214	952.0
2021	3216	1297.0
2021	3218	2020.0
2021	3220	754.0
2021	3222	4718.0
2021	3224	1655.0
2021	3226	903.0
2021	3228	1578.0
2021	3230	502.0
2021	3232	1625.0
2021	3234	500.0
2021	3236	384.0
2021	3238	1192.0
2021	3240	1874.0
2021	3242	230.0
2021	3301	4897.0
2021	3303	1328.0
2021	3305	1495.0
2021	3310	399.0
2021	3312	1797.0
2021	3314	1127.0
2021	3316	713.0
2021	3318	78.0
2021	3320	51.0
2021	3322	147.0
2021	3324	274.0
2021	3326	123.0
2021	3328	205.0
2021	3330	207.0
2021	3332	139.0
2021	3334	126.0
2021	3336	38.0
2021	3338	89.0
2021	3401	950.0
2021	3403	2152.0
2021	3405	1705.0
2021	3407	1707.0
2021	3411	1563.0
2021	3412	421.0
2021	3413	1092.0
2021	3414	202.0
2021	3415	393.0
2021	3416	244.0
2021	3417	226.0
2021	3418	320.0
2021	3419	159.0
2021	3420	1104.0
2021	3421	256.0
2021	3422	332.0
2021	3423	117.0
2021	3424	91.0
2021	3425	63.0
2021	3426	56.0
2021	3427	248.0
2021	3428	93.0
2021	3429	68.0
2021	3430	65.0
2021	3431	81.0
2021	3432	64.0
2021	3433	65.0
2021	3434	69.0
2021	3435	116.0
2021	3436	183.0
2021	3437	149.0
2021	3438	138.0
2021	3439	161.0
2021	3440	226.0
2021	3441	271.0
2021	3442	563.0
2021	3443	704.0
2021	3446	510.0
2021	3447	273.0
2021	3448	268.0
2021	3449	135.0
2021	3450	84.0
2021	3451	242.0
2021	3452	102.0
2021	3453	136.0
2021	3454	88.0
2021	3801	1382.0
2021	3802	1816.0
2021	3803	3749.0
2021	3804	3035.0
2021	3805	1918.0
2021	3806	1894.0
2021	3807	2388.0
2021	3808	576.0
2021	3811	1667.0
2021	3812	127.0
2021	3813	622.0
2021	3814	363.0
2021	3815	151.0
2021	3816	313.0
2021	3817	621.0
2021	3818	159.0
2021	3819	64.0
2021	3820	105.0
2021	3821	118.0
2021	3822	62.0
2021	3823	53.0
2021	3824	76.0
2021	3825	160.0
2021	3901	1382.0
2021	3903	1816.0
2021	3905	3749.0
2021	3907	3035.0
2021	3909	1918.0
2021	3911	1667.0
2021	4001	1894.0
2021	4003	2388.0
2021	4005	576.0
2021	4010	127.0
2021	4012	622.0
2021	4014	363.0
2021	4016	151.0
2021	4018	313.0
2021	4020	621.0
2021	4022	105.0
2021	4024	64.0
2021	4026	159.0
2021	4028	118.0
2021	4030	62.0
2021	4032	53.0
2021	4034	76.0
2021	4036	160.0
2021	4201	279.0
2021	4202	1374.0
2021	4203	1966.0
2021	4204	5058.0
2021	4205	765.0
2021	4206	255.0
2021	4207	297.0
2021	4211	90.0
2021	4212	84.0
2021	4213	311.0
2021	4214	362.0
2021	4215	616.0
2021	4216	269.0
2021	4217	84.0
2021	4218	94.0
2021	4219	165.0
2021	4220	57.0
2021	4221	64.0
2021	4222	59.0
2021	4223	694.0
2021	4224	34.0
2021	4225	396.0
2021	4226	49.0
2021	4227	166.0
2021	4228	68.0
2021	4601	11214.0
2021	4602	460.0
2021	4611	102.0
2021	4612	256.0
2021	4613	387.0
2021	4614	632.0
2021	4615	94.0
2021	4616	87.0
2021	4617	305.0
2021	4618	263.0
2021	4619	38.0
2021	4620	44.0
2021	4621	526.0
2021	4622	238.0
2021	4623	95.0
2021	4624	946.0
2021	4625	166.0
2021	4626	1683.0
2021	4627	1180.0
2021	4628	130.0
2021	4629	15.0
2021	4630	274.0
2021	4631	1084.0
2021	4632	155.0
2021	4633	21.0
2021	4634	49.0
2021	4635	91.0
2021	4636	29.0
2021	4637	51.0
2021	4638	123.0
2021	4639	68.0
2021	4640	694.0
2021	4641	68.0
2021	4642	56.0
2021	4643	149.0
2021	4644	196.0
2021	4645	85.0
2021	4646	102.0
2021	4647	734.0
2021	4648	89.0
2021	4649	304.0
2021	4650	140.0
2021	4651	200.0
2021	5001	10849.0
2021	5004	717.8272189349111
2021	5005	478.8385964912281
2021	5006	812.0
2021	5007	571.0
2021	5011	88.15135135135135
2021	5012	21.221621621621622
2021	5013	243.55061851128488
2021	5014	255.0
2021	5015	218.10344827586206
2021	5016	61.188330323386424
2021	5017	181.89655172413794
2021	5018	120.0
2021	5019	30.0
2021	5020	32.0
2021	5021	254.0
2021	5022	92.0
2021	5023	146.64099853363297
2021	5024	521.1557789612568
2021	5025	246.0
2021	5026	70.0
2021	5027	180.0
2021	5028	891.0
2021	5029	394.0
2021	5030	408.687639991855
2021	5031	805.0
2021	5032	183.0
2021	5033	27.0
2021	5034	104.0
2021	5035	977.0
2021	5036	139.0
2021	5037	884.0
2021	5038	489.0
2021	5039	94.17278106508876
2021	5040	50.08771929824561
2021	5041	47.0
2021	5042	22.0
2021	5043	13.0
2021	5044	32.0
2021	5045	70.0
2021	5046	38.0
2021	5047	131.0
2021	5048	42.07368421052631
2021	5049	52.0
2021	5050	168.05985037406487
2021	5051	182.94014962593513
2021	5052	33.0
2021	5053	354.0
2021	5054	335.0
2021	5055	151.0
2021	5056	264.0
2021	5057	400.0
2021	5058	150.0
2021	5059	752.0
2021	5060	351.0
2021	5061	51.0
2021	5401	3206.0
2021	5402	959.0
2021	5403	835.0
2021	5404	96.0
2021	5405	222.0
2021	5406	508.0
2021	5411	148.0
2021	5412	220.0
2021	5413	54.0
2021	5414	59.0
2021	5415	25.0
2021	5416	328.0
2021	5417	81.0
2021	5418	490.0
2021	5419	186.0
2021	5420	65.0
2021	5421	632.0
2021	5422	225.0
2021	5423	120.0
2021	5424	108.0
2021	5425	107.0
2021	5426	70.0
2021	5427	100.0
2021	5428	167.0
2021	5429	57.0
2021	5430	101.0
2021	5432	49.0
2021	5433	37.0
2021	5434	39.0
2021	5435	105.0
2021	5436	187.0
2021	5437	122.0
2021	5438	57.0
2021	5439	53.0
2021	5440	38.0
2021	5441	142.0
2021	5442	31.0
2021	5443	73.0
2021	5444	372.0
2021	5501	3206.0
2021	5503	959.0
2021	5510	148.0
2021	5512	220.0
2021	5514	54.0
2021	5516	59.0
2021	5518	25.0
2021	5520	328.0
2021	5522	81.0
2021	5524	490.0
2021	5526	186.0
2021	5528	65.0
2021	5530	632.0
2021	5532	225.0
2021	5534	120.0
2021	5536	108.0
2021	5538	107.0
2021	5540	70.0
2021	5542	100.0
2021	5544	167.0
2021	5546	57.0
2021	5601	835.0
2021	5603	508.0
2021	5605	372.0
2021	5607	222.0
2021	5610	122.0
2021	5612	101.0
2021	5614	49.0
2021	5616	37.0
2021	5618	39.0
2021	5620	105.0
2021	5622	187.0
2021	5624	57.0
2021	5626	53.0
2021	5628	142.0
2021	5630	38.0
2021	5632	73.0
2021	5634	96.0
2021	5636	31.0
2022	0101	1363.0
2022	0104	1870.5194324491056
2022	0105	2879.0
2022	0106	3819.0
2022	0111	252.0
2022	0118	77.0
2022	0119	197.0
2022	0121	17.856980703745744
2022	0122	311.84718498659515
2022	0123	390.2171581769437
2022	0124	706.9624664879357
2022	0125	609.0
2022	0127	224.0
2022	0128	440.0
2022	0135	443.0
2022	0136	921.4805675508944
2022	0137	393.0
2022	0138	417.97319034852546
2022	0211	1213.0
2022	0213	2048.8490364025697
2022	0214	2027.0
2022	0215	879.0
2022	0216	1137.0
2022	0217	1731.1509635974305
2022	0219	6564.0
2022	0220	3590.735512630015
2022	0221	856.1430192962544
2022	0226	1340.6926605504589
2022	0227	791.2989560265738
2022	0228	1719.0
2022	0229	746.0
2022	0230	4551.0
2022	0231	4665.008383422968
2022	0233	1510.0
2022	0234	677.0
2022	0235	3464.0
2022	0236	1353.0
2022	0237	1805.0
2022	0238	1195.0
2022	0239	179.0
2022	0301	32148.0
2022	0402	817.0
2022	0403	2053.0
2022	0412	1529.0
2022	0415	426.0
2022	0417	1075.0
2022	0418	249.0
2022	0419	419.0
2022	0420	275.0
2022	0423	229.0
2022	0425	349.0
2022	0426	157.0
2022	0427	1076.0
2022	0428	216.0
2022	0429	368.0
2022	0430	102.0
2022	0432	112.0
2022	0434	44.0
2022	0436	75.0
2022	0437	270.0
2022	0438	121.0
2022	0439	71.0
2022	0441	73.0
2022	0501	1637.0
2022	0502	1774.0
2022	0511	88.0
2022	0512	58.0
2022	0513	54.0
2022	0514	76.0
2022	0515	70.0
2022	0516	185.0
2022	0517	163.0
2022	0519	115.0
2022	0520	148.0
2022	0521	237.0
2022	0522	256.0
2022	0528	596.0
2022	0529	683.0
2022	0532	366.0
2022	0533	519.0
2022	0534	549.0
2022	0536	269.0
2022	0538	239.0
2022	0540	104.0
2022	0541	66.0
2022	0542	290.0
2022	0543	103.0
2022	0544	160.0
2022	0545	72.0
2022	0602	3307.1808615586974
2022	0604	1361.0
2022	0605	1386.0
2022	0612	344.0
2022	0615	61.0
2022	0616	124.0
2022	0617	287.0
2022	0618	146.0
2022	0619	214.0
2022	0620	222.0
2022	0621	127.0
2022	0622	107.0
2022	0623	682.0
2022	0624	1223.0
2022	0625	1260.5596843143703
2022	0626	1719.0
2022	0627	1281.6818350668648
2022	0628	582.5826523031203
2022	0631	161.0
2022	0632	58.0
2022	0633	115.0
2022	0701	1361.0
2022	0702	696.4794766206163
2022	0704	2935.708610968734
2022	0706	1752.1114982578397
2022	0709	1736.5114822546973
2022	0710	2893.0
2022	0711	266.2594541269319
2022	0712	1956.0
2022	0713	593.9375
2022	0714	171.5830233793837
2022	0715	868.0625
2022	0716	605.291389031266
2022	0719	327.14634146341456
2022	0720	813.7421602787457
2022	0722	1220.5040462427746
2022	0723	327.49595375722544
2022	0728	219.48851774530272
2022	0729	1548.0
2022	0805	1759.0
2022	0806	2348.0
2022	0807	523.0
2022	0811	152.0
2022	0814	645.0
2022	0815	455.0
2022	0817	132.0
2022	0819	333.0
2022	0821	453.30104321907595
2022	0822	181.698956780924
2022	0826	220.0
2022	0827	77.0
2022	0828	142.0
2022	0829	95.0
2022	0830	82.0
2022	0831	68.0
2022	0833	130.0
2022	0834	194.0
2022	0901	311.0
2022	0904	1446.0
2022	0906	1761.0
2022	0911	114.0
2022	0912	83.0
2022	0914	324.0
2022	0919	307.0
2022	0926	589.0
2022	0928	269.0
2022	0929	76.0
2022	0935	97.0
2022	0937	178.0
2022	0938	79.0
2022	0940	56.0
2022	0941	115.0
2022	1001	4177.12976022567
2022	1002	467.96008188331626
2022	1003	317.0
2022	1004	433.0
2022	1014	645.0
2022	1017	329.1563822284908
2022	1018	608.7138575458392
2022	1021	69.7768679631525
2022	1026	40.0
2022	1027	56.53950953678475
2022	1029	203.2630501535312
2022	1032	358.4604904632153
2022	1034	94.0
2022	1037	220.0
2022	1046	84.0
2022	1101	453.0
2022	1102	3644.952380952381
2022	1103	5971.0
2022	1106	1902.0
2022	1108	3680.0
2022	1111	115.0
2022	1112	150.0
2022	1114	185.0
2022	1119	719.0
2022	1120	1165.0
2022	1121	1150.0
2022	1122	564.0
2022	1124	1881.0
2022	1127	715.0
2022	1129	35.04761904761905
2022	1130	484.0
2022	1133	131.0
2022	1134	140.0
2022	1135	152.0
2022	1141	75.43450142878628
2022	1142	164.33944954128438
2022	1144	43.0
2022	1145	51.0
2022	1146	512.0
2022	1149	1327.0
2022	1151	23.0
2022	1160	288.0
2022	1201	10250.0
2022	1211	122.0
2022	1216	277.0
2022	1219	313.0
2022	1221	610.0
2022	1222	156.0
2022	1223	116.0
2022	1224	295.0
2022	1227	33.529411764705884
2022	1228	149.8961937716263
2022	1231	101.57439446366783
2022	1232	44.0
2022	1233	53.0
2022	1234	47.5103305785124
2022	1235	609.4896694214876
2022	1238	262.0
2022	1241	158.32751937984497
2022	1242	78.0
2022	1243	902.672480620155
2022	1244	145.0
2022	1245	274.93103448275866
2022	1246	1134.1931034482757
2022	1247	1040.0
2022	1251	136.0
2022	1252	15.0
2022	1253	271.0
2022	1256	380.0995475113122
2022	1259	137.87586206896555
2022	1260	194.0
2022	1263	589.9004524886877
2022	1264	130.0
2022	1265	47.0
2022	1266	72.0
2022	1401	275.2173913043478
2022	1411	79.0
2022	1412	29.0
2022	1413	51.0
2022	1416	117.0
2022	1417	92.0
2022	1418	42.404006677796325
2022	1419	106.01001669449082
2022	1420	486.5859766277129
2022	1421	67.0
2022	1422	80.0
2022	1424	98.0
2022	1426	190.0
2022	1428	98.0
2022	1429	82.0
2022	1430	78.90315052508751
2022	1431	90.17502917152858
2022	1432	447.6546091015169
2022	1433	73.26721120186698
2022	1438	84.0
2022	1439	146.78260869565216
2022	1441	80.25
2022	1443	240.75
2022	1444	60.2989898989899
2022	1445	193.0
2022	1449	192.0
2022	1502	1192.5853658536585
2022	1504	1910.659870550162
2022	1505	837.0
2022	1506	1337.0
2022	1507	2399.0
2022	1508	2126.5921097770156
2022	1511	102.0
2022	1514	108.0
2022	1515	288.0
2022	1516	322.0
2022	1517	162.0
2022	1519	667.7010101010101
2022	1520	351.0
2022	1523	79.19029126213593
2022	1524	66.3157894736842
2022	1525	103.0
2022	1526	38.68421052631579
2022	1528	223.0
2022	1529	177.01359223300972
2022	1531	404.0
2022	1532	322.0
2022	1534	211.95048543689322
2022	1535	270.0
2022	1539	211.0
2022	1543	94.33536585365854
2022	1545	50.079268292682926
2022	1546	20.185760517799356
2022	1547	265.0
2022	1548	334.6631130063966
2022	1551	128.3368869936034
2022	1554	240.0
2022	1557	111.0
2022	1560	152.0
2022	1563	244.0
2022	1566	174.0
2022	1567	59.0
2022	1571	56.789189189189194
2022	1573	89.0
2022	1576	102.0
2022	1577	728.0
2022	1578	105.0
2022	1579	463.0
2022	1580	272.4078902229846
2022	1601	9461.0
2022	1612	120.25945945945946
2022	1613	28.951351351351352
2022	1617	239.16087570641102
2022	1620	217.0
2022	1621	227.3728448275862
2022	1622	58.561486385215275
2022	1624	195.8125
2022	1627	189.6271551724138
2022	1630	109.60000000000001
2022	1632	27.400000000000002
2022	1633	37.0
2022	1634	274.0
2022	1635	93.0
2022	1636	140.34563116456764
2022	1638	498.7823150740749
2022	1640	215.0
2022	1644	69.0
2022	1648	263.0
2022	1653	932.0
2022	1657	442.0
2022	1662	343.4625196232339
2022	1663	827.0
2022	1664	161.0
2022	1665	31.0
2022	1702	769.1005917159763
2022	1703	452.8421052631579
2022	1711	110.0
2022	1714	1001.0
2022	1717	165.0
2022	1718	103.1875
2022	1719	855.0
2022	1721	519.0
2022	1723	38.333333333333336
2022	1724	100.89940828402368
2022	1725	47.368421052631575
2022	1729	306.6666666666667
2022	1736	76.0
2022	1738	50.0
2022	1739	14.0
2022	1740	36.0
2022	1742	108.0
2022	1743	49.0
2022	1744	172.0
2022	1748	39.78947368421052
2022	1749	60.0
2022	1750	151.30174563591027
2022	1751	164.69825436408976
2022	1755	33.0
2022	1756	345.0
2022	1804	1850.0
2022	1805	556.9861495844875
2022	1806	708.0
2022	1811	44.0
2022	1812	99.0
2022	1813	282.0
2022	1815	78.0
2022	1816	21.0
2022	1818	82.0
2022	1820	293.0
2022	1822	112.0
2022	1824	412.0
2022	1825	66.0
2022	1826	32.0
2022	1827	69.0
2022	1828	99.0
2022	1832	174.0
2022	1833	607.0
2022	1834	84.0
2022	1835	24.0
2022	1836	68.0
2022	1837	221.0
2022	1838	128.0
2022	1839	48.0
2022	1840	168.0
2022	1841	339.0
2022	1845	79.0
2022	1848	142.0
2022	1849	60.891698647899425
2022	1850	62.7590027700831
2022	1851	75.0
2022	1852	65.35714285714286
2022	1853	77.0
2022	1854	88.25484764542935
2022	1856	30.0
2022	1857	43.0
2022	1859	71.0
2022	1860	501.0
2022	1865	460.0
2022	1866	359.0
2022	1867	116.0
2022	1868	126.0
2022	1870	474.0
2022	1871	203.0
2022	1874	53.0
2022	1875	125.0
2022	1901	1016.1906354515049
2022	1902	3181.0
2022	1903	1037.0
2022	1911	155.0
2022	1913	159.64285714285714
2022	1915	20.809364548494987
2022	1917	71.0
2022	1919	62.0
2022	1920	47.0
2022	1922	279.0
2022	1923	92.0
2022	1924	454.0
2022	1925	197.0
2022	1926	56.0
2022	1927	71.87671232876713
2022	1928	42.47260273972603
2022	1929	21.78082191780822
2022	1931	499.8698630136986
2022	1933	226.0
2022	1936	93.0
2022	1938	102.0
2022	1939	76.0
2022	1940	74.0
2022	1941	125.0
2022	1942	200.0
2022	1943	44.0
2022	2002	136.0
2022	2003	222.0
2022	2004	433.8888888888889
2022	2011	108.0
2022	2012	836.0
2022	2014	68.0
2022	2015	55.0
2022	2017	61.111111111111114
2022	2018	52.0
2022	2019	139.0
2022	2020	166.0
2022	2021	93.0
2022	2022	56.0
2022	2023	65.0
2022	2024	51.0
2022	2025	127.0
2022	2027	50.0
2022	2028	65.0
2022	2030	378.0
2022	3001	1363.0
2022	3002	2792.0
2022	3003	2879.0
2022	3004	3819.0
2022	3005	4834.0
2022	3006	1361.0
2022	3007	1386.0
2022	3011	252.0
2022	3012	77.0
2022	3013	197.0
2022	3014	2436.0
2022	3015	224.0
2022	3016	440.0
2022	3017	443.0
2022	3018	393.0
2022	3019	1213.0
2022	3020	3780.0
2022	3021	2027.0
2022	3022	879.0
2022	3023	1137.0
2022	3024	6564.0
2022	3025	5455.0
2022	3026	874.0
2022	3027	1719.0
2022	3028	746.0
2022	3029	4551.0
2022	3030	6797.0
2022	3031	1510.0
2022	3032	677.0
2022	3033	3464.0
2022	3034	1353.0
2022	3035	1805.0
2022	3036	1195.0
2022	3037	179.0
2022	3038	344.0
2022	3039	61.0
2022	3040	124.0
2022	3041	287.0
2022	3042	146.0
2022	3043	214.0
2022	3044	222.0
2022	3045	127.0
2022	3046	107.0
2022	3047	682.0
2022	3048	1223.0
2022	3049	1719.0
2022	3050	161.0
2022	3051	58.0
2022	3052	115.0
2022	3053	366.0
2022	3054	519.0
2022	3101	1363.0
2022	3103	2792.0
2022	3105	2879.0
2022	3107	3819.0
2022	3110	252.0
2022	3112	443.0
2022	3114	393.0
2022	3116	224.0
2022	3118	2436.0
2022	3120	440.0
2022	3122	197.0
2022	3124	77.0
2022	3201	6564.0
2022	3203	5455.0
2022	3205	6797.0
2022	3207	3780.0
2022	3209	3464.0
2022	3212	1137.0
2022	3214	879.0
2022	3216	1213.0
2022	3218	2027.0
2022	3220	746.0
2022	3222	4551.0
2022	3224	1719.0
2022	3226	874.0
2022	3228	1353.0
2022	3230	677.0
2022	3232	1510.0
2022	3234	519.0
2022	3236	366.0
2022	3238	1195.0
2022	3240	1805.0
2022	3242	179.0
2022	3301	4834.0
2022	3303	1361.0
2022	3305	1386.0
2022	3310	344.0
2022	3312	1719.0
2022	3314	1223.0
2022	3316	682.0
2022	3318	107.0
2022	3320	61.0
2022	3322	124.0
2022	3324	287.0
2022	3326	146.0
2022	3328	214.0
2022	3330	222.0
2022	3332	127.0
2022	3334	161.0
2022	3336	58.0
2022	3338	115.0
2022	3401	817.0
2022	3403	2053.0
2022	3405	1637.0
2022	3407	1774.0
2022	3411	1529.0
2022	3412	426.0
2022	3413	1075.0
2022	3414	249.0
2022	3415	419.0
2022	3416	275.0
2022	3417	229.0
2022	3418	349.0
2022	3419	157.0
2022	3420	1076.0
2022	3421	216.0
2022	3422	368.0
2022	3423	102.0
2022	3424	112.0
2022	3425	44.0
2022	3426	75.0
2022	3427	270.0
2022	3428	121.0
2022	3429	71.0
2022	3430	73.0
2022	3431	88.0
2022	3432	58.0
2022	3433	54.0
2022	3434	76.0
2022	3435	70.0
2022	3436	185.0
2022	3437	163.0
2022	3438	115.0
2022	3439	148.0
2022	3440	237.0
2022	3441	256.0
2022	3442	596.0
2022	3443	683.0
2022	3446	549.0
2022	3447	269.0
2022	3448	239.0
2022	3449	104.0
2022	3450	66.0
2022	3451	290.0
2022	3452	103.0
2022	3453	160.0
2022	3454	72.0
2022	3801	1361.0
2022	3802	1462.0
2022	3803	3541.0
2022	3804	2893.0
2022	3805	1956.0
2022	3806	1759.0
2022	3807	2348.0
2022	3808	523.0
2022	3811	1548.0
2022	3812	152.0
2022	3813	645.0
2022	3814	455.0
2022	3815	132.0
2022	3816	333.0
2022	3817	635.0
2022	3818	220.0
2022	3819	77.0
2022	3820	142.0
2022	3821	95.0
2022	3822	82.0
2022	3823	68.0
2022	3824	130.0
2022	3825	194.0
2022	3901	1361.0
2022	3903	1462.0
2022	3905	3541.0
2022	3907	2893.0
2022	3909	1956.0
2022	3911	1548.0
2022	4001	1759.0
2022	4003	2348.0
2022	4005	523.0
2022	4010	152.0
2022	4012	645.0
2022	4014	455.0
2022	4016	132.0
2022	4018	333.0
2022	4020	635.0
2022	4022	142.0
2022	4024	77.0
2022	4026	220.0
2022	4028	95.0
2022	4030	82.0
2022	4032	68.0
2022	4034	130.0
2022	4036	194.0
2022	4201	311.0
2022	4202	1446.0
2022	4203	1761.0
2022	4204	5115.0
2022	4205	741.0
2022	4206	317.0
2022	4207	433.0
2022	4211	114.0
2022	4212	83.0
2022	4213	324.0
2022	4214	307.0
2022	4215	589.0
2022	4216	269.0
2022	4217	76.0
2022	4218	97.0
2022	4219	178.0
2022	4220	79.0
2022	4221	56.0
2022	4222	115.0
2022	4223	645.0
2022	4224	40.0
2022	4225	415.0
2022	4226	94.0
2022	4227	220.0
2022	4228	84.0
2022	4601	10250.0
2022	4602	422.0
2022	4611	122.0
2022	4612	277.0
2022	4613	313.0
2022	4614	610.0
2022	4615	156.0
2022	4616	116.0
2022	4617	295.0
2022	4618	285.0
2022	4619	44.0
2022	4620	53.0
2022	4621	657.0
2022	4622	262.0
2022	4623	78.0
2022	4624	1061.0
2022	4625	145.0
2022	4626	1547.0
2022	4627	1040.0
2022	4628	136.0
2022	4629	15.0
2022	4630	271.0
2022	4631	1164.0
2022	4632	130.0
2022	4633	47.0
2022	4634	72.0
2022	4635	79.0
2022	4636	29.0
2022	4637	51.0
2022	4638	117.0
2022	4639	92.0
2022	4640	635.0
2022	4641	67.0
2022	4642	80.0
2022	4643	98.0
2022	4644	190.0
2022	4645	98.0
2022	4646	82.0
2022	4647	690.0
2022	4648	84.0
2022	4649	321.0
2022	4650	193.0
2022	4651	192.0
2022	5001	9461.0
2022	5004	769.1005917159763
2022	5005	452.8421052631579
2022	5006	870.0
2022	5007	540.0
2022	5011	120.25945945945946
2022	5012	28.951351351351352
2022	5013	239.16087570641102
2022	5014	217.0
2022	5015	227.3728448275862
2022	5016	58.561486385215275
2022	5017	189.6271551724138
2022	5018	109.60000000000001
2022	5019	27.400000000000002
2022	5020	37.0
2022	5021	274.0
2022	5022	93.0
2022	5023	140.34563116456764
2022	5024	498.7823150740749
2022	5025	215.0
2022	5026	69.0
2022	5027	263.0
2022	5028	932.0
2022	5029	442.0
2022	5030	343.4625196232339
2022	5031	827.0
2022	5032	161.0
2022	5033	31.0
2022	5034	110.0
2022	5035	1001.0
2022	5036	165.0
2022	5037	855.0
2022	5038	519.0
2022	5039	100.89940828402368
2022	5040	47.368421052631575
2022	5041	76.0
2022	5042	50.0
2022	5043	14.0
2022	5044	36.0
2022	5045	108.0
2022	5046	49.0
2022	5047	172.0
2022	5048	39.78947368421052
2022	5049	60.0
2022	5050	151.30174563591027
2022	5051	164.69825436408976
2022	5052	33.0
2022	5053	345.0
2022	5054	299.0
2022	5055	206.0
2022	5056	260.0
2022	5057	417.0
2022	5058	137.0
2022	5059	718.0
2022	5060	316.0
2022	5061	59.0
2022	5401	3181.0
2022	5402	1037.0
2022	5403	836.0
2022	5404	136.0
2022	5405	222.0
2022	5406	495.0
2022	5411	155.0
2022	5412	225.0
2022	5413	71.0
2022	5414	62.0
2022	5415	47.0
2022	5416	279.0
2022	5417	92.0
2022	5418	454.0
2022	5419	197.0
2022	5420	56.0
2022	5421	636.0
2022	5422	226.0
2022	5423	93.0
2022	5424	102.0
2022	5425	76.0
2022	5426	74.0
2022	5427	125.0
2022	5428	200.0
2022	5429	44.0
2022	5430	108.0
2022	5432	68.0
2022	5433	55.0
2022	5434	52.0
2022	5435	139.0
2022	5436	166.0
2022	5437	93.0
2022	5438	56.0
2022	5439	65.0
2022	5440	51.0
2022	5441	127.0
2022	5442	50.0
2022	5443	65.0
2022	5444	378.0
2022	5501	3181.0
2022	5503	1037.0
2022	5510	155.0
2022	5512	225.0
2022	5514	71.0
2022	5516	62.0
2022	5518	47.0
2022	5520	279.0
2022	5522	92.0
2022	5524	454.0
2022	5526	197.0
2022	5528	56.0
2022	5530	636.0
2022	5532	226.0
2022	5534	93.0
2022	5536	102.0
2022	5538	76.0
2022	5540	74.0
2022	5542	125.0
2022	5544	200.0
2022	5546	44.0
2022	5601	836.0
2022	5603	495.0
2022	5605	378.0
2022	5607	222.0
2022	5610	93.0
2022	5612	108.0
2022	5614	68.0
2022	5616	55.0
2022	5618	52.0
2022	5620	139.0
2022	5622	166.0
2022	5624	56.0
2022	5626	65.0
2022	5628	127.0
2022	5630	51.0
2022	5632	65.0
2022	5634	136.0
2022	5636	50.0
2023	0101	1245.0
2023	0104	1758.6366440468846
2023	0105	2857.0
2023	0106	3799.0
2023	0111	293.0
2023	0118	72.0
2023	0119	156.0
2023	0121	16.549375709421113
2023	0122	298.53351206434314
2023	0123	373.55764075067026
2023	0124	676.7801608579089
2023	0125	583.0
2023	0127	265.0
2023	0128	407.0
2023	0135	430.0
2023	0136	866.3633559531153
2023	0137	414.0
2023	0138	400.12868632707773
2023	0211	1260.0
2023	0213	2094.9210385438973
2023	0214	2208.0
2023	0215	856.0
2023	0216	1045.0
2023	0217	1770.078961456103
2023	0219	6993.0
2023	0220	3414.9836552748884
2023	0221	793.4506242905788
2023	0226	1392.3715596330273
2023	0227	821.800695982284
2023	0228	1719.0
2023	0229	672.0
2023	0230	4373.0
2023	0231	4844.827744384688
2023	0233	1636.0
2023	0234	502.0
2023	0235	3224.0
2023	0236	1493.0
2023	0237	1747.0
2023	0238	1283.0
2023	0239	174.0
2023	0301	33606.0
2023	0402	879.0
2023	0403	1995.0
2023	0412	1487.0
2023	0415	361.0
2023	0417	1091.0
2023	0418	220.0
2023	0419	420.0
2023	0420	297.0
2023	0423	220.0
2023	0425	345.0
2023	0426	180.0
2023	0427	1091.0
2023	0428	224.0
2023	0429	341.0
2023	0430	119.0
2023	0432	127.0
2023	0434	62.0
2023	0436	87.0
2023	0437	250.0
2023	0438	126.0
2023	0439	83.0
2023	0441	91.0
2023	0501	1692.0
2023	0502	1795.0
2023	0511	122.0
2023	0512	57.0
2023	0513	65.0
2023	0514	80.0
2023	0515	131.0
2023	0516	188.0
2023	0517	173.0
2023	0519	122.0
2023	0520	196.0
2023	0521	220.0
2023	0522	262.0
2023	0528	550.0
2023	0529	709.0
2023	0532	358.0
2023	0533	497.0
2023	0534	625.0
2023	0536	236.0
2023	0538	279.0
2023	0540	121.0
2023	0541	48.0
2023	0542	295.0
2023	0543	123.0
2023	0544	185.0
2023	0545	77.0
2023	0602	3461.1146004603747
2023	0604	1325.0
2023	0605	1424.0
2023	0612	443.0
2023	0615	81.0
2023	0616	106.0
2023	0617	213.0
2023	0618	142.0
2023	0619	246.0
2023	0620	234.0
2023	0621	186.0
2023	0622	117.0
2023	0623	614.0
2023	0624	1166.0
2023	0625	1319.2328181519238
2023	0626	1669.0
2023	0627	1218.948736998514
2023	0628	554.0676077265973
2023	0631	171.0
2023	0632	68.0
2023	0633	102.0
2023	0701	1370.0
2023	0702	741.259962805526
2023	0704	2813.836494105587
2023	0706	1732.1254355400697
2023	0709	1756.9305845511483
2023	0710	2860.0
2023	0711	278.65258138770145
2023	0712	1979.0
2023	0713	632.125
2023	0714	182.615037194474
2023	0715	923.875
2023	0716	580.1635058944131
2023	0719	323.41463414634137
2023	0720	804.4599303135889
2023	0722	1230.7537572254337
2023	0723	330.2462427745665
2023	0728	222.06941544885177
2023	0729	1561.0
2023	0805	1830.0
2023	0806	2501.0
2023	0807	597.0
2023	0811	116.0
2023	0814	641.0
2023	0815	363.0
2023	0817	124.0
2023	0819	274.0
2023	0821	462.5812220566319
2023	0822	185.4187779433681
2023	0826	182.0
2023	0827	99.0
2023	0828	133.0
2023	0829	122.0
2023	0830	94.0
2023	0831	75.0
2023	0833	115.0
2023	0834	218.0
2023	0901	294.0
2023	0904	1456.0
2023	0906	1809.0
2023	0911	109.0
2023	0912	119.0
2023	0914	379.0
2023	0919	322.0
2023	0926	566.0
2023	0928	277.0
2023	0929	92.0
2023	0935	87.0
2023	0937	147.0
2023	0938	83.0
2023	0940	58.0
2023	0941	91.0
2023	1001	4177.94640338505
2023	1002	523.5342886386899
2023	1003	254.0
2023	1004	332.0
2023	1014	709.0
2023	1017	329.22073342736246
2023	1018	608.8328631875881
2023	1021	78.06345957011257
2023	1026	56.0
2023	1027	59.26430517711172
2023	1029	227.40225179119753
2023	1032	375.73569482288826
2023	1034	79.0
2023	1037	196.0
2023	1046	85.0
2023	1101	525.0
2023	1102	3862.8571428571427
2023	1103	7643.0
2023	1106	1892.0
2023	1108	3900.0
2023	1111	129.0
2023	1112	117.0
2023	1114	172.0
2023	1119	728.0
2023	1120	1184.0
2023	1121	1101.0
2023	1122	591.0
2023	1124	1794.0
2023	1127	707.0
2023	1129	37.14285714285714
2023	1130	511.0
2023	1133	122.0
2023	1134	156.0
2023	1135	194.0
2023	1141	92.82995951417004
2023	1142	202.23669751301327
2023	1144	35.0
2023	1145	54.0
2023	1146	562.0
2023	1149	1413.0
2023	1151	18.0
2023	1160	300.0
2023	1201	11277.0
2023	1211	131.0
2023	1216	244.0
2023	1219	367.0
2023	1221	659.0
2023	1222	135.0
2023	1223	136.0
2023	1224	349.0
2023	1227	32.352941176470594
2023	1228	144.63667820069202
2023	1231	98.01038062283737
2023	1232	41.0
2023	1233	86.0
2023	1234	42.23140495867769
2023	1235	541.7685950413223
2023	1238	236.0
2023	1241	169.37015503875972
2023	1242	83.0
2023	1243	965.6298449612403
2023	1244	151.0
2023	1245	311.3633952254642
2023	1246	1284.4901856763922
2023	1247	1141.0
2023	1251	122.0
2023	1252	24.0
2023	1253	280.0
2023	1256	351.3634992458522
2023	1259	156.14641909814327
2023	1260	179.33333333333331
2023	1263	545.3031674208145
2023	1264	131.0
2023	1265	45.0
2023	1266	77.0
2023	1401	344.3478260869565
2023	1411	92.0
2023	1412	26.0
2023	1413	49.0
2023	1416	120.0
2023	1417	81.0
2023	1418	40.467445742904836
2023	1419	101.1686143572621
2023	1420	464.3639398998331
2023	1421	89.0
2023	1422	98.0
2023	1424	196.0
2023	1426	198.0
2023	1428	118.0
2023	1429	60.0
2023	1430	95.48424737456241
2023	1431	109.12485414235705
2023	1432	541.7269544924154
2023	1433	88.66394399066512
2023	1438	81.0
2023	1439	183.65217391304344
2023	1441	81.75
2023	1443	245.25
2023	1444	65.60000000000001
2023	1445	207.0
2023	1449	232.0
2023	1502	1276.4320557491287
2023	1504	1914.642071197411
2023	1505	1036.0
2023	1506	1431.0
2023	1507	2404.0
2023	1508	2131.0243567753
2023	1511	128.0
2023	1514	79.0
2023	1515	334.0
2023	1516	335.0
2023	1517	193.0
2023	1519	726.4
2023	1520	295.0
2023	1523	79.35533980582525
2023	1524	61.89473684210526
2023	1525	133.0
2023	1526	36.10526315789473
2023	1528	203.0
2023	1529	177.38252427184466
2023	1531	356.0
2023	1532	284.0
2023	1534	212.39223300970875
2023	1535	285.0
2023	1539	234.0
2023	1543	100.96777003484321
2023	1545	53.600174216027874
2023	1546	20.227831715210357
2023	1547	172.0
2023	1548	375.863539445629
2023	1551	144.13646055437098
2023	1554	292.0
2023	1557	138.0
2023	1560	118.0
2023	1563	303.0
2023	1566	211.0
2023	1567	61.0
2023	1571	69.74594594594595
2023	1573	87.0
2023	1576	139.0
2023	1577	792.0
2023	1578	98.0
2023	1579	520.0
2023	1580	272.9756432246998
2023	1601	9663.0
2023	1612	147.6972972972973
2023	1613	35.55675675675676
2023	1617	193.56785998838558
2023	1620	231.0
2023	1621	232.28017241379308
2023	1622	54.64142482061751
2023	1624	213.49456521739128
2023	1627	193.71982758620692
2023	1630	170.4
2023	1632	42.6
2023	1633	34.0
2023	1634	329.0
2023	1635	104.0
2023	1636	130.95100086320403
2023	1638	465.3942045066387
2023	1640	313.0
2023	1644	72.0
2023	1648	251.0
2023	1653	928.0
2023	1657	384.0
2023	1662	338.5069115697785
2023	1663	919.0
2023	1664	177.0
2023	1665	50.0
2023	1702	759.3763313609468
2023	1703	486.3859649122807
2023	1711	103.0
2023	1714	1084.0
2023	1717	118.0
2023	1718	112.50543478260869
2023	1719	897.0
2023	1721	619.0
2023	1723	40.66666666666667
2023	1724	99.62366863905326
2023	1725	50.87719298245614
2023	1729	325.33333333333337
2023	1736	75.0
2023	1738	45.0
2023	1739	20.0
2023	1740	61.0
2023	1742	142.0
2023	1743	62.0
2023	1744	205.0
2023	1748	42.73684210526315
2023	1749	51.0
2023	1750	171.8902743142145
2023	1751	187.10972568578552
2023	1755	43.0
2023	1756	366.0
2023	1804	1974.0
2023	1805	647.4570637119112
2023	1806	823.0
2023	1811	56.0
2023	1812	87.0
2023	1813	334.0
2023	1815	61.0
2023	1816	39.0
2023	1818	110.0
2023	1820	415.0
2023	1822	153.0
2023	1824	441.0
2023	1825	63.0
2023	1826	58.0
2023	1827	89.0
2023	1828	81.0
2023	1832	186.0
2023	1833	583.0
2023	1834	108.0
2023	1835	28.0
2023	1836	53.0
2023	1837	224.0
2023	1838	152.0
2023	1839	71.0
2023	1840	230.0
2023	1841	337.0
2023	1845	75.0
2023	1848	126.0
2023	1849	88.14842077708477
2023	1850	72.95290858725762
2023	1851	118.0
2023	1852	65.06666666666668
2023	1853	112.0
2023	1854	102.59002770083102
2023	1856	27.0
2023	1857	26.0
2023	1859	90.0
2023	1860	543.0
2023	1865	543.0
2023	1866	409.0
2023	1867	150.0
2023	1868	203.0
2023	1870	568.0
2023	1871	195.0
2023	1874	46.0
2023	1875	179.0
2023	1901	1049.5083612040132
2023	1902	3372.0
2023	1903	1071.0
2023	1911	160.0
2023	1913	158.93333333333334
2023	1915	21.491638795986628
2023	1917	91.0
2023	1919	57.0
2023	1920	48.0
2023	1922	300.0
2023	1923	77.0
2023	1924	446.0
2023	1925	242.0
2023	1926	66.0
2023	1927	75.1541095890411
2023	1928	44.409246575342465
2023	1929	22.773972602739725
2023	1931	522.6626712328767
2023	1933	313.0
2023	1936	156.0
2023	1938	137.0
2023	1939	72.0
2023	1940	62.0
2023	1941	156.0
2023	1942	224.0
2023	1943	104.0
2023	2002	148.0
2023	2003	327.0
2023	2004	482.0987654320988
2023	2011	89.0
2023	2012	910.0
2023	2014	59.0
2023	2015	52.0
2023	2017	67.90123456790124
2023	2018	59.0
2023	2019	169.0
2023	2020	177.0
2023	2021	125.0
2023	2022	48.0
2023	2023	57.0
2023	2024	50.0
2023	2025	150.0
2023	2027	57.0
2023	2028	83.0
2023	2030	476.0
2023	3001	1245.0
2023	3002	2625.0
2023	3003	2857.0
2023	3004	3799.0
2023	3005	5059.0
2023	3006	1325.0
2023	3007	1424.0
2023	3011	293.0
2023	3012	72.0
2023	3013	156.0
2023	3014	2332.0
2023	3015	265.0
2023	3016	407.0
2023	3017	430.0
2023	3018	414.0
2023	3019	1260.0
2023	3020	3865.0
2023	3021	2208.0
2023	3022	856.0
2023	3023	1045.0
2023	3024	6993.0
2023	3025	5188.0
2023	3026	810.0
2023	3027	1719.0
2023	3028	672.0
2023	3029	4373.0
2023	3030	7059.0
2023	3031	1636.0
2023	3032	502.0
2023	3033	3224.0
2023	3034	1493.0
2023	3035	1747.0
2023	3036	1283.0
2023	3037	174.0
2023	3038	443.0
2023	3039	81.0
2023	3040	106.0
2023	3041	213.0
2023	3042	142.0
2023	3043	246.0
2023	3044	234.0
2023	3045	186.0
2023	3046	117.0
2023	3047	614.0
2023	3048	1166.0
2023	3049	1669.0
2023	3050	171.0
2023	3051	68.0
2023	3052	102.0
2023	3053	358.0
2023	3054	497.0
2023	3101	1245.0
2023	3103	2625.0
2023	3105	2857.0
2023	3107	3799.0
2023	3110	293.0
2023	3112	430.0
2023	3114	414.0
2023	3116	265.0
2023	3118	2332.0
2023	3120	407.0
2023	3122	156.0
2023	3124	72.0
2023	3201	6993.0
2023	3203	5188.0
2023	3205	7059.0
2023	3207	3865.0
2023	3209	3224.0
2023	3212	1045.0
2023	3214	856.0
2023	3216	1260.0
2023	3218	2208.0
2023	3220	672.0
2023	3222	4373.0
2023	3224	1719.0
2023	3226	810.0
2023	3228	1493.0
2023	3230	502.0
2023	3232	1636.0
2023	3234	497.0
2023	3236	358.0
2023	3238	1283.0
2023	3240	1747.0
2023	3242	174.0
2023	3301	5059.0
2023	3303	1325.0
2023	3305	1424.0
2023	3310	443.0
2023	3312	1669.0
2023	3314	1166.0
2023	3316	614.0
2023	3318	117.0
2023	3320	81.0
2023	3322	106.0
2023	3324	213.0
2023	3326	142.0
2023	3328	246.0
2023	3330	234.0
2023	3332	186.0
2023	3334	171.0
2023	3336	68.0
2023	3338	102.0
2023	3401	879.0
2023	3403	1995.0
2023	3405	1692.0
2023	3407	1795.0
2023	3411	1487.0
2023	3412	361.0
2023	3413	1091.0
2023	3414	220.0
2023	3415	420.0
2023	3416	297.0
2023	3417	220.0
2023	3418	345.0
2023	3419	180.0
2023	3420	1091.0
2023	3421	224.0
2023	3422	341.0
2023	3423	119.0
2023	3424	127.0
2023	3425	62.0
2023	3426	87.0
2023	3427	250.0
2023	3428	126.0
2023	3429	83.0
2023	3430	91.0
2023	3431	122.0
2023	3432	57.0
2023	3433	65.0
2023	3434	80.0
2023	3435	131.0
2023	3436	188.0
2023	3437	173.0
2023	3438	122.0
2023	3439	196.0
2023	3440	220.0
2023	3441	262.0
2023	3442	550.0
2023	3443	709.0
2023	3446	625.0
2023	3447	236.0
2023	3448	279.0
2023	3449	121.0
2023	3450	48.0
2023	3451	295.0
2023	3452	123.0
2023	3453	185.0
2023	3454	77.0
2023	3801	1370.0
2023	3802	1556.0
2023	3803	3394.0
2023	3804	2860.0
2023	3805	1979.0
2023	3806	1830.0
2023	3807	2501.0
2023	3808	597.0
2023	3811	1561.0
2023	3812	116.0
2023	3813	641.0
2023	3814	363.0
2023	3815	124.0
2023	3816	274.0
2023	3817	648.0
2023	3818	182.0
2023	3819	99.0
2023	3820	133.0
2023	3821	122.0
2023	3822	94.0
2023	3823	75.0
2023	3824	115.0
2023	3825	218.0
2023	3901	1370.0
2023	3903	1556.0
2023	3905	3394.0
2023	3907	2860.0
2023	3909	1979.0
2023	3911	1561.0
2023	4001	1830.0
2023	4003	2501.0
2023	4005	597.0
2023	4010	116.0
2023	4012	641.0
2023	4014	363.0
2023	4016	124.0
2023	4018	274.0
2023	4020	648.0
2023	4022	133.0
2023	4024	99.0
2023	4026	182.0
2023	4028	122.0
2023	4030	94.0
2023	4032	75.0
2023	4034	115.0
2023	4036	218.0
2023	4201	294.0
2023	4202	1456.0
2023	4203	1809.0
2023	4204	5116.0
2023	4205	829.0
2023	4206	254.0
2023	4207	332.0
2023	4211	109.0
2023	4212	119.0
2023	4213	379.0
2023	4214	322.0
2023	4215	566.0
2023	4216	277.0
2023	4217	92.0
2023	4218	87.0
2023	4219	147.0
2023	4220	83.0
2023	4221	58.0
2023	4222	91.0
2023	4223	709.0
2023	4224	56.0
2023	4225	435.0
2023	4226	79.0
2023	4227	196.0
2023	4228	85.0
2023	4601	11277.0
2023	4602	528.0
2023	4611	131.0
2023	4612	244.0
2023	4613	367.0
2023	4614	659.0
2023	4615	135.0
2023	4616	136.0
2023	4617	349.0
2023	4618	275.0
2023	4619	41.0
2023	4620	86.0
2023	4621	584.0
2023	4622	236.0
2023	4623	83.0
2023	4624	1135.0
2023	4625	151.0
2023	4626	1752.0
2023	4627	1141.0
2023	4628	122.0
2023	4629	24.0
2023	4630	280.0
2023	4631	1076.0
2023	4632	131.0
2023	4633	45.0
2023	4634	77.0
2023	4635	92.0
2023	4636	26.0
2023	4637	49.0
2023	4638	120.0
2023	4639	81.0
2023	4640	606.0
2023	4641	89.0
2023	4642	98.0
2023	4643	196.0
2023	4644	198.0
2023	4645	118.0
2023	4646	60.0
2023	4647	835.0
2023	4648	81.0
2023	4649	327.0
2023	4650	207.0
2023	4651	232.0
2023	5001	9663.0
2023	5004	759.3763313609468
2023	5005	486.3859649122807
2023	5006	859.0
2023	5007	580.0
2023	5011	147.6972972972973
2023	5012	35.55675675675676
2023	5013	193.56785998838558
2023	5014	231.0
2023	5015	232.28017241379308
2023	5016	54.64142482061751
2023	5017	193.71982758620692
2023	5018	170.4
2023	5019	42.6
2023	5020	34.0
2023	5021	329.0
2023	5022	104.0
2023	5023	130.95100086320403
2023	5024	465.3942045066387
2023	5025	313.0
2023	5026	72.0
2023	5027	251.0
2023	5028	928.0
2023	5029	384.0
2023	5030	338.5069115697785
2023	5031	919.0
2023	5032	177.0
2023	5033	50.0
2023	5034	103.0
2023	5035	1084.0
2023	5036	118.0
2023	5037	897.0
2023	5038	619.0
2023	5039	99.62366863905326
2023	5040	50.87719298245614
2023	5041	75.0
2023	5042	45.0
2023	5043	20.0
2023	5044	61.0
2023	5045	142.0
2023	5046	62.0
2023	5047	205.0
2023	5048	42.73684210526315
2023	5049	51.0
2023	5050	171.8902743142145
2023	5051	187.10972568578552
2023	5052	43.0
2023	5053	366.0
2023	5054	326.0
2023	5055	253.0
2023	5056	217.0
2023	5057	426.0
2023	5058	213.0
2023	5059	678.0
2023	5060	359.0
2023	5061	61.0
2023	5401	3372.0
2023	5402	1071.0
2023	5403	910.0
2023	5404	148.0
2023	5405	327.0
2023	5406	550.0
2023	5411	160.0
2023	5412	224.0
2023	5413	91.0
2023	5414	57.0
2023	5415	48.0
2023	5416	300.0
2023	5417	77.0
2023	5418	446.0
2023	5419	242.0
2023	5420	66.0
2023	5421	665.0
2023	5422	313.0
2023	5423	156.0
2023	5424	137.0
2023	5425	72.0
2023	5426	62.0
2023	5427	156.0
2023	5428	224.0
2023	5429	104.0
2023	5430	89.0
2023	5432	59.0
2023	5433	52.0
2023	5434	59.0
2023	5435	169.0
2023	5436	177.0
2023	5437	125.0
2023	5438	48.0
2023	5439	57.0
2023	5440	50.0
2023	5441	150.0
2023	5442	57.0
2023	5443	83.0
2023	5444	476.0
2023	5501	3372.0
2023	5503	1071.0
2023	5510	160.0
2023	5512	224.0
2023	5514	91.0
2023	5516	57.0
2023	5518	48.0
2023	5520	300.0
2023	5522	77.0
2023	5524	446.0
2023	5526	242.0
2023	5528	66.0
2023	5530	665.0
2023	5532	313.0
2023	5534	156.0
2023	5536	137.0
2023	5538	72.0
2023	5540	62.0
2023	5542	156.0
2023	5544	224.0
2023	5546	104.0
2023	5601	910.0
2023	5603	550.0
2023	5605	476.0
2023	5607	327.0
2023	5610	125.0
2023	5612	89.0
2023	5614	59.0
2023	5616	52.0
2023	5618	59.0
2023	5620	169.0
2023	5622	177.0
2023	5624	48.0
2023	5626	57.0
2023	5628	150.0
2023	5630	50.0
2023	5632	83.0
2023	5634	148.0
2023	5636	57.0
2024	0101	1139.0
2024	0104	1694.3207896360273
2024	0105	2577.0
2024	0106	3740.0
2024	0111	254.0
2024	0118	77.0
2024	0119	161.0
2024	0121	17.03972758229285
2024	0122	293.54088471849866
2024	0123	367.3103217158177
2024	0124	665.4617962466489
2024	0125	573.25
2024	0127	254.0
2024	0128	420.0
2024	0135	465.0
2024	0136	834.6792103639729
2024	0137	386.0
2024	0138	393.43699731903484
2024	0211	1274.0
2024	0213	2015.2435760171309
2024	0214	2030.0
2024	0215	905.0
2024	0216	985.0
2024	0217	1702.7564239828694
2024	0219	7237.0
2024	0220	3759.904903417533
2024	0221	816.9602724177071
2024	0226	1273.8256880733943
2024	0227	751.8329642518189
2024	0228	1585.0
2024	0229	665.0
2024	0230	4812.0
2024	0231	4432.3413476747855
2024	0233	1300.0
2024	0234	496.0
2024	0235	3510.0
2024	0236	1386.0
2024	0237	1605.0
2024	0238	1200.0
2024	0239	188.0
2024	0301	31584.0
2024	0402	829.0
2024	0403	2231.0
2024	0412	1447.0
2024	0415	345.0
2024	0417	1061.0
2024	0418	212.0
2024	0419	417.0
2024	0420	288.0
2024	0423	210.0
2024	0425	301.0
2024	0426	147.0
2024	0427	1053.0
2024	0428	211.0
2024	0429	308.0
2024	0430	109.0
2024	0432	89.0
2024	0434	46.0
2024	0436	75.0
2024	0437	269.0
2024	0438	75.0
2024	0439	79.0
2024	0441	89.0
2024	0501	1637.0
2024	0502	1810.0
2024	0511	108.0
2024	0512	75.0
2024	0513	102.0
2024	0514	75.0
2024	0515	118.0
2024	0516	224.0
2024	0517	199.0
2024	0519	118.0
2024	0520	182.0
2024	0521	211.0
2024	0522	209.0
2024	0528	614.0
2024	0529	624.0
2024	0532	292.0
2024	0533	476.0
2024	0534	588.0
2024	0536	270.0
2024	0538	287.0
2024	0540	137.0
2024	0541	58.0
2024	0542	258.0
2024	0543	126.0
2024	0544	143.0
2024	0545	70.0
2024	0602	3344.1249588951
2024	0604	1466.0
2024	0605	1374.0
2024	0612	418.0
2024	0615	67.0
2024	0616	102.0
2024	0617	201.0
2024	0618	146.0
2024	0619	196.0
2024	0620	230.0
2024	0621	146.0
2024	0622	100.0
2024	0623	580.0
2024	0624	984.0
2024	0625	1274.6412364353832
2024	0626	1467.0
2024	0627	1342.0653789004457
2024	0628	610.0297176820208
2024	0631	164.0
2024	0632	64.0
2024	0633	81.0
2024	0701	1459.0
2024	0702	626.9268065887354
2024	0704	2971.3582778062537
2024	0706	1631.5894836870448
2024	0709	1504.7990605427974
2024	0710	2694.0
2024	0711	269.23380466951664
2024	0712	1695.0
2024	0713	534.625
2024	0714	154.44819341126467
2024	0715	781.375
2024	0716	612.6417221937468
2024	0719	304.6430155210642
2024	0720	757.767500791891
2024	0722	1160.5826589595374
2024	0723	311.4173410404624
2024	0728	190.2009394572025
2024	0729	1472.0
2024	0805	1853.0
2024	0806	2247.0
2024	0807	534.0
2024	0811	110.0
2024	0814	594.0
2024	0815	390.0
2024	0817	133.0
2024	0819	314.0
2024	0821	514.692995529061
2024	0822	206.3070044709389
2024	0826	243.0
2024	0827	65.0
2024	0828	128.0
2024	0829	121.0
2024	0830	62.0
2024	0831	66.0
2024	0833	113.0
2024	0834	209.0
2024	0901	260.0
2024	0904	1404.0
2024	0906	1724.0
2024	0911	136.0
2024	0912	88.0
2024	0914	356.0
2024	0919	361.0
2024	0926	593.0
2024	0928	230.0
2024	0929	60.0
2024	0935	90.0
2024	0937	162.0
2024	0938	64.0
2024	0940	61.0
2024	0941	73.0
2024	1001	3984.4019746121294
2024	1002	481.85363357215965
2024	1003	324.0
2024	1004	295.0
2024	1014	734.0
2024	1017	313.9694992947813
2024	1018	580.6285260930888
2024	1021	71.84851586489252
2024	1026	26.0
2024	1027	54.63215258855586
2024	1029	209.2978505629478
2024	1032	346.36784741144413
2024	1034	76.0
2024	1037	160.0
2024	1046	86.0
2024	1101	474.0
2024	1102	3859.885714285714
2024	1103	6214.0
2024	1106	1707.0
2024	1108	3897.0
2024	1111	116.0
2024	1112	129.0
2024	1114	138.0
2024	1119	777.0
2024	1120	1155.0
2024	1121	1032.0
2024	1122	606.0
2024	1124	1897.0
2024	1127	631.0
2024	1129	37.114285714285714
2024	1130	395.0
2024	1133	127.0
2024	1134	124.0
2024	1135	120.0
2024	1141	72.66824446610052
2024	1142	158.3129611582904
2024	1144	45.0
2024	1145	50.0
2024	1146	521.0
2024	1149	1380.0
2024	1151	14.0
2024	1160	358.0
2024	1201	10164.0
2024	1211	131.0
2024	1216	246.0
2024	1219	355.0
2024	1221	553.0
2024	1222	110.0
2024	1223	162.0
2024	1224	313.0
2024	1227	31.882352941176478
2024	1228	142.53287197231833
2024	1231	96.58477508650519
2024	1232	34.0
2024	1233	54.0
2024	1234	37.45867768595042
2024	1235	480.54132231404964
2024	1238	258.0
2024	1241	153.7015503875969
2024	1242	88.0
2024	1243	876.2984496124031
2024	1244	213.0
2024	1245	273.1538461538462
2024	1246	1126.8615384615384
2024	1247	1147.0
2024	1251	167.0
2024	1252	23.0
2024	1253	289.0
2024	1256	341.5671191553545
2024	1259	136.98461538461544
2024	1260	174.33333333333331
2024	1263	530.0995475113122
2024	1264	160.0
2024	1265	37.0
2024	1266	45.0
2024	1401	354.7826086956522
2024	1411	92.0
2024	1412	31.0
2024	1413	55.0
2024	1416	141.0
2024	1417	84.0
2024	1418	42.73789649415693
2024	1419	106.84474123539232
2024	1420	490.4173622704508
2024	1421	94.0
2024	1422	110.0
2024	1424	109.0
2024	1426	207.0
2024	1428	88.0
2024	1429	106.0
2024	1430	85.53558926487747
2024	1431	97.75495915985998
2024	1432	485.2835472578763
2024	1433	79.42590431738624
2024	1438	110.0
2024	1439	189.21739130434779
2024	1441	70.75
2024	1443	212.25
2024	1444	57.317171717171725
2024	1445	166.0
2024	1449	200.0
2024	1502	1261.2682926829268
2024	1504	2321.6229773462783
2024	1505	930.0
2024	1506	1414.0
2024	1507	2915.0
2024	1508	2584.0
2024	1511	132.0
2024	1514	87.0
2024	1515	300.0
2024	1516	316.0
2024	1517	189.0
2024	1519	634.6828282828283
2024	1520	371.0
2024	1523	96.2233009708738
2024	1524	63.1578947368421
2024	1525	172.0
2024	1526	36.84210526315789
2024	1528	229.0
2024	1529	215.0873786407767
2024	1531	332.0
2024	1532	292.0
2024	1534	257.53883495145635
2024	1535	298.0
2024	1539	227.0
2024	1543	99.76829268292686
2024	1545	52.963414634146346
2024	1546	24.527508090614887
2024	1547	211.0
2024	1548	336.1087420042644
2024	1551	128.8912579957356
2024	1554	262.0
2024	1557	123.0
2024	1560	143.0
2024	1563	198.0
2024	1566	171.0
2024	1567	58.0
2024	1571	71.95135135135135
2024	1573	89.0
2024	1576	125.0
2024	1577	692.0
2024	1578	100.0
2024	1579	465.0
2024	1580	331.0
2024	1601	9455.0
2024	1612	152.36756756756756
2024	1613	36.68108108108108
2024	1617	207.82443298141334
2024	1620	250.0
2024	1621	227.91810344827584
2024	1622	51.57378828045192
2024	1624	220.69836956521738
2024	1627	190.08189655172416
2024	1630	132.8
2024	1632	33.2
2024	1633	39.0
2024	1634	251.0
2024	1635	124.0
2024	1636	123.59925122384168
2024	1638	439.26640363005595
2024	1640	236.0
2024	1644	58.0
2024	1648	231.0
2024	1653	914.0
2024	1657	390.0
2024	1662	320.0100622027077
2024	1663	861.0
2024	1664	190.0
2024	1665	39.0
2024	1702	721.3633136094675
2024	1703	515.7368421052632
2024	1711	113.0
2024	1714	1048.0
2024	1717	126.0
2024	1718	116.3016304347826
2024	1719	901.0
2024	1721	636.0
2024	1723	39.77777777777778
2024	1724	94.63668639053256
2024	1725	53.94736842105263
2024	1729	318.22222222222223
2024	1736	82.0
2024	1738	49.0
2024	1739	45.0
2024	1740	64.0
2024	1742	87.0
2024	1743	54.0
2024	1744	176.0
2024	1748	45.315789473684205
2024	1749	58.0
2024	1750	124.48877805486286
2024	1751	135.51122194513715
2024	1755	26.0
2024	1756	358.0
2024	1804	1928.0
2024	1805	604.9750692520776
2024	1806	769.0
2024	1811	41.0
2024	1812	86.0
2024	1813	290.0
2024	1815	42.0
2024	1816	9.0
2024	1818	77.0
2024	1820	349.0
2024	1822	106.0
2024	1824	409.0
2024	1825	48.0
2024	1826	52.0
2024	1827	83.0
2024	1828	71.0
2024	1832	147.0
2024	1833	554.0
2024	1834	130.0
2024	1835	34.0
2024	1836	65.0
2024	1837	168.0
2024	1838	130.0
2024	1839	42.0
2024	1840	181.0
2024	1841	310.0
2024	1845	85.0
2024	1848	119.0
2024	1849	102.3191723516796
2024	1850	68.1662049861496
2024	1851	96.0
2024	1852	56.93333333333334
2024	1853	129.0
2024	1854	95.85872576177286
2024	1856	21.0
2024	1857	19.0
2024	1859	111.0
2024	1860	429.0
2024	1865	497.0
2024	1866	406.0
2024	1867	134.0
2024	1868	205.0
2024	1870	579.0
2024	1871	190.0
2024	1874	43.0
2024	1875	187.0
2024	1901	928.9765886287626
2024	1902	3362.0
2024	1903	948.0
2024	1911	150.0
2024	1913	139.06666666666666
2024	1915	19.02341137123747
2024	1917	58.0
2024	1919	56.0
2024	1920	40.0
2024	1922	249.0
2024	1923	95.0
2024	1924	488.0
2024	1925	191.0
2024	1926	62.0
2024	1927	73.23287671232877
2024	1928	43.273972602739725
2024	1929	22.191780821917806
2024	1931	509.3013698630137
2024	1933	305.0
2024	1936	119.0
2024	1938	122.0
2024	1939	85.0
2024	1940	77.0
2024	1941	116.0
2024	1942	236.0
2024	1943	67.0
2024	2002	114.0
2024	2003	303.0
2024	2004	439.14814814814815
2024	2011	97.0
2024	2012	795.0
2024	2014	57.0
2024	2015	49.0
2024	2017	61.851851851851855
2024	2018	37.0
2024	2019	154.0
2024	2020	223.0
2024	2021	97.0
2024	2022	66.0
2024	2023	33.0
2024	2024	44.0
2024	2025	143.0
2024	2027	53.0
2024	2028	83.0
2024	2030	383.0
2024	3001	1139.0
2024	3002	2529.0
2024	3003	2577.0
2024	3004	3740.0
2024	3005	4888.0
2024	3006	1466.0
2024	3007	1374.0
2024	3011	254.0
2024	3012	77.0
2024	3013	161.0
2024	3014	2293.0
2024	3015	254.0
2024	3016	420.0
2024	3017	465.0
2024	3018	386.0
2024	3019	1274.0
2024	3020	3718.0
2024	3021	2030.0
2024	3022	905.0
2024	3023	985.0
2024	3024	7237.0
2024	3025	5712.0
2024	3026	834.0
2024	3027	1585.0
2024	3028	665.0
2024	3029	4812.0
2024	3030	6458.0
2024	3031	1300.0
2024	3032	496.0
2024	3033	3510.0
2024	3034	1386.0
2024	3035	1605.0
2024	3036	1200.0
2024	3037	188.0
2024	3038	418.0
2024	3039	67.0
2024	3040	102.0
2024	3041	201.0
2024	3042	146.0
2024	3043	196.0
2024	3044	230.0
2024	3045	146.0
2024	3046	100.0
2024	3047	580.0
2024	3048	984.0
2024	3049	1467.0
2024	3050	164.0
2024	3051	64.0
2024	3052	81.0
2024	3053	292.0
2024	3054	476.0
2024	3101	1139.0
2024	3103	2529.0
2024	3105	2577.0
2024	3107	3740.0
2024	3110	254.0
2024	3112	465.0
2024	3114	386.0
2024	3116	254.0
2024	3118	2293.0
2024	3120	420.0
2024	3122	161.0
2024	3124	77.0
2024	3201	7237.0
2024	3203	5712.0
2024	3205	6458.0
2024	3207	3718.0
2024	3209	3510.0
2024	3212	985.0
2024	3214	905.0
2024	3216	1274.0
2024	3218	2030.0
2024	3220	665.0
2024	3222	4812.0
2024	3224	1585.0
2024	3226	834.0
2024	3228	1386.0
2024	3230	496.0
2024	3232	1300.0
2024	3234	476.0
2024	3236	292.0
2024	3238	1200.0
2024	3240	1605.0
2024	3242	188.0
2024	3301	4888.0
2024	3303	1466.0
2024	3305	1374.0
2024	3310	418.0
2024	3312	1467.0
2024	3314	984.0
2024	3316	580.0
2024	3318	100.0
2024	3320	67.0
2024	3322	102.0
2024	3324	201.0
2024	3326	146.0
2024	3328	196.0
2024	3330	230.0
2024	3332	146.0
2024	3334	164.0
2024	3336	64.0
2024	3338	81.0
2024	3401	829.0
2024	3403	2231.0
2024	3405	1637.0
2024	3407	1810.0
2024	3411	1447.0
2024	3412	345.0
2024	3413	1061.0
2024	3414	212.0
2024	3415	417.0
2024	3416	288.0
2024	3417	210.0
2024	3418	301.0
2024	3419	147.0
2024	3420	1053.0
2024	3421	211.0
2024	3422	308.0
2024	3423	109.0
2024	3424	89.0
2024	3425	46.0
2024	3426	75.0
2024	3427	269.0
2024	3428	75.0
2024	3429	79.0
2024	3430	89.0
2024	3431	108.0
2024	3432	75.0
2024	3433	102.0
2024	3434	75.0
2024	3435	118.0
2024	3436	224.0
2024	3437	199.0
2024	3438	118.0
2024	3439	182.0
2024	3440	211.0
2024	3441	209.0
2024	3442	614.0
2024	3443	624.0
2024	3446	588.0
2024	3447	270.0
2024	3448	287.0
2024	3449	137.0
2024	3450	58.0
2024	3451	258.0
2024	3452	126.0
2024	3453	143.0
2024	3454	70.0
2024	3801	1459.0
2024	3802	1316.0
2024	3803	3584.0
2024	3804	2694.0
2024	3805	1695.0
2024	3806	1853.0
2024	3807	2247.0
2024	3808	534.0
2024	3811	1472.0
2024	3812	110.0
2024	3813	594.0
2024	3814	390.0
2024	3815	133.0
2024	3816	314.0
2024	3817	721.0
2024	3818	243.0
2024	3819	65.0
2024	3820	128.0
2024	3821	121.0
2024	3822	62.0
2024	3823	66.0
2024	3824	113.0
2024	3825	209.0
2024	3901	1459.0
2024	3903	1316.0
2024	3905	3584.0
2024	3907	2694.0
2024	3909	1695.0
2024	3911	1472.0
2024	4001	1853.0
2024	4003	2247.0
2024	4005	534.0
2024	4010	110.0
2024	4012	594.0
2024	4014	390.0
2024	4016	133.0
2024	4018	314.0
2024	4020	721.0
2024	4022	128.0
2024	4024	65.0
2024	4026	243.0
2024	4028	121.0
2024	4030	62.0
2024	4032	66.0
2024	4034	113.0
2024	4036	209.0
2024	4201	260.0
2024	4202	1404.0
2024	4203	1724.0
2024	4204	4879.0
2024	4205	763.0
2024	4206	324.0
2024	4207	295.0
2024	4211	136.0
2024	4212	88.0
2024	4213	356.0
2024	4214	361.0
2024	4215	593.0
2024	4216	230.0
2024	4217	60.0
2024	4218	90.0
2024	4219	162.0
2024	4220	64.0
2024	4221	61.0
2024	4222	73.0
2024	4223	734.0
2024	4224	26.0
2024	4225	401.0
2024	4226	76.0
2024	4227	160.0
2024	4228	86.0
2024	4601	10164.0
2024	4602	544.0
2024	4611	131.0
2024	4612	246.0
2024	4613	355.0
2024	4614	553.0
2024	4615	110.0
2024	4616	162.0
2024	4617	313.0
2024	4618	271.0
2024	4619	34.0
2024	4620	54.0
2024	4621	518.0
2024	4622	258.0
2024	4623	88.0
2024	4624	1030.0
2024	4625	213.0
2024	4626	1537.0
2024	4627	1147.0
2024	4628	167.0
2024	4629	23.0
2024	4630	289.0
2024	4631	1046.0
2024	4632	160.0
2024	4633	37.0
2024	4634	45.0
2024	4635	92.0
2024	4636	31.0
2024	4637	55.0
2024	4638	141.0
2024	4639	84.0
2024	4640	640.0
2024	4641	94.0
2024	4642	110.0
2024	4643	109.0
2024	4644	207.0
2024	4645	88.0
2024	4646	106.0
2024	4647	748.0
2024	4648	110.0
2024	4649	283.0
2024	4650	166.0
2024	4651	200.0
2024	5001	9455.0
2024	5004	721.3633136094675
2024	5005	515.7368421052632
2024	5006	816.0
2024	5007	615.0
2024	5011	152.36756756756756
2024	5012	36.68108108108108
2024	5013	207.82443298141334
2024	5014	250.0
2024	5015	227.91810344827584
2024	5016	51.57378828045192
2024	5017	190.08189655172416
2024	5018	132.8
2024	5019	33.2
2024	5020	39.0
2024	5021	251.0
2024	5022	124.0
2024	5023	123.59925122384168
2024	5024	439.26640363005595
2024	5025	236.0
2024	5026	58.0
2024	5027	231.0
2024	5028	914.0
2024	5029	390.0
2024	5030	320.0100622027077
2024	5031	861.0
2024	5032	190.0
2024	5033	39.0
2024	5034	113.0
2024	5035	1048.0
2024	5036	126.0
2024	5037	901.0
2024	5038	636.0
2024	5039	94.63668639053256
2024	5040	53.94736842105263
2024	5041	82.0
2024	5042	49.0
2024	5043	45.0
2024	5044	64.0
2024	5045	87.0
2024	5046	54.0
2024	5047	176.0
2024	5048	45.315789473684205
2024	5049	58.0
2024	5050	124.48877805486286
2024	5051	135.51122194513715
2024	5052	26.0
2024	5053	358.0
2024	5054	337.0
2024	5055	261.0
2024	5056	246.0
2024	5057	418.0
2024	5058	166.0
2024	5059	648.0
2024	5060	260.0
2024	5061	58.0
2024	5401	3362.0
2024	5402	948.0
2024	5403	795.0
2024	5404	114.0
2024	5405	303.0
2024	5406	501.0
2024	5411	150.0
2024	5412	196.0
2024	5413	58.0
2024	5414	56.0
2024	5415	40.0
2024	5416	249.0
2024	5417	95.0
2024	5418	488.0
2024	5419	191.0
2024	5420	62.0
2024	5421	648.0
2024	5422	305.0
2024	5423	119.0
2024	5424	122.0
2024	5425	85.0
2024	5426	77.0
2024	5427	116.0
2024	5428	236.0
2024	5429	67.0
2024	5430	97.0
2024	5432	57.0
2024	5433	49.0
2024	5434	37.0
2024	5435	154.0
2024	5436	223.0
2024	5437	97.0
2024	5438	66.0
2024	5439	33.0
2024	5440	44.0
2024	5441	143.0
2024	5442	53.0
2024	5443	83.0
2024	5444	383.0
2024	5501	3362.0
2024	5503	948.0
2024	5510	150.0
2024	5512	196.0
2024	5514	58.0
2024	5516	56.0
2024	5518	40.0
2024	5520	249.0
2024	5522	95.0
2024	5524	488.0
2024	5526	191.0
2024	5528	62.0
2024	5530	648.0
2024	5532	305.0
2024	5534	119.0
2024	5536	122.0
2024	5538	85.0
2024	5540	77.0
2024	5542	116.0
2024	5544	236.0
2024	5546	67.0
2024	5601	795.0
2024	5603	501.0
2024	5605	383.0
2024	5607	303.0
2024	5610	97.0
2024	5612	97.0
2024	5614	57.0
2024	5616	49.0
2024	5618	37.0
2024	5620	154.0
2024	5622	223.0
2024	5624	66.0
2024	5626	33.0
2024	5628	143.0
2024	5630	44.0
2024	5632	83.0
2024	5634	114.0
2024	5636	53.0
2025	0101	1150.0
2025	0104	1723.798889574337
2025	0105	2776.0
2025	0106	3765.0
2025	0111	256.0
2025	0118	83.0
2025	0119	152.0
2025	0121	18.326901248581162
2025	0122	286.6280160857909
2025	0123	358.6601876675603
2025	0124	649.7902144772119
2025	0125	559.75
2025	0127	199.0
2025	0128	404.0
2025	0135	522.0
2025	0136	849.2011104256632
2025	0137	453.0
2025	0138	384.171581769437
2025	0211	1306.0
2025	0213	2028.2521413276233
2025	0214	2068.0
2025	0215	928.0
2025	0216	1130.0
2025	0217	1713.7478586723769
2025	0219	7383.0
2025	0220	3525.5690936106985
2025	0221	878.6730987514189
2025	0226	1271.4587155963304
2025	0227	750.4359379943056
2025	0228	1790.0
2025	0229	802.0
2025	0230	4898.0
2025	0231	4424.105346409364
2025	0233	1290.0
2025	0234	459.0
2025	0235	3654.0
2025	0236	1388.0
2025	0237	1767.0
2025	0238	1125.0
2025	0239	214.0
2025	0301	31533.0
2025	0402	824.0
2025	0403	2169.0
2025	0412	1562.0
2025	0415	390.0
2025	0417	1145.0
2025	0418	223.0
2025	0419	461.0
2025	0420	321.0
2025	0423	231.0
2025	0425	325.0
2025	0426	200.0
2025	0427	1070.0
2025	0428	176.0
2025	0429	321.0
2025	0430	132.0
2025	0432	79.0
2025	0434	41.0
2025	0436	61.0
2025	0437	265.0
2025	0438	96.0
2025	0439	61.0
2025	0441	66.0
2025	0501	2029.0
2025	0502	1758.0
2025	0511	104.0
2025	0512	54.0
2025	0513	63.0
2025	0514	83.0
2025	0515	124.0
2025	0516	171.0
2025	0517	161.0
2025	0519	107.0
2025	0520	158.0
2025	0521	216.0
2025	0522	239.0
2025	0528	702.0
2025	0529	642.0
2025	0532	321.0
2025	0533	495.0
2025	0534	578.0
2025	0536	271.0
2025	0538	237.0
2025	0540	129.0
2025	0541	60.0
2025	0542	210.0
2025	0543	141.0
2025	0544	151.0
2025	0545	75.0
2025	0602	3251.764715554094
2025	0604	1400.0
2025	0605	1420.0
2025	0612	519.0
2025	0615	47.0
2025	0616	96.0
2025	0617	248.0
2025	0618	139.0
2025	0619	187.0
2025	0620	174.0
2025	0621	144.0
2025	0622	95.0
2025	0623	670.0
2025	0624	1095.0
2025	0625	1239.4373561328512
2025	0626	1536.0
2025	0627	1258.4212481426448
2025	0628	572.0096582466567
2025	0631	165.0
2025	0632	88.0
2025	0633	111.0
2025	0701	1406.0
2025	0702	642.1712274176407
2025	0704	2862.751153254741
2025	0706	1704.2660753880266
2025	0709	1641.5182672233818
2025	0710	2814.0
2025	0711	261.79792831305497
2025	0712	1849.0
2025	0713	547.625
2025	0714	158.20377258235922
2025	0715	800.375
2025	0716	590.2488467452588
2025	0719	318.2128603104212
2025	0720	791.5210643015522
2025	0722	1257.5606936416186
2025	0723	337.43930635838154
2025	0728	207.48173277661797
2025	0729	1595.0
2025	0805	1873.0
2025	0806	2227.0
2025	0807	484.0
2025	0811	109.0
2025	0814	609.0
2025	0815	358.0
2025	0817	152.0
2025	0819	263.0
2025	0821	416.8941877794337
2025	0822	167.10581222056635
2025	0826	218.0
2025	0827	91.0
2025	0828	119.0
2025	0829	103.0
2025	0830	76.0
2025	0831	63.0
2025	0833	81.0
2025	0834	154.0
2025	0901	267.0
2025	0904	1332.0
2025	0906	1704.0
2025	0911	98.0
2025	0912	78.0
2025	0914	330.0
2025	0919	324.0
2025	0926	598.0
2025	0928	240.0
2025	0929	105.0
2025	0935	59.0
2025	0937	176.0
2025	0938	65.0
2025	0940	46.0
2025	0941	58.0
2025	1001	4173.863187588153
2025	1002	397.22927328556807
2025	1003	243.0
2025	1004	296.0
2025	1014	721.0
2025	1017	328.89897743300423
2025	1018	608.2378349788435
2025	1021	59.23029682702148
2025	1026	37.0
2025	1027	50.8174386920981
2025	1029	172.54042988741043
2025	1032	322.1825613079019
2025	1034	73.0
2025	1037	167.0
2025	1046	78.0
2025	1101	512.0
2025	1102	3883.6571428571424
2025	1103	6227.0
2025	1106	1909.0
2025	1108	3921.0
2025	1111	98.0
2025	1112	113.0
2025	1114	107.0
2025	1119	653.0
2025	1120	1242.0
2025	1121	1065.0
2025	1122	610.0
2025	1124	1814.0
2025	1127	638.0
2025	1129	37.34285714285714
2025	1130	486.0
2025	1133	94.0
2025	1134	117.0
2025	1135	118.0
2025	1141	70.21046979865773
2025	1142	152.95852348993287
2025	1144	44.0
2025	1145	49.0
2025	1146	509.0
2025	1149	1378.0
2025	1151	16.0
2025	1160	298.0
2025	1201	10314.0
2025	1211	158.0
2025	1216	245.0
2025	1219	432.0
2025	1221	558.0
2025	1222	132.0
2025	1223	158.0
2025	1224	332.0
2025	1227	28.352941176470594
2025	1228	126.75432525951555
2025	1231	85.89273356401385
2025	1232	35.0
2025	1233	54.0
2025	1234	32.90289256198348
2025	1235	422.09710743801656
2025	1238	208.0
2025	1241	180.71124031007753
2025	1242	79.0
2025	1243	1030.2887596899225
2025	1244	187.0
2025	1245	323.98143236074276
2025	1246	1336.544297082228
2025	1247	1267.0
2025	1251	186.0
2025	1252	19.0
2025	1253	323.0
2025	1256	358.8740573152338
2025	1259	162.47427055702923
2025	1260	183.16666666666666
2025	1263	556.9592760180996
2025	1264	152.0
2025	1265	27.0
2025	1266	53.0
2025	1401	290.2173913043478
2025	1411	95.0
2025	1412	24.0
2025	1413	57.0
2025	1416	143.0
2025	1417	67.0
2025	1418	41.0016694490818
2025	1419	102.50417362270451
2025	1420	470.4941569282137
2025	1421	76.0
2025	1422	113.0
2025	1424	89.0
2025	1426	213.0
2025	1428	90.0
2025	1429	104.0
2025	1430	75.24387397899649
2025	1431	85.99299883313886
2025	1432	426.8938156359393
2025	1433	69.86931155192532
2025	1438	129.0
2025	1439	154.78260869565216
2025	1441	69.75
2025	1443	209.25
2025	1444	42.65656565656566
2025	1445	196.0
2025	1449	194.0
2025	1502	1282.6759581881533
2025	1504	2227.6430420711977
2025	1505	819.0
2025	1506	1438.0
2025	1507	2797.0
2025	1508	2446.0
2025	1511	80.0
2025	1514	87.0
2025	1515	271.0
2025	1516	342.0
2025	1517	201.0
2025	1519	472.34343434343435
2025	1520	286.0
2025	1523	92.32815533980583
2025	1524	73.26315789473684
2025	1525	152.0
2025	1526	42.73684210526316
2025	1528	164.0
2025	1529	206.38058252427183
2025	1531	325.0
2025	1532	302.0
2025	1534	247.11359223300977
2025	1535	309.0
2025	1539	224.0
2025	1543	101.46167247386762
2025	1545	53.8623693379791
2025	1546	23.534627831715213
2025	1547	177.0
2025	1548	365.7441364605544
2025	1551	140.2558635394456
2025	1554	240.0
2025	1557	117.0
2025	1560	129.0
2025	1563	162.0
2025	1566	175.0
2025	1567	65.0
2025	1571	58.994594594594595
2025	1573	72.0
2025	1576	136.0
2025	1577	515.0
2025	1578	116.0
2025	1579	506.0
2025	1580	351.0
2025	1601	9514.0
2025	1612	124.92972972972974
2025	1613	30.075675675675676
2025	1617	243.0938543884626
2025	1620	248.0
2025	1621	243.1853448275862
2025	1622	51.72265731865099
2025	1624	214.14945652173913
2025	1627	202.8146551724138
2025	1630	116.0
2025	1632	29.0
2025	1633	46.0
2025	1634	238.0
2025	1635	112.0
2025	1636	123.9560235740084
2025	1638	440.53435716230314
2025	1640	233.0
2025	1644	49.0
2025	1648	200.0
2025	1653	858.0
2025	1657	419.0
2025	1662	311.4652273933817
2025	1663	777.0
2025	1664	188.0
2025	1665	22.0
2025	1702	662.1337278106508
2025	1703	412.5894736842105
2025	1711	109.0
2025	1714	1014.0
2025	1717	120.0
2025	1718	112.85054347826086
2025	1719	902.0
2025	1721	458.0
2025	1723	37.55555555555556
2025	1724	86.86627218934912
2025	1725	43.157894736842096
2025	1729	300.44444444444446
2025	1736	77.0
2025	1738	44.0
2025	1739	25.0
2025	1740	39.0
2025	1742	88.0
2025	1743	30.0
2025	1744	150.0
2025	1748	36.25263157894736
2025	1749	51.0
2025	1750	151.78054862842896
2025	1751	165.21945137157107
2025	1755	23.0
2025	1756	338.0
2025	1804	1895.0
2025	1805	581.3739612188366
2025	1806	739.0
2025	1811	60.0
2025	1812	92.0
2025	1813	289.0
2025	1815	47.0
2025	1816	16.0
2025	1818	68.0
2025	1820	311.0
2025	1822	105.0
2025	1824	377.0
2025	1825	50.0
2025	1826	28.0
2025	1827	66.0
2025	1828	103.0
2025	1832	138.0
2025	1833	607.0
2025	1834	113.0
2025	1835	24.0
2025	1836	52.0
2025	1837	188.0
2025	1838	137.0
2025	1839	41.0
2025	1840	153.0
2025	1841	321.0
2025	1845	70.0
2025	1848	138.0
2025	1849	108.02950558514358
2025	1850	65.50692520775624
2025	1851	99.0
2025	1852	66.80952380952381
2025	1853	122.0
2025	1854	92.1191135734072
2025	1856	33.0
2025	1857	27.0
2025	1859	84.0
2025	1860	451.0
2025	1865	414.0
2025	1866	369.0
2025	1867	133.0
2025	1868	182.0
2025	1870	475.0
2025	1871	186.0
2025	1874	56.0
2025	1875	180.0
2025	1901	1020.1103678929766
2025	1902	3162.0
2025	1903	1041.0
2025	1911	158.0
2025	1913	163.1904761904762
2025	1915	20.889632107023424
2025	1917	65.0
2025	1919	76.0
2025	1920	39.0
2025	1922	303.0
2025	1923	116.0
2025	1924	494.0
2025	1925	185.0
2025	1926	56.0
2025	1927	66.67808219178083
2025	1928	39.40068493150685
2025	1929	20.205479452054792
2025	1931	463.7157534246575
2025	1933	284.0
2025	1936	115.0
2025	1938	116.0
2025	1939	81.0
2025	1940	90.0
2025	1941	128.0
2025	1942	213.0
2025	1943	75.0
2025	2002	112.0
2025	2003	233.0
2025	2004	475.962962962963
2025	2011	113.0
2025	2012	809.0
2025	2014	53.0
2025	2015	56.0
2025	2017	67.03703703703704
2025	2018	51.0
2025	2019	151.0
2025	2020	209.0
2025	2021	132.0
2025	2022	65.0
2025	2023	48.0
2025	2024	47.0
2025	2025	153.0
2025	2027	49.0
2025	2028	86.0
2025	2030	386.0
2025	3001	1150.0
2025	3002	2573.0
2025	3003	2776.0
2025	3004	3765.0
2025	3005	4753.0
2025	3006	1400.0
2025	3007	1420.0
2025	3011	256.0
2025	3012	83.0
2025	3013	152.0
2025	3014	2239.0
2025	3015	199.0
2025	3016	404.0
2025	3017	522.0
2025	3018	453.0
2025	3019	1306.0
2025	3020	3742.0
2025	3021	2068.0
2025	3022	928.0
2025	3023	1130.0
2025	3024	7383.0
2025	3025	5356.0
2025	3026	897.0
2025	3027	1790.0
2025	3028	802.0
2025	3029	4898.0
2025	3030	6446.0
2025	3031	1290.0
2025	3032	459.0
2025	3033	3654.0
2025	3034	1388.0
2025	3035	1767.0
2025	3036	1125.0
2025	3037	214.0
2025	3038	519.0
2025	3039	47.0
2025	3040	96.0
2025	3041	248.0
2025	3042	139.0
2025	3043	187.0
2025	3044	174.0
2025	3045	144.0
2025	3046	95.0
2025	3047	670.0
2025	3048	1095.0
2025	3049	1536.0
2025	3050	165.0
2025	3051	88.0
2025	3052	111.0
2025	3053	321.0
2025	3054	495.0
2025	3101	1150.0
2025	3103	2573.0
2025	3105	2776.0
2025	3107	3765.0
2025	3110	256.0
2025	3112	522.0
2025	3114	453.0
2025	3116	199.0
2025	3118	2239.0
2025	3120	404.0
2025	3122	152.0
2025	3124	83.0
2025	3201	7383.0
2025	3203	5356.0
2025	3205	6446.0
2025	3207	3742.0
2025	3209	3654.0
2025	3212	1130.0
2025	3214	928.0
2025	3216	1306.0
2025	3218	2068.0
2025	3220	802.0
2025	3222	4898.0
2025	3224	1790.0
2025	3226	897.0
2025	3228	1388.0
2025	3230	459.0
2025	3232	1290.0
2025	3234	495.0
2025	3236	321.0
2025	3238	1125.0
2025	3240	1767.0
2025	3242	214.0
2025	3301	4753.0
2025	3303	1400.0
2025	3305	1420.0
2025	3310	519.0
2025	3312	1536.0
2025	3314	1095.0
2025	3316	670.0
2025	3318	95.0
2025	3320	47.0
2025	3322	96.0
2025	3324	248.0
2025	3326	139.0
2025	3328	187.0
2025	3330	174.0
2025	3332	144.0
2025	3334	165.0
2025	3336	88.0
2025	3338	111.0
2025	3401	824.0
2025	3403	2169.0
2025	3405	2029.0
2025	3407	1758.0
2025	3411	1562.0
2025	3412	390.0
2025	3413	1145.0
2025	3414	223.0
2025	3415	461.0
2025	3416	321.0
2025	3417	231.0
2025	3418	325.0
2025	3419	200.0
2025	3420	1070.0
2025	3421	176.0
2025	3422	321.0
2025	3423	132.0
2025	3424	79.0
2025	3425	41.0
2025	3426	61.0
2025	3427	265.0
2025	3428	96.0
2025	3429	61.0
2025	3430	66.0
2025	3431	104.0
2025	3432	54.0
2025	3433	63.0
2025	3434	83.0
2025	3435	124.0
2025	3436	171.0
2025	3437	161.0
2025	3438	107.0
2025	3439	158.0
2025	3440	216.0
2025	3441	239.0
2025	3442	702.0
2025	3443	642.0
2025	3446	578.0
2025	3447	271.0
2025	3448	237.0
2025	3449	129.0
2025	3450	60.0
2025	3451	210.0
2025	3452	141.0
2025	3453	151.0
2025	3454	75.0
2025	3801	1406.0
2025	3802	1348.0
2025	3803	3453.0
2025	3804	2814.0
2025	3805	1849.0
2025	3806	1873.0
2025	3807	2227.0
2025	3808	484.0
2025	3811	1595.0
2025	3812	109.0
2025	3813	609.0
2025	3814	358.0
2025	3815	152.0
2025	3816	263.0
2025	3817	584.0
2025	3818	218.0
2025	3819	91.0
2025	3820	119.0
2025	3821	103.0
2025	3822	76.0
2025	3823	63.0
2025	3824	81.0
2025	3825	154.0
2025	3901	1406.0
2025	3903	1348.0
2025	3905	3453.0
2025	3907	2814.0
2025	3909	1849.0
2025	3911	1595.0
2025	4001	1873.0
2025	4003	2227.0
2025	4005	484.0
2025	4010	109.0
2025	4012	609.0
2025	4014	358.0
2025	4016	152.0
2025	4018	263.0
2025	4020	584.0
2025	4022	119.0
2025	4024	91.0
2025	4026	218.0
2025	4028	103.0
2025	4030	76.0
2025	4032	63.0
2025	4034	81.0
2025	4036	154.0
2025	4201	267.0
2025	4202	1332.0
2025	4203	1704.0
2025	4204	5111.0
2025	4205	629.0
2025	4206	243.0
2025	4207	296.0
2025	4211	98.0
2025	4212	78.0
2025	4213	330.0
2025	4214	324.0
2025	4215	598.0
2025	4216	240.0
2025	4217	105.0
2025	4218	59.0
2025	4219	176.0
2025	4220	65.0
2025	4221	46.0
2025	4222	58.0
2025	4223	721.0
2025	4224	37.0
2025	4225	373.0
2025	4226	73.0
2025	4227	167.0
2025	4228	78.0
2025	4601	10314.0
2025	4602	445.0
2025	4611	158.0
2025	4612	245.0
2025	4613	432.0
2025	4614	558.0
2025	4615	132.0
2025	4616	158.0
2025	4617	332.0
2025	4618	241.0
2025	4619	35.0
2025	4620	54.0
2025	4621	455.0
2025	4622	208.0
2025	4623	79.0
2025	4624	1211.0
2025	4625	187.0
2025	4626	1823.0
2025	4627	1267.0
2025	4628	186.0
2025	4629	19.0
2025	4630	323.0
2025	4631	1099.0
2025	4632	152.0
2025	4633	27.0
2025	4634	53.0
2025	4635	95.0
2025	4636	24.0
2025	4637	57.0
2025	4638	143.0
2025	4639	67.0
2025	4640	614.0
2025	4641	76.0
2025	4642	113.0
2025	4643	89.0
2025	4644	213.0
2025	4645	90.0
2025	4646	104.0
2025	4647	658.0
2025	4648	129.0
2025	4649	279.0
2025	4650	196.0
2025	4651	194.0
2025	5001	9514.0
2025	5004	662.1337278106508
2025	5005	412.5894736842105
2025	5006	749.0
2025	5007	492.0
2025	5011	124.92972972972974
2025	5012	30.075675675675676
2025	5013	243.0938543884626
2025	5014	248.0
2025	5015	243.1853448275862
2025	5016	51.72265731865099
2025	5017	202.8146551724138
2025	5018	116.0
2025	5019	29.0
2025	5020	46.0
2025	5021	238.0
2025	5022	112.0
2025	5023	123.9560235740084
2025	5024	440.53435716230314
2025	5025	233.0
2025	5026	49.0
2025	5027	200.0
2025	5028	858.0
2025	5029	419.0
2025	5030	311.4652273933817
2025	5031	777.0
2025	5032	188.0
2025	5033	22.0
2025	5034	109.0
2025	5035	1014.0
2025	5036	120.0
2025	5037	902.0
2025	5038	458.0
2025	5039	86.86627218934912
2025	5040	43.157894736842096
2025	5041	77.0
2025	5042	44.0
2025	5043	25.0
2025	5044	39.0
2025	5045	88.0
2025	5046	30.0
2025	5047	150.0
2025	5048	36.25263157894736
2025	5049	51.0
2025	5050	151.78054862842896
2025	5051	165.21945137157107
2025	5052	23.0
2025	5053	338.0
2025	5054	327.0
2025	5055	214.0
2025	5056	286.0
2025	5057	446.0
2025	5058	145.0
2025	5059	653.0
2025	5060	317.0
2025	5061	65.0
2025	5401	3162.0
2025	5402	1041.0
2025	5403	809.0
2025	5404	112.0
2025	5405	233.0
2025	5406	543.0
2025	5411	158.0
2025	5412	230.0
2025	5413	65.0
2025	5414	76.0
2025	5415	39.0
2025	5416	303.0
2025	5417	116.0
2025	5418	494.0
2025	5419	185.0
2025	5420	56.0
2025	5421	590.0
2025	5422	284.0
2025	5423	115.0
2025	5424	116.0
2025	5425	81.0
2025	5426	90.0
2025	5427	128.0
2025	5428	213.0
2025	5429	75.0
2025	5430	113.0
2025	5432	53.0
2025	5433	56.0
2025	5434	51.0
2025	5435	151.0
2025	5436	209.0
2025	5437	132.0
2025	5438	65.0
2025	5439	48.0
2025	5440	47.0
2025	5441	153.0
2025	5442	49.0
2025	5443	86.0
2025	5444	386.0
2025	5501	3162.0
2025	5503	1041.0
2025	5510	158.0
2025	5512	230.0
2025	5514	65.0
2025	5516	76.0
2025	5518	39.0
2025	5520	303.0
2025	5522	116.0
2025	5524	494.0
2025	5526	185.0
2025	5528	56.0
2025	5530	590.0
2025	5532	284.0
2025	5534	115.0
2025	5536	116.0
2025	5538	81.0
2025	5540	90.0
2025	5542	128.0
2025	5544	213.0
2025	5546	75.0
2025	5601	809.0
2025	5603	543.0
2025	5605	386.0
2025	5607	233.0
2025	5610	132.0
2025	5612	113.0
2025	5614	53.0
2025	5616	56.0
2025	5618	51.0
2025	5620	151.0
2025	5622	209.0
2025	5624	65.0
2025	5626	48.0
2025	5628	153.0
2025	5630	47.0
2025	5632	86.0
2025	5634	112.0
2025	5636	49.0
