Year	Code	Value
2011	0101	929.0
2011	0104	1631.0
2011	0105	1866.0
2011	0106	2695.0
2011	0111	258.0
2011	0118	61.0
2011	0119	129.0
2011	0121	30.0
2011	0122	305.0
2011	0123	286.0
2011	0124	866.0
2011	0125	614.0
2011	0127	215.0
2011	0128	363.0
2011	0135	379.0
2011	0136	783.0
2011	0137	350.0
2011	0138	391.0
2011	0211	885.0
2011	0213	1674.0
2011	0214	1233.0
2011	0215	732.0
2011	0216	903.0
2011	0217	1249.0
2011	0219	5613.0
2011	0220	2987.0
2011	0221	642.0
2011	0226	1044.0
2011	0227	700.0
2011	0228	1348.0
2011	0229	616.0
2011	0230	2406.0
2011	0231	3495.0
2011	0233	1155.0
2011	0234	371.0
2011	0235	1940.0
2011	0236	947.0
2011	0237	1065.0
2011	0238	793.0
2011	0239	119.0
2011	0301	28631.0
2011	0402	843.0
2011	0403	1438.0
2011	0412	1125.0
2011	0415	377.0
2011	0417	970.0
2011	0418	151.0
2011	0419	377.0
2011	0420	233.0
2011	0423	245.0
2011	0425	320.0
2011	0426	215.0
2011	0427	784.0
2011	0428	219.0
2011	0429	253.0
2011	0430	175.0
2011	0432	80.0
2011	0434	77.0
2011	0436	78.0
2011	0437	224.0
2011	0438	96.0
2011	0439	52.0
2011	0441	101.0
2011	0501	1411.0
2011	0502	1413.0
2011	0511	137.0
2011	0512	89.0
2011	0513	67.0
2011	0514	70.0
2011	0515	85.0
2011	0516	171.0
2011	0517	245.0
2011	0519	147.0
2011	0520	201.0
2011	0521	230.0
2011	0522	209.0
2011	0528	553.0
2011	0529	559.0
2011	0532	291.0
2011	0533	424.0
2011	0534	512.0
2011	0536	325.0
2011	0538	204.0
2011	0540	124.0
2011	0541	93.0
2011	0542	292.0
2011	0543	120.0
2011	0544	138.0
2011	0545	90.0
2011	0602	3566.0
2011	0604	1009.0
2011	0605	1153.0
2011	0612	359.0
2011	0615	36.0
2011	0616	212.0
2011	0617	218.0
2011	0618	113.0
2011	0619	184.0
2011	0620	245.0
2011	0621	125.0
2011	0622	101.0
2011	0623	508.0
2011	0624	791.0
2011	0625	1307.0
2011	0626	1310.0
2011	0627	1116.0
2011	0628	522.0
2011	0631	125.0
2011	0632	53.0
2011	0633	68.0
2011	0701	1245.0
2011	0702	535.0
2011	0704	2448.0
2011	0706	1768.0
2011	0709	1474.0
2011	0710	2959.0
2011	0711	334.0
2011	0712	1606.0
2011	0713	450.0
2011	0714	190.0
2011	0715	725.0
2011	0716	567.0
2011	0719	396.0
2011	0720	795.0
2011	0722	1308.0
2011	0723	308.0
2011	0728	132.0
2011	0729	1616.0
2011	0805	1822.0
2011	0806	2053.0
2011	0807	415.0
2011	0811	163.0
2011	0814	626.0
2011	0815	309.0
2011	0817	143.0
2011	0819	308.0
2011	0821	378.0
2011	0822	279.0
2011	0826	256.0
2011	0827	61.0
2011	0828	139.0
2011	0829	108.0
2011	0830	57.0
2011	0831	78.0
2011	0833	89.0
2011	0834	128.0
2011	0901	261.0
2011	0904	1023.0
2011	0906	1484.0
2011	0911	146.0
2011	0912	62.0
2011	0914	276.0
2011	0919	281.0
2011	0926	469.0
2011	0928	277.0
2011	0929	89.0
2011	0935	96.0
2011	0937	158.0
2011	0938	71.0
2011	0940	33.0
2011	0941	73.0
2011	1001	3384.0
2011	1002	581.0
2011	1003	280.0
2011	1004	313.0
2011	1014	564.0
2011	1017	341.0
2011	1018	604.0
2011	1021	97.0
2011	1026	46.0
2011	1027	56.0
2011	1029	217.0
2011	1032	310.0
2011	1034	36.0
2011	1037	180.0
2011	1046	83.0
2011	1101	418.0
2011	1102	3322.0
2011	1103	6728.0
2011	1106	1928.0
2011	1108	3374.0
2011	1111	110.0
2011	1112	155.0
2011	1114	90.0
2011	1119	789.0
2011	1120	991.0
2011	1121	847.0
2011	1122	565.0
2011	1124	1685.0
2011	1127	636.0
2011	1129	52.0
2011	1130	352.0
2011	1133	138.0
2011	1134	130.0
2011	1135	136.0
2011	1141	103.0
2011	1142	217.0
2011	1144	20.0
2011	1145	26.0
2011	1146	450.0
2011	1149	1350.0
2011	1151	12.0
2011	1160	247.0
2011	1201	9929.0
2011	1211	109.0
2011	1216	284.0
2011	1219	358.0
2011	1221	659.0
2011	1222	100.0
2011	1223	91.0
2011	1224	362.0
2011	1227	31.0
2011	1228	257.0
2011	1231	161.0
2011	1232	44.0
2011	1233	49.0
2011	1234	49.0
2011	1235	489.0
2011	1238	250.0
2011	1241	163.0
2011	1242	90.0
2011	1243	642.0
2011	1244	134.0
2011	1245	329.0
2011	1246	1136.0
2011	1247	1046.0
2011	1251	143.0
2011	1252	17.0
2011	1253	262.0
2011	1256	379.0
2011	1259	204.0
2011	1260	193.0
2011	1263	667.0
2011	1264	147.0
2011	1265	19.0
2011	1266	46.0
2011	1401	331.0
2011	1411	83.0
2011	1412	47.0
2011	1413	46.0
2011	1416	188.0
2011	1417	60.0
2011	1418	65.0
2011	1419	76.0
2011	1420	372.0
2011	1421	56.0
2011	1422	96.0
2011	1424	152.0
2011	1426	117.0
2011	1428	92.0
2011	1429	98.0
2011	1430	90.0
2011	1431	150.0
2011	1432	670.0
2011	1433	123.0
2011	1438	144.0
2011	1439	171.0
2011	1441	97.0
2011	1443	202.0
2011	1444	34.0
2011	1445	155.0
2011	1449	258.0
2011	1502	1027.0
2011	1504	1828.0
2011	1505	800.0
2011	1506	1176.0
2011	1507	2447.0
2011	1508	2144.1486753657578
2011	1511	126.0
2011	1514	137.0
2011	1515	231.0
2011	1516	322.0
2011	1517	214.0
2011	1519	466.0
2011	1520	302.0
2011	1523	69.0
2011	1524	55.0
2011	1525	143.0
2011	1526	31.0
2011	1528	197.0
2011	1529	210.0
2011	1531	350.0
2011	1532	259.0
2011	1534	297.0
2011	1535	223.0
2011	1539	254.0
2011	1543	90.0
2011	1545	59.0
2011	1546	43.0
2011	1547	132.0
2011	1548	370.0
2011	1551	150.0
2011	1554	209.0
2011	1557	103.0
2011	1560	112.0
2011	1563	312.0
2011	1566	187.0
2011	1567	44.0
2011	1571	72.0
2011	1573	60.0
2011	1576	131.0
2011	1577	500.0
2011	1578	86.0
2011	1579	520.0
2011	1580	302.8513246342429
2011	1601	7976.0
2011	1612	181.0
2011	1613	29.0
2011	1617	191.0
2011	1620	163.0
2011	1621	247.0
2011	1622	82.0
2011	1624	255.0
2011	1627	199.0
2011	1630	56.0
2011	1632	33.0
2011	1633	33.0
2011	1634	201.0
2011	1635	104.0
2011	1636	167.0
2011	1638	441.0
2011	1640	210.0
2011	1644	68.0
2011	1648	202.0
2011	1653	737.0
2011	1657	340.0
2011	1662	393.0
2011	1663	803.0
2011	1664	132.0
2011	1665	24.0
2011	1702	805.0
2011	1703	556.0
2011	1711	96.0
2011	1714	789.0
2011	1717	68.0
2011	1718	120.0
2011	1719	799.0
2011	1721	447.0
2011	1723	44.0
2011	1724	139.0
2011	1725	90.0
2011	1729	300.0
2011	1736	63.0
2011	1738	29.0
2011	1739	33.0
2011	1740	51.0
2011	1742	134.0
2011	1743	46.0
2011	1744	159.0
2011	1748	56.0
2011	1749	34.0
2011	1750	182.0
2011	1751	205.0
2011	1755	27.0
2011	1756	344.0
2011	1804	1854.0
2011	1805	701.0
2011	1806	916.0
2011	1811	70.0
2011	1812	85.0
2011	1813	304.0
2011	1815	40.0
2011	1816	22.0
2011	1818	55.0
2011	1820	313.0
2011	1822	130.0
2011	1824	464.0
2011	1825	89.0
2011	1826	51.0
2011	1827	58.0
2011	1828	162.0
2011	1832	141.0
2011	1833	621.0
2011	1834	75.0
2011	1835	13.0
2011	1836	47.0
2011	1837	263.0
2011	1838	111.0
2011	1839	35.0
2011	1840	243.0
2011	1841	359.0
2011	1845	84.0
2011	1848	107.0
2011	1849	69.0
2011	1850	108.0
2011	1851	121.0
2011	1852	80.0
2011	1853	74.0
2011	1854	107.0
2011	1856	35.0
2011	1857	26.0
2011	1859	41.0
2011	1860	401.0
2011	1865	425.0
2011	1866	330.0
2011	1867	131.0
2011	1868	155.0
2011	1870	396.0
2011	1871	194.0
2011	1874	69.0
2011	1875	177.0
2011	1901	945.0
2011	1902	2918.0
2011	1903	973.0
2011	1911	188.0
2011	1913	176.0
2011	1915	28.0
2011	1917	66.0
2011	1919	49.0
2011	1920	32.0
2011	1922	298.0
2011	1923	128.0
2011	1924	427.0
2011	1925	139.0
2011	1926	58.0
2011	1927	94.0
2011	1928	58.0
2011	1929	71.0
2011	1931	509.0
2011	1933	205.0
2011	1936	147.0
2011	1938	130.0
2011	1939	100.0
2011	1940	62.0
2011	1941	125.0
2011	1942	216.0
2011	1943	54.0
2011	2002	114.0
2011	2003	389.0
2011	2004	597.0
2011	2011	118.0
2011	2012	860.0
2011	2014	45.0
2011	2015	57.0
2011	2017	57.0
2011	2018	58.0
2011	2019	134.0
2011	2020	231.0
2011	2021	140.0
2011	2022	80.0
2011	2023	35.0
2011	2024	52.0
2011	2025	116.0
2011	2027	47.0
2011	2028	94.0
2011	2030	486.0
2011	3001	929.0
2011	3002	2414.0
2011	3003	1866.0
2011	3004	2695.0
2011	3005	5207.0
2011	3006	1009.0
2011	3007	1153.0
2011	3011	258.0
2011	3012	61.0
2011	3013	129.0
2011	3014	2462.0
2011	3015	215.0
2011	3016	363.0
2011	3017	379.0
2011	3018	350.0
2011	3019	885.0
2011	3020	2923.0
2011	3021	1233.0
2011	3022	732.0
2011	3023	903.0
2011	3024	5613.0
2011	3025	4625.0
2011	3026	672.0
2011	3027	1348.0
2011	3028	616.0
2011	3029	2406.0
2011	3030	5239.0
2011	3031	1155.0
2011	3032	371.0
2011	3033	1940.0
2011	3034	947.0
2011	3035	1065.0
2011	3036	793.0
2011	3037	119.0
2011	3038	359.0
2011	3039	36.0
2011	3040	212.0
2011	3041	218.0
2011	3042	113.0
2011	3043	184.0
2011	3044	245.0
2011	3045	125.0
2011	3046	101.0
2011	3047	508.0
2011	3048	791.0
2011	3049	1310.0
2011	3050	125.0
2011	3051	53.0
2011	3052	68.0
2011	3053	291.0
2011	3054	424.0
2011	3101	929.0
2011	3103	2414.0
2011	3105	1866.0
2011	3107	2695.0
2011	3110	258.0
2011	3112	379.0
2011	3114	350.0
2011	3116	215.0
2011	3118	2462.0
2011	3120	363.0
2011	3122	129.0
2011	3124	61.0
2011	3201	5613.0
2011	3203	4625.0
2011	3205	5239.0
2011	3207	2923.0
2011	3209	1940.0
2011	3212	903.0
2011	3214	732.0
2011	3216	885.0
2011	3218	1233.0
2011	3220	616.0
2011	3222	2406.0
2011	3224	1348.0
2011	3226	672.0
2011	3228	947.0
2011	3230	371.0
2011	3232	1155.0
2011	3234	424.0
2011	3236	291.0
2011	3238	793.0
2011	3240	1065.0
2011	3242	119.0
2011	3301	5207.0
2011	3303	1009.0
2011	3305	1153.0
2011	3310	359.0
2011	3312	1310.0
2011	3314	791.0
2011	3316	508.0
2011	3318	101.0
2011	3320	36.0
2011	3322	212.0
2011	3324	218.0
2011	3326	113.0
2011	3328	184.0
2011	3330	245.0
2011	3332	125.0
2011	3334	125.0
2011	3336	53.0
2011	3338	68.0
2011	3401	843.0
2011	3403	1438.0
2011	3405	1411.0
2011	3407	1413.0
2011	3411	1125.0
2011	3412	377.0
2011	3413	970.0
2011	3414	151.0
2011	3415	377.0
2011	3416	233.0
2011	3417	245.0
2011	3418	320.0
2011	3419	215.0
2011	3420	784.0
2011	3421	219.0
2011	3422	253.0
2011	3423	175.0
2011	3424	80.0
2011	3425	77.0
2011	3426	78.0
2011	3427	224.0
2011	3428	96.0
2011	3429	52.0
2011	3430	101.0
2011	3431	137.0
2011	3432	89.0
2011	3433	67.0
2011	3434	70.0
2011	3435	85.0
2011	3436	171.0
2011	3437	245.0
2011	3438	147.0
2011	3439	201.0
2011	3440	230.0
2011	3441	209.0
2011	3442	553.0
2011	3443	559.0
2011	3446	512.0
2011	3447	325.0
2011	3448	204.0
2011	3449	124.0
2011	3450	93.0
2011	3451	292.0
2011	3452	120.0
2011	3453	138.0
2011	3454	90.0
2011	3801	1245.0
2011	3802	1175.0
2011	3803	3015.0
2011	3804	2959.0
2011	3805	1606.0
2011	3806	1822.0
2011	3807	2053.0
2011	3808	415.0
2011	3811	1616.0
2011	3812	163.0
2011	3813	626.0
2011	3814	309.0
2011	3815	143.0
2011	3816	308.0
2011	3817	657.0
2011	3818	256.0
2011	3819	61.0
2011	3820	139.0
2011	3821	108.0
2011	3822	57.0
2011	3823	78.0
2011	3824	89.0
2011	3825	128.0
2011	3901	1245.0
2011	3903	1175.0
2011	3905	3015.0
2011	3907	2959.0
2011	3909	1606.0
2011	3911	1616.0
2011	4001	1822.0
2011	4003	2053.0
2011	4005	415.0
2011	4010	163.0
2011	4012	626.0
2011	4014	309.0
2011	4016	143.0
2011	4018	308.0
2011	4020	657.0
2011	4022	139.0
2011	4024	61.0
2011	4026	256.0
2011	4028	108.0
2011	4030	57.0
2011	4032	78.0
2011	4034	89.0
2011	4036	128.0
2011	4201	261.0
2011	4202	1023.0
2011	4203	1484.0
2011	4204	4329.0
2011	4205	895.0
2011	4206	280.0
2011	4207	313.0
2011	4211	146.0
2011	4212	62.0
2011	4213	276.0
2011	4214	281.0
2011	4215	469.0
2011	4216	277.0
2011	4217	89.0
2011	4218	96.0
2011	4219	158.0
2011	4220	71.0
2011	4221	33.0
2011	4222	73.0
2011	4223	564.0
2011	4224	46.0
2011	4225	366.0
2011	4226	36.0
2011	4227	180.0
2011	4228	83.0
2011	4601	9929.0
2011	4602	502.0
2011	4611	109.0
2011	4612	284.0
2011	4613	358.0
2011	4614	659.0
2011	4615	100.0
2011	4616	91.0
2011	4617	362.0
2011	4618	449.0
2011	4619	44.0
2011	4620	49.0
2011	4621	538.0
2011	4622	250.0
2011	4623	90.0
2011	4624	805.0
2011	4625	134.0
2011	4626	1669.0
2011	4627	1046.0
2011	4628	143.0
2011	4629	17.0
2011	4630	262.0
2011	4631	1239.0
2011	4632	147.0
2011	4633	19.0
2011	4634	46.0
2011	4635	83.0
2011	4636	47.0
2011	4637	46.0
2011	4638	188.0
2011	4639	60.0
2011	4640	513.0
2011	4641	56.0
2011	4642	96.0
2011	4643	152.0
2011	4644	117.0
2011	4645	92.0
2011	4646	98.0
2011	4647	1033.0
2011	4648	144.0
2011	4649	299.0
2011	4650	155.0
2011	4651	258.0
2011	5001	7976.0
2011	5004	805.0
2011	5005	556.0
2011	5006	944.0
2011	5007	702.0
2011	5011	181.0
2011	5012	29.0
2011	5013	191.0
2011	5014	163.0
2011	5015	247.0
2011	5016	82.0
2011	5017	199.0
2011	5018	56.0
2011	5019	33.0
2011	5020	33.0
2011	5021	201.0
2011	5022	104.0
2011	5023	167.0
2011	5024	441.0
2011	5025	210.0
2011	5026	68.0
2011	5027	202.0
2011	5028	737.0
2011	5029	340.0
2011	5030	393.0
2011	5031	803.0
2011	5032	132.0
2011	5033	24.0
2011	5034	96.0
2011	5035	789.0
2011	5036	68.0
2011	5037	799.0
2011	5038	447.0
2011	5039	139.0
2011	5040	90.0
2011	5041	63.0
2011	5042	29.0
2011	5043	33.0
2011	5044	51.0
2011	5045	134.0
2011	5046	46.0
2011	5047	159.0
2011	5048	56.0
2011	5049	34.0
2011	5050	182.0
2011	5051	205.0
2011	5052	27.0
2011	5053	344.0
2011	5054	375.0
2011	5055	282.0
2011	5056	220.0
2011	5057	446.0
2011	5058	89.0
2011	5059	719.0
2011	5060	387.0
2011	5061	44.0
2011	5401	2918.0
2011	5402	973.0
2011	5403	860.0
2011	5404	114.0
2011	5405	389.0
2011	5406	654.0
2011	5411	188.0
2011	5412	256.0
2011	5413	66.0
2011	5414	49.0
2011	5415	32.0
2011	5416	298.0
2011	5417	128.0
2011	5418	427.0
2011	5419	139.0
2011	5420	58.0
2011	5421	732.0
2011	5422	205.0
2011	5423	147.0
2011	5424	130.0
2011	5425	100.0
2011	5426	62.0
2011	5427	125.0
2011	5428	216.0
2011	5429	54.0
2011	5430	118.0
2011	5432	45.0
2011	5433	57.0
2011	5434	58.0
2011	5435	134.0
2011	5436	231.0
2011	5437	140.0
2011	5438	80.0
2011	5439	35.0
2011	5440	52.0
2011	5441	116.0
2011	5442	47.0
2011	5443	94.0
2011	5444	486.0
2011	5501	2918.0
2011	5503	973.0
2011	5510	188.0
2011	5512	256.0
2011	5514	66.0
2011	5516	49.0
2011	5518	32.0
2011	5520	298.0
2011	5522	128.0
2011	5524	427.0
2011	5526	139.0
2011	5528	58.0
2011	5530	732.0
2011	5532	205.0
2011	5534	147.0
2011	5536	130.0
2011	5538	100.0
2011	5540	62.0
2011	5542	125.0
2011	5544	216.0
2011	5546	54.0
2011	5601	860.0
2011	5603	654.0
2011	5605	486.0
2011	5607	389.0
2011	5610	140.0
2011	5612	118.0
2011	5614	45.0
2011	5616	57.0
2011	5618	58.0
2011	5620	134.0
2011	5622	231.0
2011	5624	80.0
2011	5626	35.0
2011	5628	116.0
2011	5630	52.0
2011	5632	94.0
2011	5634	114.0
2011	5636	47.0
2012	0101	934.0
2012	0104	1813.0
2012	0105	2042.0
2012	0106	2603.0
2012	0111	252.0
2012	0118	65.0
2012	0119	127.0
2012	0121	19.0
2012	0122	295.0
2012	0123	334.0
2012	0124	744.0
2012	0125	581.0
2012	0127	241.0
2012	0128	346.0
2012	0135	343.0
2012	0136	842.0
2012	0137	355.0
2012	0138	392.0
2012	0211	883.0
2012	0213	1679.0
2012	0214	1324.0
2012	0215	753.0
2012	0216	911.0
2012	0217	1317.0
2012	0219	5690.0
2012	0220	3149.0
2012	0221	557.0
2012	0226	1208.0
2012	0227	766.0
2012	0228	1334.0
2012	0229	639.0
2012	0230	2327.0
2012	0231	3637.0
2012	0233	1134.0
2012	0234	425.0
2012	0235	2016.0
2012	0236	1030.0
2012	0237	1061.0
2012	0238	738.0
2012	0239	109.0
2012	0301	29517.0
2012	0402	816.0
2012	0403	1501.0
2012	0412	1243.0
2012	0415	413.0
2012	0417	865.0
2012	0418	160.0
2012	0419	402.0
2012	0420	274.0
2012	0423	239.0
2012	0425	332.0
2012	0426	215.0
2012	0427	867.0
2012	0428	249.0
2012	0429	283.0
2012	0430	204.0
2012	0432	85.0
2012	0434	101.0
2012	0436	68.0
2012	0437	233.0
2012	0438	78.0
2012	0439	53.0
2012	0441	78.0
2012	0501	1576.0
2012	0502	1398.0
2012	0511	149.0
2012	0512	74.0
2012	0513	68.0
2012	0514	58.0
2012	0515	115.0
2012	0516	195.0
2012	0517	233.0
2012	0519	115.0
2012	0520	146.0
2012	0521	275.0
2012	0522	250.0
2012	0528	603.0
2012	0529	608.0
2012	0532	335.0
2012	0533	411.0
2012	0534	532.0
2012	0536	331.0
2012	0538	207.0
2012	0540	118.0
2012	0541	121.0
2012	0542	289.0
2012	0543	138.0
2012	0544	126.0
2012	0545	95.0
2012	0602	3914.0
2012	0604	1037.0
2012	0605	1207.0
2012	0612	401.0
2012	0615	44.0
2012	0616	187.0
2012	0617	210.0
2012	0618	139.0
2012	0619	221.0
2012	0620	240.0
2012	0621	102.0
2012	0622	100.0
2012	0623	477.0
2012	0624	855.0
2012	0625	1393.0
2012	0626	1407.0
2012	0627	1127.0
2012	0628	488.0
2012	0631	113.0
2012	0632	56.0
2012	0633	86.0
2012	0701	1240.0
2012	0702	564.0
2012	0704	2605.0
2012	0706	1672.0
2012	0709	1298.0
2012	0710	2856.0
2012	0711	405.0
2012	0712	1426.0
2012	0713	469.0
2012	0714	200.0
2012	0715	764.0
2012	0716	492.0
2012	0719	351.0
2012	0720	833.0
2012	0722	1349.0
2012	0723	332.0
2012	0728	128.0
2012	0729	1681.0
2012	0805	1698.0
2012	0806	2019.0
2012	0807	421.0
2012	0811	146.0
2012	0814	580.0
2012	0815	363.0
2012	0817	119.0
2012	0819	331.0
2012	0821	392.0
2012	0822	205.0
2012	0826	265.0
2012	0827	54.0
2012	0828	153.0
2012	0829	108.0
2012	0830	46.0
2012	0831	41.0
2012	0833	69.0
2012	0834	152.0
2012	0901	279.0
2012	0904	1052.0
2012	0906	1425.0
2012	0911	94.0
2012	0912	85.0
2012	0914	306.0
2012	0919	265.0
2012	0926	431.0
2012	0928	239.0
2012	0929	91.0
2012	0935	100.0
2012	0937	147.0
2012	0938	72.0
2012	0940	73.0
2012	0941	89.0
2012	1001	3377.0
2012	1002	594.0
2012	1003	313.0
2012	1004	262.0
2012	1014	571.0
2012	1017	435.0
2012	1018	549.0
2012	1021	139.0
2012	1026	35.0
2012	1027	58.0
2012	1029	219.0
2012	1032	314.0
2012	1034	63.0
2012	1037	185.0
2012	1046	68.0
2012	1101	395.0
2012	1102	3320.0
2012	1103	7028.0
2012	1106	1926.0
2012	1108	3360.0
2012	1111	105.0
2012	1112	166.0
2012	1114	133.0
2012	1119	754.0
2012	1120	990.0
2012	1121	873.0
2012	1122	571.0
2012	1124	1644.0
2012	1127	611.0
2012	1129	40.0
2012	1130	313.0
2012	1133	134.0
2012	1134	132.0
2012	1135	145.0
2012	1141	112.0
2012	1142	188.0
2012	1144	18.0
2012	1145	38.0
2012	1146	463.0
2012	1149	1239.0
2012	1151	17.0
2012	1160	266.0
2012	1201	9779.0
2012	1211	135.0
2012	1216	252.0
2012	1219	358.0
2012	1221	636.0
2012	1222	101.0
2012	1223	101.0
2012	1224	405.0
2012	1227	38.0
2012	1228	205.0
2012	1231	161.0
2012	1232	39.0
2012	1233	41.0
2012	1234	53.0
2012	1235	434.0
2012	1238	264.0
2012	1241	134.0
2012	1242	86.0
2012	1243	718.0
2012	1244	161.0
2012	1245	338.0
2012	1246	1064.0
2012	1247	1042.0
2012	1251	139.0
2012	1252	18.0
2012	1253	245.0
2012	1256	365.0
2012	1259	217.0
2012	1260	237.0
2012	1263	700.0
2012	1264	129.0
2012	1265	26.0
2012	1266	69.0
2012	1401	378.0
2012	1411	78.0
2012	1412	44.0
2012	1413	56.0
2012	1416	149.0
2012	1417	92.0
2012	1418	63.0
2012	1419	81.0
2012	1420	412.0
2012	1421	91.0
2012	1422	82.0
2012	1424	138.0
2012	1426	196.0
2012	1428	91.0
2012	1429	79.0
2012	1430	111.0
2012	1431	167.0
2012	1432	623.0
2012	1433	141.0
2012	1438	160.0
2012	1439	155.0
2012	1441	122.0
2012	1443	236.0
2012	1444	29.0
2012	1445	151.0
2012	1449	218.0
2012	1502	1069.0
2012	1504	2055.0
2012	1505	861.0
2012	1506	1248.0
2012	1507	2773.0
2012	1508	2429.801502570186
2012	1511	121.0
2012	1514	96.0
2012	1515	246.0
2012	1516	385.0
2012	1517	208.0
2012	1519	466.0
2012	1520	346.0
2012	1523	107.0
2012	1524	71.0
2012	1525	168.0
2012	1526	43.0
2012	1528	237.0
2012	1529	215.0
2012	1531	337.0
2012	1532	305.0
2012	1534	349.0
2012	1535	231.0
2012	1539	214.0
2012	1543	111.0
2012	1545	68.0
2012	1546	47.0
2012	1547	140.0
2012	1548	383.0
2012	1551	149.0
2012	1554	213.0
2012	1557	90.0
2012	1560	128.0
2012	1563	289.0
2012	1566	189.0
2012	1567	63.0
2012	1571	75.0
2012	1573	76.0
2012	1576	117.0
2012	1577	495.0
2012	1578	114.0
2012	1579	532.0
2012	1580	343.1984974298143
2012	1601	7867.0
2012	1612	145.0
2012	1613	36.0
2012	1617	153.0
2012	1620	161.0
2012	1621	228.0
2012	1622	81.0
2012	1624	235.0
2012	1627	195.0
2012	1630	108.0
2012	1632	43.0
2012	1633	39.0
2012	1634	194.0
2012	1635	106.0
2012	1636	160.0
2012	1638	479.0
2012	1640	207.0
2012	1644	42.0
2012	1648	267.0
2012	1653	776.0
2012	1657	361.0
2012	1662	394.0
2012	1663	729.0
2012	1664	160.0
2012	1665	21.0
2012	1702	814.0
2012	1703	641.0
2012	1711	134.0
2012	1714	823.0
2012	1717	101.0
2012	1718	141.0
2012	1719	792.0
2012	1721	410.0
2012	1723	39.395348837209305
2012	1724	137.0
2012	1725	73.0
2012	1729	268.6046511627907
2012	1736	60.0
2012	1738	43.0
2012	1739	20.0
2012	1740	58.0
2012	1742	155.0
2012	1743	33.0
2012	1744	167.0
2012	1748	42.0
2012	1749	38.0
2012	1750	197.0
2012	1751	207.0
2012	1755	25.0
2012	1756	308.0
2012	1804	1832.0
2012	1805	739.0
2012	1806	920.0
2012	1811	59.0
2012	1812	110.0
2012	1813	282.0
2012	1815	48.0
2012	1816	28.0
2012	1818	68.0
2012	1820	386.0
2012	1822	103.0
2012	1824	435.0
2012	1825	51.0
2012	1826	47.0
2012	1827	68.0
2012	1828	131.0
2012	1832	108.0
2012	1833	680.0
2012	1834	105.0
2012	1835	18.0
2012	1836	76.0
2012	1837	298.0
2012	1838	101.0
2012	1839	49.0
2012	1840	206.0
2012	1841	362.0
2012	1845	74.0
2012	1848	112.0
2012	1849	108.0
2012	1850	72.0
2012	1851	156.0
2012	1852	73.0
2012	1853	57.0
2012	1854	109.0
2012	1856	46.0
2012	1857	30.0
2012	1859	49.0
2012	1860	463.0
2012	1865	366.0
2012	1866	373.0
2012	1867	141.0
2012	1868	173.0
2012	1870	411.0
2012	1871	226.0
2012	1874	74.0
2012	1875	180.0
2012	1901	986.0
2012	1902	2791.0
2012	1903	1004.0
2012	1911	192.0
2012	1913	185.0
2012	1915	18.0
2012	1917	45.0
2012	1919	72.0
2012	1920	31.0
2012	1922	270.0
2012	1923	133.0
2012	1924	457.0
2012	1925	186.0
2012	1926	44.0
2012	1927	83.0
2012	1928	65.0
2012	1929	52.0
2012	1931	520.0
2012	1933	160.0
2012	1936	132.0
2012	1938	127.0
2012	1939	88.0
2012	1940	144.0
2012	1941	101.0
2012	1942	193.0
2012	1943	65.0
2012	2002	103.0
2012	2003	392.0
2012	2004	580.0
2012	2011	93.0
2012	2012	806.0
2012	2014	76.0
2012	2015	55.0
2012	2017	73.0
2012	2018	63.0
2012	2019	174.0
2012	2020	195.0
2012	2021	134.0
2012	2022	91.0
2012	2023	67.0
2012	2024	41.0
2012	2025	134.0
2012	2027	52.0
2012	2028	87.0
2012	2030	465.0
2012	3001	934.0
2012	3002	2655.0
2012	3003	2042.0
2012	3004	2603.0
2012	3005	5712.0
2012	3006	1037.0
2012	3007	1207.0
2012	3011	252.0
2012	3012	65.0
2012	3013	127.0
2012	3014	2346.0
2012	3015	241.0
2012	3016	346.0
2012	3017	343.0
2012	3018	355.0
2012	3019	883.0
2012	3020	2996.0
2012	3021	1324.0
2012	3022	753.0
2012	3023	911.0
2012	3024	5690.0
2012	3025	4764.0
2012	3026	576.0
2012	3027	1334.0
2012	3028	639.0
2012	3029	2327.0
2012	3030	5611.0
2012	3031	1134.0
2012	3032	425.0
2012	3033	2016.0
2012	3034	1030.0
2012	3035	1061.0
2012	3036	738.0
2012	3037	109.0
2012	3038	401.0
2012	3039	44.0
2012	3040	187.0
2012	3041	210.0
2012	3042	139.0
2012	3043	221.0
2012	3044	240.0
2012	3045	102.0
2012	3046	100.0
2012	3047	477.0
2012	3048	855.0
2012	3049	1407.0
2012	3050	113.0
2012	3051	56.0
2012	3052	86.0
2012	3053	335.0
2012	3054	411.0
2012	3101	934.0
2012	3103	2655.0
2012	3105	2042.0
2012	3107	2603.0
2012	3110	252.0
2012	3112	343.0
2012	3114	355.0
2012	3116	241.0
2012	3118	2346.0
2012	3120	346.0
2012	3122	127.0
2012	3124	65.0
2012	3201	5690.0
2012	3203	4764.0
2012	3205	5611.0
2012	3207	2996.0
2012	3209	2016.0
2012	3212	911.0
2012	3214	753.0
2012	3216	883.0
2012	3218	1324.0
2012	3220	639.0
2012	3222	2327.0
2012	3224	1334.0
2012	3226	576.0
2012	3228	1030.0
2012	3230	425.0
2012	3232	1134.0
2012	3234	411.0
2012	3236	335.0
2012	3238	738.0
2012	3240	1061.0
2012	3242	109.0
2012	3301	5712.0
2012	3303	1037.0
2012	3305	1207.0
2012	3310	401.0
2012	3312	1407.0
2012	3314	855.0
2012	3316	477.0
2012	3318	100.0
2012	3320	44.0
2012	3322	187.0
2012	3324	210.0
2012	3326	139.0
2012	3328	221.0
2012	3330	240.0
2012	3332	102.0
2012	3334	113.0
2012	3336	56.0
2012	3338	86.0
2012	3401	816.0
2012	3403	1501.0
2012	3405	1576.0
2012	3407	1398.0
2012	3411	1243.0
2012	3412	413.0
2012	3413	865.0
2012	3414	160.0
2012	3415	402.0
2012	3416	274.0
2012	3417	239.0
2012	3418	332.0
2012	3419	215.0
2012	3420	867.0
2012	3421	249.0
2012	3422	283.0
2012	3423	204.0
2012	3424	85.0
2012	3425	101.0
2012	3426	68.0
2012	3427	233.0
2012	3428	78.0
2012	3429	53.0
2012	3430	78.0
2012	3431	149.0
2012	3432	74.0
2012	3433	68.0
2012	3434	58.0
2012	3435	115.0
2012	3436	195.0
2012	3437	233.0
2012	3438	115.0
2012	3439	146.0
2012	3440	275.0
2012	3441	250.0
2012	3442	603.0
2012	3443	608.0
2012	3446	532.0
2012	3447	331.0
2012	3448	207.0
2012	3449	118.0
2012	3450	121.0
2012	3451	289.0
2012	3452	138.0
2012	3453	126.0
2012	3454	95.0
2012	3801	1240.0
2012	3802	1233.0
2012	3803	3097.0
2012	3804	2856.0
2012	3805	1426.0
2012	3806	1698.0
2012	3807	2019.0
2012	3808	421.0
2012	3811	1681.0
2012	3812	146.0
2012	3813	580.0
2012	3814	363.0
2012	3815	119.0
2012	3816	331.0
2012	3817	597.0
2012	3818	265.0
2012	3819	54.0
2012	3820	153.0
2012	3821	108.0
2012	3822	46.0
2012	3823	41.0
2012	3824	69.0
2012	3825	152.0
2012	3901	1240.0
2012	3903	1233.0
2012	3905	3097.0
2012	3907	2856.0
2012	3909	1426.0
2012	3911	1681.0
2012	4001	1698.0
2012	4003	2019.0
2012	4005	421.0
2012	4010	146.0
2012	4012	580.0
2012	4014	363.0
2012	4016	119.0
2012	4018	331.0
2012	4020	597.0
2012	4022	153.0
2012	4024	54.0
2012	4026	265.0
2012	4028	108.0
2012	4030	46.0
2012	4032	41.0
2012	4034	69.0
2012	4036	152.0
2012	4201	279.0
2012	4202	1052.0
2012	4203	1425.0
2012	4204	4361.0
2012	4205	952.0
2012	4206	313.0
2012	4207	262.0
2012	4211	94.0
2012	4212	85.0
2012	4213	306.0
2012	4214	265.0
2012	4215	431.0
2012	4216	239.0
2012	4217	91.0
2012	4218	100.0
2012	4219	147.0
2012	4220	72.0
2012	4221	73.0
2012	4222	89.0
2012	4223	571.0
2012	4224	35.0
2012	4225	372.0
2012	4226	63.0
2012	4227	185.0
2012	4228	68.0
2012	4601	9779.0
2012	4602	533.0
2012	4611	135.0
2012	4612	252.0
2012	4613	358.0
2012	4614	636.0
2012	4615	101.0
2012	4616	101.0
2012	4617	405.0
2012	4618	404.0
2012	4619	39.0
2012	4620	41.0
2012	4621	487.0
2012	4622	264.0
2012	4623	86.0
2012	4624	852.0
2012	4625	161.0
2012	4626	1619.0
2012	4627	1042.0
2012	4628	139.0
2012	4629	18.0
2012	4630	245.0
2012	4631	1302.0
2012	4632	129.0
2012	4633	26.0
2012	4634	69.0
2012	4635	78.0
2012	4636	44.0
2012	4637	56.0
2012	4638	149.0
2012	4639	92.0
2012	4640	556.0
2012	4641	91.0
2012	4642	82.0
2012	4643	138.0
2012	4644	196.0
2012	4645	91.0
2012	4646	79.0
2012	4647	1042.0
2012	4648	160.0
2012	4649	358.0
2012	4650	151.0
2012	4651	218.0
2012	5001	7867.0
2012	5004	814.0
2012	5005	641.0
2012	5006	951.0
2012	5007	756.0
2012	5011	145.0
2012	5012	36.0
2012	5013	153.0
2012	5014	161.0
2012	5015	228.0
2012	5016	81.0
2012	5017	195.0
2012	5018	108.0
2012	5019	43.0
2012	5020	39.0
2012	5021	194.0
2012	5022	106.0
2012	5023	160.0
2012	5024	479.0
2012	5025	207.0
2012	5026	42.0
2012	5027	267.0
2012	5028	776.0
2012	5029	361.0
2012	5030	394.0
2012	5031	729.0
2012	5032	160.0
2012	5033	21.0
2012	5034	134.0
2012	5035	823.0
2012	5036	101.0
2012	5037	792.0
2012	5038	410.0
2012	5039	137.0
2012	5040	73.0
2012	5041	60.0
2012	5042	43.0
2012	5043	20.0
2012	5044	58.0
2012	5045	155.0
2012	5046	33.0
2012	5047	167.0
2012	5048	42.0
2012	5049	38.0
2012	5050	197.0
2012	5051	207.0
2012	5052	25.0
2012	5053	308.0
2012	5054	376.0
2012	5055	256.0
2012	5056	189.0
2012	5057	423.0
2012	5058	151.0
2012	5059	756.0
2012	5060	404.0
2012	5061	63.0
2012	5401	2791.0
2012	5402	1004.0
2012	5403	806.0
2012	5404	103.0
2012	5405	392.0
2012	5406	653.0
2012	5411	192.0
2012	5412	258.0
2012	5413	45.0
2012	5414	72.0
2012	5415	31.0
2012	5416	270.0
2012	5417	133.0
2012	5418	457.0
2012	5419	186.0
2012	5420	44.0
2012	5421	720.0
2012	5422	160.0
2012	5423	132.0
2012	5424	127.0
2012	5425	88.0
2012	5426	144.0
2012	5427	101.0
2012	5428	193.0
2012	5429	65.0
2012	5430	93.0
2012	5432	76.0
2012	5433	55.0
2012	5434	63.0
2012	5435	174.0
2012	5436	195.0
2012	5437	134.0
2012	5438	91.0
2012	5439	67.0
2012	5440	41.0
2012	5441	134.0
2012	5442	52.0
2012	5443	87.0
2012	5444	465.0
2012	5501	2791.0
2012	5503	1004.0
2012	5510	192.0
2012	5512	258.0
2012	5514	45.0
2012	5516	72.0
2012	5518	31.0
2012	5520	270.0
2012	5522	133.0
2012	5524	457.0
2012	5526	186.0
2012	5528	44.0
2012	5530	720.0
2012	5532	160.0
2012	5534	132.0
2012	5536	127.0
2012	5538	88.0
2012	5540	144.0
2012	5542	101.0
2012	5544	193.0
2012	5546	65.0
2012	5601	806.0
2012	5603	653.0
2012	5605	465.0
2012	5607	392.0
2012	5610	134.0
2012	5612	93.0
2012	5614	76.0
2012	5616	55.0
2012	5618	63.0
2012	5620	174.0
2012	5622	195.0
2012	5624	91.0
2012	5626	67.0
2012	5628	134.0
2012	5630	41.0
2012	5632	87.0
2012	5634	103.0
2012	5636	52.0
2013	0101	981.0
2013	0104	1838.0
2013	0105	1933.0
2013	0106	2673.0
2013	0111	219.0
2013	0118	77.0
2013	0119	126.0
2013	0121	34.0
2013	0122	278.0
2013	0123	331.0
2013	0124	827.0
2013	0125	643.0
2013	0127	224.0
2013	0128	351.0
2013	0135	368.0
2013	0136	910.0
2013	0137	366.0
2013	0138	400.0
2013	0211	933.0
2013	0213	1795.0
2013	0214	1324.0
2013	0215	757.0
2013	0216	805.0
2013	0217	1363.0
2013	0219	5860.0
2013	0220	3219.0
2013	0221	630.0
2013	0226	1103.0
2013	0227	665.0
2013	0228	1378.0
2013	0229	661.0
2013	0230	2488.0
2013	0231	3755.0
2013	0233	1134.0
2013	0234	414.0
2013	0235	2224.0
2013	0236	1071.0
2013	0237	1167.0
2013	0238	801.0
2013	0239	156.0
2013	0301	30173.0
2013	0402	814.0
2013	0403	1643.0
2013	0412	1250.0
2013	0415	323.0
2013	0417	837.0
2013	0418	196.0
2013	0419	361.0
2013	0420	264.0
2013	0423	229.0
2013	0425	350.0
2013	0426	181.0
2013	0427	756.0
2013	0428	254.0
2013	0429	263.0
2013	0430	204.0
2013	0432	93.0
2013	0434	90.0
2013	0436	71.0
2013	0437	216.0
2013	0438	81.0
2013	0439	71.0
2013	0441	94.0
2013	0501	1468.0
2013	0502	1498.0
2013	0511	146.0
2013	0512	75.0
2013	0513	61.0
2013	0514	76.0
2013	0515	118.0
2013	0516	235.0
2013	0517	236.0
2013	0519	140.0
2013	0520	206.0
2013	0521	287.0
2013	0522	192.0
2013	0528	612.0
2013	0529	616.0
2013	0532	319.0
2013	0533	459.0
2013	0534	534.0
2013	0536	332.0
2013	0538	203.0
2013	0540	125.0
2013	0541	121.0
2013	0542	272.0
2013	0543	129.0
2013	0544	103.0
2013	0545	102.0
2013	0602	3816.0
2013	0604	993.0
2013	0605	1213.0
2013	0612	376.0
2013	0615	62.0
2013	0616	182.0
2013	0617	220.0
2013	0618	148.0
2013	0619	244.0
2013	0620	195.0
2013	0621	130.0
2013	0622	102.0
2013	0623	535.0
2013	0624	926.0
2013	0625	1407.0
2013	0626	1455.0
2013	0627	1077.0
2013	0628	525.0
2013	0631	127.0
2013	0632	50.0
2013	0633	74.0
2013	0701	1292.0
2013	0702	525.0
2013	0704	2726.0
2013	0706	1637.0
2013	0709	1417.0
2013	0710	2793.0
2013	0711	404.0
2013	0712	1541.0
2013	0713	465.0
2013	0714	179.0
2013	0715	704.0
2013	0716	563.0
2013	0719	340.0
2013	0720	816.0
2013	0722	1218.0
2013	0723	306.0
2013	0728	124.0
2013	0729	1524.0
2013	0805	1778.0
2013	0806	2070.0
2013	0807	445.0
2013	0811	144.0
2013	0814	605.0
2013	0815	453.0
2013	0817	154.0
2013	0819	309.0
2013	0821	388.0
2013	0822	253.0
2013	0826	237.0
2013	0827	54.0
2013	0828	113.0
2013	0829	151.0
2013	0830	58.0
2013	0831	78.0
2013	0833	86.0
2013	0834	135.0
2013	0901	264.0
2013	0904	1175.0
2013	0906	1457.0
2013	0911	98.0
2013	0912	77.0
2013	0914	322.0
2013	0919	314.0
2013	0926	478.0
2013	0928	273.0
2013	0929	94.0
2013	0935	64.0
2013	0937	161.0
2013	0938	86.0
2013	0940	52.0
2013	0941	49.0
2013	1001	3295.0
2013	1002	590.0
2013	1003	286.0
2013	1004	301.0
2013	1014	578.0
2013	1017	420.0
2013	1018	581.0
2013	1021	129.0
2013	1026	20.0
2013	1027	58.0
2013	1029	223.0
2013	1032	291.0
2013	1034	62.0
2013	1037	198.0
2013	1046	76.0
2013	1101	377.0
2013	1102	3558.0
2013	1103	6627.0
2013	1106	1958.0
2013	1108	3621.0
2013	1111	96.0
2013	1112	133.0
2013	1114	105.0
2013	1119	737.0
2013	1120	1141.0
2013	1121	921.0
2013	1122	515.0
2013	1124	1779.0
2013	1127	631.0
2013	1129	63.0
2013	1130	410.0
2013	1133	115.0
2013	1134	136.0
2013	1135	144.0
2013	1141	142.0
2013	1142	219.0
2013	1144	21.0
2013	1145	43.0
2013	1146	466.0
2013	1149	1237.0
2013	1151	11.0
2013	1160	263.0
2013	1201	9899.0
2013	1211	142.0
2013	1216	272.0
2013	1219	366.0
2013	1221	653.0
2013	1222	109.0
2013	1223	86.0
2013	1224	425.0
2013	1227	33.0
2013	1228	224.0
2013	1231	139.0
2013	1232	52.0
2013	1233	63.0
2013	1234	29.0
2013	1235	420.0
2013	1238	282.0
2013	1241	117.0
2013	1242	103.0
2013	1243	711.0
2013	1244	131.0
2013	1245	325.0
2013	1246	1162.0
2013	1247	1088.0
2013	1251	143.0
2013	1252	24.0
2013	1253	245.0
2013	1256	402.0
2013	1259	203.0
2013	1260	215.0
2013	1263	642.0
2013	1264	149.0
2013	1265	17.0
2013	1266	52.0
2013	1401	405.0
2013	1411	65.0
2013	1412	40.0
2013	1413	62.0
2013	1416	160.0
2013	1417	98.0
2013	1418	60.0
2013	1419	81.0
2013	1420	428.0
2013	1421	72.0
2013	1422	54.0
2013	1424	146.0
2013	1426	180.0
2013	1428	109.0
2013	1429	93.0
2013	1430	130.0
2013	1431	189.0
2013	1432	704.0
2013	1433	96.0
2013	1438	166.0
2013	1439	199.0
2013	1441	80.0
2013	1443	218.0
2013	1444	41.0
2013	1445	139.0
2013	1449	236.0
2013	1502	1131.0
2013	1504	2145.0
2013	1505	847.0
2013	1506	1295.0
2013	1507	2866.0
2013	1508	2511.2914195334124
2013	1511	81.0
2013	1514	114.0
2013	1515	322.0
2013	1516	388.0
2013	1517	244.0
2013	1519	515.0
2013	1520	311.0
2013	1523	120.0
2013	1524	105.0
2013	1525	165.0
2013	1526	54.0
2013	1528	209.0
2013	1529	206.0
2013	1531	314.0
2013	1532	280.0
2013	1534	359.0
2013	1535	274.0
2013	1539	230.0
2013	1543	98.0
2013	1545	66.0
2013	1546	36.0
2013	1547	133.0
2013	1548	389.0
2013	1551	154.0
2013	1554	214.0
2013	1557	101.0
2013	1560	192.0
2013	1563	345.0
2013	1566	163.0
2013	1567	57.0
2013	1571	60.0
2013	1573	65.0
2013	1576	140.0
2013	1577	556.0
2013	1578	159.0
2013	1579	543.0
2013	1580	354.70858046658776
2013	1601	8207.0
2013	1612	182.0
2013	1613	45.0
2013	1617	190.0
2013	1620	174.0
2013	1621	234.0
2013	1622	53.0
2013	1624	259.0
2013	1627	191.0
2013	1630	144.0
2013	1632	48.0
2013	1633	40.0
2013	1634	228.0
2013	1635	89.0
2013	1636	193.0
2013	1638	451.0
2013	1640	192.0
2013	1644	43.0
2013	1648	195.0
2013	1653	830.0
2013	1657	411.0
2013	1662	384.0
2013	1663	745.0
2013	1664	153.0
2013	1665	39.0
2013	1702	784.0
2013	1703	588.0
2013	1711	121.0
2013	1714	833.0
2013	1717	93.0
2013	1718	124.0
2013	1719	791.0
2013	1721	515.0
2013	1723	40.16279069767442
2013	1724	376.0
2013	1725	71.0
2013	1729	273.83720930232556
2013	1736	49.0
2013	1738	39.0
2013	1739	19.0
2013	1740	32.0
2013	1742	201.0
2013	1743	37.0
2013	1744	158.0
2013	1748	43.0
2013	1749	55.0
2013	1750	202.0
2013	1751	221.0
2013	1755	29.0
2013	1756	314.0
2013	1804	1888.0
2013	1805	747.0
2013	1806	930.0
2013	1811	77.0
2013	1812	80.0
2013	1813	294.0
2013	1815	47.0
2013	1816	19.0
2013	1818	86.0
2013	1820	391.0
2013	1822	114.0
2013	1824	421.0
2013	1825	55.0
2013	1826	70.0
2013	1827	65.0
2013	1828	174.0
2013	1832	182.0
2013	1833	628.0
2013	1834	102.0
2013	1835	34.0
2013	1836	61.0
2013	1837	285.0
2013	1838	96.0
2013	1839	29.0
2013	1840	241.0
2013	1841	361.0
2013	1845	91.0
2013	1848	104.0
2013	1849	63.0
2013	1850	70.0
2013	1851	170.0
2013	1852	98.0
2013	1853	59.0
2013	1854	113.0
2013	1856	24.0
2013	1857	18.0
2013	1859	67.0
2013	1860	410.0
2013	1865	417.0
2013	1866	388.0
2013	1867	85.0
2013	1868	162.0
2013	1870	425.0
2013	1871	217.0
2013	1874	54.0
2013	1875	133.0
2013	1901	1075.3685258964144
2013	1902	2819.0
2013	1903	1095.0
2013	1911	214.0
2013	1913	168.0
2013	1915	19.63147410358566
2013	1917	51.0
2013	1919	42.0
2013	1920	45.0
2013	1922	309.0
2013	1923	170.0
2013	1924	485.0
2013	1925	152.0
2013	1926	46.0
2013	1927	91.0
2013	1928	58.0
2013	1929	62.0
2013	1931	530.0
2013	1933	202.0
2013	1936	97.0
2013	1938	124.0
2013	1939	106.0
2013	1940	109.0
2013	1941	146.0
2013	1942	185.0
2013	1943	60.0
2013	2002	119.0
2013	2003	364.0
2013	2004	536.0
2013	2011	116.0
2013	2012	850.0
2013	2014	82.0
2013	2015	72.0
2013	2017	70.0
2013	2018	49.0
2013	2019	139.0
2013	2020	173.0
2013	2021	129.0
2013	2022	66.0
2013	2023	68.0
2013	2024	39.0
2013	2025	127.0
2013	2027	29.0
2013	2028	106.0
2013	2030	436.0
2013	3001	981.0
2013	3002	2748.0
2013	3003	1933.0
2013	3004	2673.0
2013	3005	5627.0
2013	3006	993.0
2013	3007	1213.0
2013	3011	219.0
2013	3012	77.0
2013	3013	126.0
2013	3014	2479.0
2013	3015	224.0
2013	3016	351.0
2013	3017	368.0
2013	3018	366.0
2013	3019	933.0
2013	3020	3158.0
2013	3021	1324.0
2013	3022	757.0
2013	3023	805.0
2013	3024	5860.0
2013	3025	4821.0
2013	3026	664.0
2013	3027	1378.0
2013	3028	661.0
2013	3029	2488.0
2013	3030	5523.0
2013	3031	1134.0
2013	3032	414.0
2013	3033	2224.0
2013	3034	1071.0
2013	3035	1167.0
2013	3036	801.0
2013	3037	156.0
2013	3038	376.0
2013	3039	62.0
2013	3040	182.0
2013	3041	220.0
2013	3042	148.0
2013	3043	244.0
2013	3044	195.0
2013	3045	130.0
2013	3046	102.0
2013	3047	535.0
2013	3048	926.0
2013	3049	1455.0
2013	3050	127.0
2013	3051	50.0
2013	3052	74.0
2013	3053	319.0
2013	3054	459.0
2013	3101	981.0
2013	3103	2748.0
2013	3105	1933.0
2013	3107	2673.0
2013	3110	219.0
2013	3112	368.0
2013	3114	366.0
2013	3116	224.0
2013	3118	2479.0
2013	3120	351.0
2013	3122	126.0
2013	3124	77.0
2013	3201	5860.0
2013	3203	4821.0
2013	3205	5523.0
2013	3207	3158.0
2013	3209	2224.0
2013	3212	805.0
2013	3214	757.0
2013	3216	933.0
2013	3218	1324.0
2013	3220	661.0
2013	3222	2488.0
2013	3224	1378.0
2013	3226	664.0
2013	3228	1071.0
2013	3230	414.0
2013	3232	1134.0
2013	3234	459.0
2013	3236	319.0
2013	3238	801.0
2013	3240	1167.0
2013	3242	156.0
2013	3301	5627.0
2013	3303	993.0
2013	3305	1213.0
2013	3310	376.0
2013	3312	1455.0
2013	3314	926.0
2013	3316	535.0
2013	3318	102.0
2013	3320	62.0
2013	3322	182.0
2013	3324	220.0
2013	3326	148.0
2013	3328	244.0
2013	3330	195.0
2013	3332	130.0
2013	3334	127.0
2013	3336	50.0
2013	3338	74.0
2013	3401	814.0
2013	3403	1643.0
2013	3405	1468.0
2013	3407	1498.0
2013	3411	1250.0
2013	3412	323.0
2013	3413	837.0
2013	3414	196.0
2013	3415	361.0
2013	3416	264.0
2013	3417	229.0
2013	3418	350.0
2013	3419	181.0
2013	3420	756.0
2013	3421	254.0
2013	3422	263.0
2013	3423	204.0
2013	3424	93.0
2013	3425	90.0
2013	3426	71.0
2013	3427	216.0
2013	3428	81.0
2013	3429	71.0
2013	3430	94.0
2013	3431	146.0
2013	3432	75.0
2013	3433	61.0
2013	3434	76.0
2013	3435	118.0
2013	3436	235.0
2013	3437	236.0
2013	3438	140.0
2013	3439	206.0
2013	3440	287.0
2013	3441	192.0
2013	3442	612.0
2013	3443	616.0
2013	3446	534.0
2013	3447	332.0
2013	3448	203.0
2013	3449	125.0
2013	3450	121.0
2013	3451	272.0
2013	3452	129.0
2013	3453	103.0
2013	3454	102.0
2013	3801	1292.0
2013	3802	1169.0
2013	3803	3289.0
2013	3804	2793.0
2013	3805	1541.0
2013	3806	1778.0
2013	3807	2070.0
2013	3808	445.0
2013	3811	1524.0
2013	3812	144.0
2013	3813	605.0
2013	3814	453.0
2013	3815	154.0
2013	3816	309.0
2013	3817	641.0
2013	3818	237.0
2013	3819	54.0
2013	3820	113.0
2013	3821	151.0
2013	3822	58.0
2013	3823	78.0
2013	3824	86.0
2013	3825	135.0
2013	3901	1292.0
2013	3903	1169.0
2013	3905	3289.0
2013	3907	2793.0
2013	3909	1541.0
2013	3911	1524.0
2013	4001	1778.0
2013	4003	2070.0
2013	4005	445.0
2013	4010	144.0
2013	4012	605.0
2013	4014	453.0
2013	4016	154.0
2013	4018	309.0
2013	4020	641.0
2013	4022	113.0
2013	4024	54.0
2013	4026	237.0
2013	4028	151.0
2013	4030	58.0
2013	4032	78.0
2013	4034	86.0
2013	4036	135.0
2013	4201	264.0
2013	4202	1175.0
2013	4203	1457.0
2013	4204	4296.0
2013	4205	942.0
2013	4206	286.0
2013	4207	301.0
2013	4211	98.0
2013	4212	77.0
2013	4213	322.0
2013	4214	314.0
2013	4215	478.0
2013	4216	273.0
2013	4217	94.0
2013	4218	64.0
2013	4219	161.0
2013	4220	86.0
2013	4221	52.0
2013	4222	49.0
2013	4223	578.0
2013	4224	20.0
2013	4225	349.0
2013	4226	62.0
2013	4227	198.0
2013	4228	76.0
2013	4601	9899.0
2013	4602	604.0
2013	4611	142.0
2013	4612	272.0
2013	4613	366.0
2013	4614	653.0
2013	4615	109.0
2013	4616	86.0
2013	4617	425.0
2013	4618	396.0
2013	4619	52.0
2013	4620	63.0
2013	4621	449.0
2013	4622	282.0
2013	4623	103.0
2013	4624	828.0
2013	4625	131.0
2013	4626	1690.0
2013	4627	1088.0
2013	4628	143.0
2013	4629	24.0
2013	4630	245.0
2013	4631	1259.0
2013	4632	149.0
2013	4633	17.0
2013	4634	52.0
2013	4635	65.0
2013	4636	40.0
2013	4637	62.0
2013	4638	160.0
2013	4639	98.0
2013	4640	569.0
2013	4641	72.0
2013	4642	54.0
2013	4643	146.0
2013	4644	180.0
2013	4645	109.0
2013	4646	93.0
2013	4647	1119.0
2013	4648	166.0
2013	4649	298.0
2013	4650	139.0
2013	4651	236.0
2013	5001	8207.0
2013	5004	784.0
2013	5005	588.0
2013	5006	1160.0
2013	5007	702.0
2013	5011	182.0
2013	5012	45.0
2013	5013	190.0
2013	5014	174.0
2013	5015	234.0
2013	5016	53.0
2013	5017	191.0
2013	5018	144.0
2013	5019	48.0
2013	5020	40.0
2013	5021	228.0
2013	5022	89.0
2013	5023	193.0
2013	5024	451.0
2013	5025	192.0
2013	5026	43.0
2013	5027	195.0
2013	5028	830.0
2013	5029	411.0
2013	5030	384.0
2013	5031	745.0
2013	5032	153.0
2013	5033	39.0
2013	5034	121.0
2013	5035	833.0
2013	5036	93.0
2013	5037	791.0
2013	5038	515.0
2013	5039	376.0
2013	5040	71.0
2013	5041	49.0
2013	5042	39.0
2013	5043	19.0
2013	5044	32.0
2013	5045	201.0
2013	5046	37.0
2013	5047	158.0
2013	5048	43.0
2013	5049	55.0
2013	5050	202.0
2013	5051	221.0
2013	5052	29.0
2013	5053	314.0
2013	5054	383.0
2013	5055	287.0
2013	5056	235.0
2013	5057	425.0
2013	5058	192.0
2013	5059	742.0
2013	5060	423.0
2013	5061	57.0
2013	5401	2819.0
2013	5402	1095.0
2013	5403	850.0
2013	5404	119.0
2013	5405	364.0
2013	5406	606.0
2013	5411	214.0
2013	5412	266.0
2013	5413	51.0
2013	5414	42.0
2013	5415	45.0
2013	5416	309.0
2013	5417	170.0
2013	5418	485.0
2013	5419	152.0
2013	5420	46.0
2013	5421	741.0
2013	5422	202.0
2013	5423	97.0
2013	5424	124.0
2013	5425	106.0
2013	5426	109.0
2013	5427	146.0
2013	5428	185.0
2013	5429	60.0
2013	5430	116.0
2013	5432	82.0
2013	5433	72.0
2013	5434	49.0
2013	5435	139.0
2013	5436	173.0
2013	5437	129.0
2013	5438	66.0
2013	5439	68.0
2013	5440	39.0
2013	5441	127.0
2013	5442	29.0
2013	5443	106.0
2013	5444	436.0
2013	5501	2819.0
2013	5503	1095.0
2013	5510	214.0
2013	5512	266.0
2013	5514	51.0
2013	5516	42.0
2013	5518	45.0
2013	5520	309.0
2013	5522	170.0
2013	5524	485.0
2013	5526	152.0
2013	5528	46.0
2013	5530	741.0
2013	5532	202.0
2013	5534	97.0
2013	5536	124.0
2013	5538	106.0
2013	5540	109.0
2013	5542	146.0
2013	5544	185.0
2013	5546	60.0
2013	5601	850.0
2013	5603	606.0
2013	5605	436.0
2013	5607	364.0
2013	5610	129.0
2013	5612	116.0
2013	5614	82.0
2013	5616	72.0
2013	5618	49.0
2013	5620	139.0
2013	5622	173.0
2013	5624	66.0
2013	5626	68.0
2013	5628	127.0
2013	5630	39.0
2013	5632	106.0
2013	5634	119.0
2013	5636	29.0
2014	0101	1043.0
2014	0104	1792.0
2014	0105	2151.0
2014	0106	2974.0
2014	0111	261.0
2014	0118	53.0
2014	0119	150.0
2014	0121	33.0
2014	0122	336.0
2014	0123	391.0
2014	0124	912.0
2014	0125	686.0
2014	0127	218.0
2014	0128	400.0
2014	0135	437.0
2014	0136	902.0
2014	0137	370.0
2014	0138	403.0
2014	0211	927.0
2014	0213	1746.0
2014	0214	1386.0
2014	0215	851.0
2014	0216	965.0
2014	0217	1308.0
2014	0219	5859.0
2014	0220	3094.0
2014	0221	713.0
2014	0226	1189.0
2014	0227	703.0
2014	0228	1346.0
2014	0229	636.0
2014	0230	2467.0
2014	0231	3806.0
2014	0233	1205.0
2014	0234	400.0
2014	0235	2117.0
2014	0236	1017.0
2014	0237	1139.0
2014	0238	806.0
2014	0239	143.0
2014	0301	29488.0
2014	0402	860.0
2014	0403	1585.0
2014	0412	1203.0
2014	0415	378.0
2014	0417	1016.0
2014	0418	153.0
2014	0419	418.0
2014	0420	309.0
2014	0423	303.0
2014	0425	372.0
2014	0426	152.0
2014	0427	829.0
2014	0428	225.0
2014	0429	340.0
2014	0430	298.0
2014	0432	75.0
2014	0434	101.0
2014	0436	68.0
2014	0437	217.0
2014	0438	83.0
2014	0439	66.0
2014	0441	90.0
2014	0501	1490.0
2014	0502	1458.0
2014	0511	126.0
2014	0512	67.0
2014	0513	55.0
2014	0514	76.0
2014	0515	90.0
2014	0516	203.0
2014	0517	237.0
2014	0519	142.0
2014	0520	206.0
2014	0521	273.0
2014	0522	229.0
2014	0528	616.0
2014	0529	619.0
2014	0532	294.0
2014	0533	492.0
2014	0534	486.0
2014	0536	292.0
2014	0538	215.0
2014	0540	172.0
2014	0541	130.0
2014	0542	322.0
2014	0543	116.0
2014	0544	136.0
2014	0545	99.0
2014	0602	3846.0
2014	0604	1062.0
2014	0605	1264.0
2014	0612	419.0
2014	0615	43.0
2014	0616	183.0
2014	0617	227.0
2014	0618	141.0
2014	0619	200.0
2014	0620	199.0
2014	0621	132.0
2014	0622	87.0
2014	0623	558.0
2014	0624	941.0
2014	0625	1374.0
2014	0626	1450.0
2014	0627	1078.0
2014	0628	523.0
2014	0631	171.0
2014	0632	75.0
2014	0633	87.0
2014	0701	1269.0
2014	0702	509.0
2014	0704	2780.0
2014	0706	1767.0
2014	0709	1495.0
2014	0710	2934.0
2014	0711	417.0
2014	0712	1640.0
2014	0713	514.0
2014	0714	194.0
2014	0715	703.0
2014	0716	571.0
2014	0719	340.0
2014	0720	827.0
2014	0722	1340.0
2014	0723	310.0
2014	0728	145.0
2014	0729	1650.0
2014	0805	1738.0
2014	0806	2189.0
2014	0807	492.0
2014	0811	183.0
2014	0814	669.0
2014	0815	400.0
2014	0817	148.0
2014	0819	326.0
2014	0821	369.0
2014	0822	209.0
2014	0826	275.0
2014	0827	73.0
2014	0828	122.0
2014	0829	88.0
2014	0830	79.0
2014	0831	54.0
2014	0833	74.0
2014	0834	148.0
2014	0901	284.0
2014	0904	1099.0
2014	0906	1528.0
2014	0911	123.0
2014	0912	80.0
2014	0914	296.0
2014	0919	292.0
2014	0926	465.0
2014	0928	282.0
2014	0929	78.0
2014	0935	84.0
2014	0937	122.0
2014	0938	64.0
2014	0940	58.0
2014	0941	47.0
2014	1001	3477.0
2014	1002	595.0
2014	1003	325.0
2014	1004	286.0
2014	1014	633.0
2014	1017	465.0
2014	1018	496.0
2014	1021	147.0
2014	1026	30.0
2014	1027	60.0
2014	1029	222.0
2014	1032	297.0
2014	1034	51.0
2014	1037	163.0
2014	1046	57.0
2014	1101	469.0
2014	1102	3785.0
2014	1103	6622.0
2014	1106	1918.0
2014	1108	3848.0
2014	1111	93.0
2014	1112	157.0
2014	1114	126.0
2014	1119	750.0
2014	1120	1157.0
2014	1121	1006.0
2014	1122	584.0
2014	1124	1757.0
2014	1127	698.0
2014	1129	63.0
2014	1130	439.0
2014	1133	123.0
2014	1134	129.0
2014	1135	132.0
2014	1141	128.0
2014	1142	294.0
2014	1144	41.0
2014	1145	37.0
2014	1146	464.0
2014	1149	1394.0
2014	1151	20.0
2014	1160	291.0
2014	1201	10137.0
2014	1211	101.0
2014	1216	294.0
2014	1219	388.0
2014	1221	614.0
2014	1222	97.0
2014	1223	79.0
2014	1224	351.0
2014	1227	27.0
2014	1228	248.0
2014	1231	128.0
2014	1232	36.0
2014	1233	36.0
2014	1234	38.0
2014	1235	385.0
2014	1238	316.0
2014	1241	124.0
2014	1242	110.0
2014	1243	784.0
2014	1244	126.0
2014	1245	356.0
2014	1246	1182.0
2014	1247	1123.0
2014	1251	160.0
2014	1252	8.0
2014	1253	271.0
2014	1256	431.0
2014	1259	264.0
2014	1260	240.0
2014	1263	711.0
2014	1264	153.0
2014	1265	17.0
2014	1266	51.0
2014	1401	374.0
2014	1411	57.0
2014	1412	53.0
2014	1413	46.0
2014	1416	139.0
2014	1417	51.0
2014	1418	43.0
2014	1419	84.0
2014	1420	438.0
2014	1421	47.0
2014	1422	93.0
2014	1424	210.0
2014	1426	192.0
2014	1428	77.0
2014	1429	85.0
2014	1430	90.0
2014	1431	164.0
2014	1432	617.0
2014	1433	135.0
2014	1438	179.0
2014	1439	193.0
2014	1441	94.0
2014	1443	173.0
2014	1444	33.0
2014	1445	164.0
2014	1449	248.0
2014	1502	1066.0
2014	1504	2072.0
2014	1505	893.0
2014	1506	1249.0
2014	1507	2743.0
2014	1508	2403.5144325820484
2014	1511	113.0
2014	1514	125.0
2014	1515	293.0
2014	1516	367.0
2014	1517	224.0
2014	1519	519.0
2014	1520	332.0
2014	1523	120.0
2014	1524	48.0
2014	1525	133.0
2014	1526	45.0
2014	1528	214.0
2014	1529	215.0
2014	1531	293.0
2014	1532	297.0
2014	1534	289.0
2014	1535	283.0
2014	1539	238.0
2014	1543	116.0
2014	1545	67.0
2014	1546	47.0
2014	1547	133.0
2014	1548	422.0
2014	1551	144.0
2014	1554	193.0
2014	1557	110.0
2014	1560	140.0
2014	1563	341.0
2014	1566	151.0
2014	1567	66.0
2014	1571	63.0
2014	1573	52.0
2014	1576	124.0
2014	1577	552.0
2014	1578	93.0
2014	1579	566.0
2014	1580	339.4855674179519
2014	1601	8010.0
2014	1612	167.0
2014	1613	38.0
2014	1617	242.0
2014	1620	169.0
2014	1621	260.0
2014	1622	71.0
2014	1624	229.0
2014	1627	215.0
2014	1630	104.0
2014	1632	44.0
2014	1633	32.0
2014	1634	227.0
2014	1635	92.0
2014	1636	184.0
2014	1638	422.0
2014	1640	186.0
2014	1644	57.0
2014	1648	246.0
2014	1653	819.0
2014	1657	397.0
2014	1662	395.0
2014	1663	879.0
2014	1664	125.0
2014	1665	27.0
2014	1702	842.0
2014	1703	672.0
2014	1711	114.0
2014	1714	812.0
2014	1717	128.0
2014	1718	131.0
2014	1719	806.0
2014	1721	494.0
2014	1723	39.77906976744186
2014	1724	111.0
2014	1725	89.0
2014	1729	271.2209302325581
2014	1736	68.0
2014	1738	40.0
2014	1739	27.0
2014	1740	51.0
2014	1742	167.0
2014	1743	32.0
2014	1744	176.0
2014	1748	36.0
2014	1749	40.0
2014	1750	183.0
2014	1751	205.0
2014	1755	19.0
2014	1756	311.0
2014	1804	1966.0
2014	1805	715.0
2014	1806	926.0
2014	1811	66.0
2014	1812	78.0
2014	1813	305.0
2014	1815	49.0
2014	1816	17.0
2014	1818	77.0
2014	1820	356.0
2014	1822	130.0
2014	1824	454.0
2014	1825	44.0
2014	1826	94.0
2014	1827	56.0
2014	1828	195.0
2014	1832	190.0
2014	1833	621.0
2014	1834	59.0
2014	1835	27.0
2014	1836	71.0
2014	1837	268.0
2014	1838	111.0
2014	1839	46.0
2014	1840	257.0
2014	1841	357.0
2014	1845	92.0
2014	1848	144.0
2014	1849	99.0
2014	1850	85.0
2014	1851	221.0
2014	1852	63.0
2014	1853	79.0
2014	1854	126.0
2014	1856	35.0
2014	1857	26.0
2014	1859	63.0
2014	1860	373.0
2014	1865	369.0
2014	1866	418.0
2014	1867	95.0
2014	1868	213.0
2014	1870	428.0
2014	1871	249.0
2014	1874	72.0
2014	1875	184.0
2014	1901	982.0717131474105
2014	1902	3023.0
2014	1903	1000.0
2014	1911	252.0
2014	1913	158.0
2014	1915	17.928286852589643
2014	1917	64.0
2014	1919	61.0
2014	1920	40.0
2014	1922	347.0
2014	1923	163.0
2014	1924	414.0
2014	1925	202.0
2014	1926	50.0
2014	1927	75.0
2014	1928	46.0
2014	1929	52.0
2014	1931	638.0
2014	1933	211.0
2014	1936	153.0
2014	1938	129.0
2014	1939	141.0
2014	1940	131.0
2014	1941	121.0
2014	1942	178.0
2014	1943	59.0
2014	2002	85.0
2014	2003	380.0
2014	2004	542.0
2014	2011	142.0
2014	2012	856.0
2014	2014	64.0
2014	2015	74.0
2014	2017	93.0
2014	2018	58.0
2014	2019	127.0
2014	2020	207.0
2014	2021	105.0
2014	2022	63.0
2014	2023	74.0
2014	2024	84.0
2014	2025	122.0
2014	2027	36.0
2014	2028	82.0
2014	2030	434.0
2014	3001	1043.0
2014	3002	2694.0
2014	3003	2151.0
2014	3004	2974.0
2014	3005	5637.0
2014	3006	1062.0
2014	3007	1264.0
2014	3011	261.0
2014	3012	53.0
2014	3013	150.0
2014	3014	2728.0
2014	3015	218.0
2014	3016	400.0
2014	3017	437.0
2014	3018	370.0
2014	3019	927.0
2014	3020	3054.0
2014	3021	1386.0
2014	3022	851.0
2014	3023	965.0
2014	3024	5859.0
2014	3025	4695.0
2014	3026	746.0
2014	3027	1346.0
2014	3028	636.0
2014	3029	2467.0
2014	3030	5698.0
2014	3031	1205.0
2014	3032	400.0
2014	3033	2117.0
2014	3034	1017.0
2014	3035	1139.0
2014	3036	806.0
2014	3037	143.0
2014	3038	419.0
2014	3039	43.0
2014	3040	183.0
2014	3041	227.0
2014	3042	141.0
2014	3043	200.0
2014	3044	199.0
2014	3045	132.0
2014	3046	87.0
2014	3047	558.0
2014	3048	941.0
2014	3049	1450.0
2014	3050	171.0
2014	3051	75.0
2014	3052	87.0
2014	3053	294.0
2014	3054	492.0
2014	3101	1043.0
2014	3103	2694.0
2014	3105	2151.0
2014	3107	2974.0
2014	3110	261.0
2014	3112	437.0
2014	3114	370.0
2014	3116	218.0
2014	3118	2728.0
2014	3120	400.0
2014	3122	150.0
2014	3124	53.0
2014	3201	5859.0
2014	3203	4695.0
2014	3205	5698.0
2014	3207	3054.0
2014	3209	2117.0
2014	3212	965.0
2014	3214	851.0
2014	3216	927.0
2014	3218	1386.0
2014	3220	636.0
2014	3222	2467.0
2014	3224	1346.0
2014	3226	746.0
2014	3228	1017.0
2014	3230	400.0
2014	3232	1205.0
2014	3234	492.0
2014	3236	294.0
2014	3238	806.0
2014	3240	1139.0
2014	3242	143.0
2014	3301	5637.0
2014	3303	1062.0
2014	3305	1264.0
2014	3310	419.0
2014	3312	1450.0
2014	3314	941.0
2014	3316	558.0
2014	3318	87.0
2014	3320	43.0
2014	3322	183.0
2014	3324	227.0
2014	3326	141.0
2014	3328	200.0
2014	3330	199.0
2014	3332	132.0
2014	3334	171.0
2014	3336	75.0
2014	3338	87.0
2014	3401	860.0
2014	3403	1585.0
2014	3405	1490.0
2014	3407	1458.0
2014	3411	1203.0
2014	3412	378.0
2014	3413	1016.0
2014	3414	153.0
2014	3415	418.0
2014	3416	309.0
2014	3417	303.0
2014	3418	372.0
2014	3419	152.0
2014	3420	829.0
2014	3421	225.0
2014	3422	340.0
2014	3423	298.0
2014	3424	75.0
2014	3425	101.0
2014	3426	68.0
2014	3427	217.0
2014	3428	83.0
2014	3429	66.0
2014	3430	90.0
2014	3431	126.0
2014	3432	67.0
2014	3433	55.0
2014	3434	76.0
2014	3435	90.0
2014	3436	203.0
2014	3437	237.0
2014	3438	142.0
2014	3439	206.0
2014	3440	273.0
2014	3441	229.0
2014	3442	616.0
2014	3443	619.0
2014	3446	486.0
2014	3447	292.0
2014	3448	215.0
2014	3449	172.0
2014	3450	130.0
2014	3451	322.0
2014	3452	116.0
2014	3453	136.0
2014	3454	99.0
2014	3801	1269.0
2014	3802	1217.0
2014	3803	3351.0
2014	3804	2934.0
2014	3805	1640.0
2014	3806	1738.0
2014	3807	2189.0
2014	3808	492.0
2014	3811	1650.0
2014	3812	183.0
2014	3813	669.0
2014	3814	400.0
2014	3815	148.0
2014	3816	326.0
2014	3817	578.0
2014	3818	275.0
2014	3819	73.0
2014	3820	122.0
2014	3821	88.0
2014	3822	79.0
2014	3823	54.0
2014	3824	74.0
2014	3825	148.0
2014	3901	1269.0
2014	3903	1217.0
2014	3905	3351.0
2014	3907	2934.0
2014	3909	1640.0
2014	3911	1650.0
2014	4001	1738.0
2014	4003	2189.0
2014	4005	492.0
2014	4010	183.0
2014	4012	669.0
2014	4014	400.0
2014	4016	148.0
2014	4018	326.0
2014	4020	578.0
2014	4022	122.0
2014	4024	73.0
2014	4026	275.0
2014	4028	88.0
2014	4030	79.0
2014	4032	54.0
2014	4034	74.0
2014	4036	148.0
2014	4201	284.0
2014	4202	1099.0
2014	4203	1528.0
2014	4204	4438.0
2014	4205	964.0
2014	4206	325.0
2014	4207	286.0
2014	4211	123.0
2014	4212	80.0
2014	4213	296.0
2014	4214	292.0
2014	4215	465.0
2014	4216	282.0
2014	4217	78.0
2014	4218	84.0
2014	4219	122.0
2014	4220	64.0
2014	4221	58.0
2014	4222	47.0
2014	4223	633.0
2014	4224	30.0
2014	4225	357.0
2014	4226	51.0
2014	4227	163.0
2014	4228	57.0
2014	4601	10137.0
2014	4602	567.0
2014	4611	101.0
2014	4612	294.0
2014	4613	388.0
2014	4614	614.0
2014	4615	97.0
2014	4616	79.0
2014	4617	351.0
2014	4618	403.0
2014	4619	36.0
2014	4620	36.0
2014	4621	423.0
2014	4622	316.0
2014	4623	110.0
2014	4624	908.0
2014	4625	126.0
2014	4626	1802.0
2014	4627	1123.0
2014	4628	160.0
2014	4629	8.0
2014	4630	271.0
2014	4631	1382.0
2014	4632	153.0
2014	4633	17.0
2014	4634	51.0
2014	4635	57.0
2014	4636	53.0
2014	4637	46.0
2014	4638	139.0
2014	4639	51.0
2014	4640	565.0
2014	4641	47.0
2014	4642	93.0
2014	4643	210.0
2014	4644	192.0
2014	4645	77.0
2014	4646	85.0
2014	4647	1006.0
2014	4648	179.0
2014	4649	267.0
2014	4650	164.0
2014	4651	248.0
2014	5001	8010.0
2014	5004	842.0
2014	5005	672.0
2014	5006	953.0
2014	5007	797.0
2014	5011	167.0
2014	5012	38.0
2014	5013	242.0
2014	5014	169.0
2014	5015	260.0
2014	5016	71.0
2014	5017	215.0
2014	5018	104.0
2014	5019	44.0
2014	5020	32.0
2014	5021	227.0
2014	5022	92.0
2014	5023	184.0
2014	5024	422.0
2014	5025	186.0
2014	5026	57.0
2014	5027	246.0
2014	5028	819.0
2014	5029	397.0
2014	5030	395.0
2014	5031	879.0
2014	5032	125.0
2014	5033	27.0
2014	5034	114.0
2014	5035	812.0
2014	5036	128.0
2014	5037	806.0
2014	5038	494.0
2014	5039	111.0
2014	5040	89.0
2014	5041	68.0
2014	5042	40.0
2014	5043	27.0
2014	5044	51.0
2014	5045	167.0
2014	5046	32.0
2014	5047	176.0
2014	5048	36.0
2014	5049	40.0
2014	5050	183.0
2014	5051	205.0
2014	5052	19.0
2014	5053	311.0
2014	5054	360.0
2014	5055	268.0
2014	5056	280.0
2014	5057	475.0
2014	5058	148.0
2014	5059	715.0
2014	5060	388.0
2014	5061	66.0
2014	5401	3023.0
2014	5402	1000.0
2014	5403	856.0
2014	5404	85.0
2014	5405	380.0
2014	5406	635.0
2014	5411	252.0
2014	5412	221.0
2014	5413	64.0
2014	5414	61.0
2014	5415	40.0
2014	5416	347.0
2014	5417	163.0
2014	5418	414.0
2014	5419	202.0
2014	5420	50.0
2014	5421	811.0
2014	5422	211.0
2014	5423	153.0
2014	5424	129.0
2014	5425	141.0
2014	5426	131.0
2014	5427	121.0
2014	5428	178.0
2014	5429	59.0
2014	5430	142.0
2014	5432	64.0
2014	5433	74.0
2014	5434	58.0
2014	5435	127.0
2014	5436	207.0
2014	5437	105.0
2014	5438	63.0
2014	5439	74.0
2014	5440	84.0
2014	5441	122.0
2014	5442	36.0
2014	5443	82.0
2014	5444	434.0
2014	5501	3023.0
2014	5503	1000.0
2014	5510	252.0
2014	5512	221.0
2014	5514	64.0
2014	5516	61.0
2014	5518	40.0
2014	5520	347.0
2014	5522	163.0
2014	5524	414.0
2014	5526	202.0
2014	5528	50.0
2014	5530	811.0
2014	5532	211.0
2014	5534	153.0
2014	5536	129.0
2014	5538	141.0
2014	5540	131.0
2014	5542	121.0
2014	5544	178.0
2014	5546	59.0
2014	5601	856.0
2014	5603	635.0
2014	5605	434.0
2014	5607	380.0
2014	5610	105.0
2014	5612	142.0
2014	5614	64.0
2014	5616	74.0
2014	5618	58.0
2014	5620	127.0
2014	5622	207.0
2014	5624	63.0
2014	5626	74.0
2014	5628	122.0
2014	5630	84.0
2014	5632	82.0
2014	5634	85.0
2014	5636	36.0
2015	0101	1105.0
2015	0104	1927.0
2015	0105	2049.0
2015	0106	2860.0
2015	0111	289.0
2015	0118	87.0
2015	0119	165.0
2015	0121	25.0
2015	0122	304.0
2015	0123	438.0
2015	0124	837.0
2015	0125	694.0
2015	0127	207.0
2015	0128	407.0
2015	0135	449.0
2015	0136	918.0
2015	0137	348.0
2015	0138	494.0
2015	0211	990.0
2015	0213	1728.0
2015	0214	1466.0
2015	0215	943.0
2015	0216	924.0
2015	0217	1446.0
2015	0219	6100.0
2015	0220	3360.0
2015	0221	697.0
2015	0226	1166.0
2015	0227	735.0
2015	0228	1335.0
2015	0229	608.0
2015	0230	2297.0
2015	0231	3798.0
2015	0233	1264.0
2015	0234	379.0
2015	0235	2138.0
2015	0236	1096.0
2015	0237	1166.0
2015	0238	797.0
2015	0239	146.0
2015	0301	31267.0
2015	0402	913.0
2015	0403	1736.0
2015	0412	1274.0
2015	0415	440.0
2015	0417	1120.0
2015	0418	174.0
2015	0419	390.0
2015	0420	271.0
2015	0423	271.0
2015	0425	420.0
2015	0426	194.0
2015	0427	895.0
2015	0428	225.0
2015	0429	335.0
2015	0430	264.0
2015	0432	104.0
2015	0434	128.0
2015	0436	88.0
2015	0437	230.0
2015	0438	88.0
2015	0439	66.0
2015	0441	109.0
2015	0501	1543.0
2015	0502	1600.0
2015	0511	181.0
2015	0512	62.0
2015	0513	77.0
2015	0514	93.0
2015	0515	109.0
2015	0516	210.0
2015	0517	286.0
2015	0519	149.0
2015	0520	210.0
2015	0521	244.0
2015	0522	267.0
2015	0528	666.0
2015	0529	622.0
2015	0532	343.0
2015	0533	518.0
2015	0534	514.0
2015	0536	391.0
2015	0538	246.0
2015	0540	130.0
2015	0541	126.0
2015	0542	317.0
2015	0543	95.0
2015	0544	127.0
2015	0545	158.0
2015	0602	3850.0
2015	0604	1091.0
2015	0605	1293.0
2015	0612	411.0
2015	0615	38.0
2015	0616	240.0
2015	0617	241.0
2015	0618	168.0
2015	0619	244.0
2015	0620	197.0
2015	0621	125.0
2015	0622	112.0
2015	0623	609.0
2015	0624	950.0
2015	0625	1438.0
2015	0626	1406.0
2015	0627	1181.0
2015	0628	538.0
2015	0631	124.0
2015	0632	49.0
2015	0633	97.0
2015	0701	1348.0
2015	0702	540.0
2015	0704	2800.0
2015	0706	1719.0
2015	0709	1484.0
2015	0710	2864.0
2015	0711	409.0
2015	0712	1634.0
2015	0713	489.0
2015	0714	149.0
2015	0715	689.0
2015	0716	572.0
2015	0719	356.0
2015	0720	789.0
2015	0722	1385.0
2015	0723	356.0
2015	0728	150.0
2015	0729	1741.0
2015	0805	1714.0
2015	0806	2261.0
2015	0807	430.0
2015	0811	156.0
2015	0814	657.0
2015	0815	406.0
2015	0817	140.0
2015	0819	353.0
2015	0821	417.0
2015	0822	220.0
2015	0826	282.0
2015	0827	54.0
2015	0828	132.0
2015	0829	109.0
2015	0830	58.0
2015	0831	42.0
2015	0833	83.0
2015	0834	107.0
2015	0901	336.0
2015	0904	1149.0
2015	0906	1641.0
2015	0911	99.0
2015	0912	92.0
2015	0914	313.0
2015	0919	298.0
2015	0926	478.0
2015	0928	271.0
2015	0929	92.0
2015	0935	78.0
2015	0937	135.0
2015	0938	93.0
2015	0940	55.0
2015	0941	61.0
2015	1001	3557.0
2015	1002	656.0
2015	1003	346.0
2015	1004	328.0
2015	1014	569.0
2015	1017	386.0
2015	1018	606.0
2015	1021	137.0
2015	1026	20.0
2015	1027	72.0
2015	1029	208.0
2015	1032	386.0
2015	1034	69.0
2015	1037	271.0
2015	1046	58.0
2015	1101	471.0
2015	1102	3791.0
2015	1103	6473.0
2015	1106	1967.0
2015	1108	3842.0
2015	1111	95.0
2015	1112	178.0
2015	1114	143.0
2015	1119	869.0
2015	1120	1063.0
2015	1121	984.0
2015	1122	595.0
2015	1124	1724.0
2015	1127	608.0
2015	1129	51.0
2015	1130	483.0
2015	1133	139.0
2015	1134	151.0
2015	1135	164.0
2015	1141	112.0
2015	1142	288.0
2015	1144	31.0
2015	1145	38.0
2015	1146	542.0
2015	1149	1466.0
2015	1151	17.0
2015	1160	284.0
2015	1201	10563.0
2015	1211	138.0
2015	1216	269.0
2015	1219	405.0
2015	1221	699.0
2015	1222	103.0
2015	1223	92.0
2015	1224	325.0
2015	1227	43.0
2015	1228	239.0
2015	1231	141.0
2015	1232	57.0
2015	1233	34.0
2015	1234	51.0
2015	1235	548.0
2015	1238	283.0
2015	1241	134.0
2015	1242	102.0
2015	1243	683.0
2015	1244	134.0
2015	1245	342.0
2015	1246	1234.0
2015	1247	1206.0
2015	1251	125.0
2015	1252	26.0
2015	1253	236.0
2015	1256	419.0
2015	1259	199.0
2015	1260	179.0
2015	1263	754.0
2015	1264	173.0
2015	1265	13.0
2015	1266	81.0
2015	1401	424.0
2015	1411	73.0
2015	1412	41.0
2015	1413	60.0
2015	1416	206.0
2015	1417	82.0
2015	1418	64.0
2015	1419	90.0
2015	1420	420.0
2015	1421	58.0
2015	1422	70.0
2015	1424	272.0
2015	1426	186.0
2015	1428	80.0
2015	1429	97.0
2015	1430	97.0
2015	1431	231.0
2015	1432	696.0
2015	1433	94.0
2015	1438	126.0
2015	1439	178.0
2015	1441	95.0
2015	1443	187.0
2015	1444	40.0
2015	1445	158.0
2015	1449	216.0
2015	1502	1020.0
2015	1504	2135.0
2015	1505	856.0
2015	1506	1189.0
2015	1507	2759.0
2015	1508	2417.5342032423882
2015	1511	99.0
2015	1514	129.0
2015	1515	304.0
2015	1516	435.0
2015	1517	211.0
2015	1519	602.0
2015	1520	265.0
2015	1523	97.0
2015	1524	61.0
2015	1525	159.0
2015	1526	59.0
2015	1528	220.0
2015	1529	193.0
2015	1531	331.0
2015	1532	305.0
2015	1534	305.0
2015	1535	332.0
2015	1539	169.0
2015	1543	108.0
2015	1545	61.0
2015	1546	29.0
2015	1547	125.0
2015	1548	473.0
2015	1551	148.0
2015	1554	227.0
2015	1557	104.0
2015	1560	204.0
2015	1563	362.0
2015	1566	158.0
2015	1567	57.0
2015	1571	71.0
2015	1573	61.0
2015	1576	133.0
2015	1577	642.0
2015	1578	120.0
2015	1579	621.0
2015	1580	341.4657967576119
2015	1601	8374.0
2015	1612	200.0
2015	1613	42.0
2015	1617	231.0
2015	1620	152.0
2015	1621	286.0
2015	1622	66.0
2015	1624	274.0
2015	1627	212.0
2015	1630	96.0
2015	1632	42.0
2015	1633	49.0
2015	1634	194.0
2015	1635	100.0
2015	1636	187.0
2015	1638	441.0
2015	1640	171.0
2015	1644	48.0
2015	1648	258.0
2015	1653	824.0
2015	1657	421.0
2015	1662	387.0
2015	1663	793.0
2015	1664	123.0
2015	1665	36.0
2015	1702	787.0
2015	1703	646.0
2015	1711	176.0
2015	1714	849.0
2015	1717	106.0
2015	1718	126.0
2015	1719	837.0
2015	1721	460.0
2015	1723	45.279069767441875
2015	1724	155.0
2015	1725	64.0
2015	1729	308.72093023255815
2015	1736	74.0
2015	1738	39.0
2015	1739	14.0
2015	1740	53.0
2015	1742	248.0
2015	1743	36.0
2015	1744	158.0
2015	1748	37.0
2015	1749	44.0
2015	1750	164.0
2015	1751	232.0
2015	1755	30.0
2015	1756	354.0
2015	1804	2000.0
2015	1805	808.0
2015	1806	1015.0
2015	1811	46.0
2015	1812	89.0
2015	1813	265.0
2015	1815	39.0
2015	1816	20.0
2015	1818	79.0
2015	1820	453.0
2015	1822	129.0
2015	1824	428.0
2015	1825	41.0
2015	1826	188.0
2015	1827	62.0
2015	1828	209.0
2015	1832	178.0
2015	1833	744.0
2015	1834	75.0
2015	1835	39.0
2015	1836	57.0
2015	1837	217.0
2015	1838	106.0
2015	1839	47.0
2015	1840	319.0
2015	1841	375.0
2015	1845	87.0
2015	1848	128.0
2015	1849	112.0
2015	1850	75.0
2015	1851	156.0
2015	1852	65.0
2015	1853	74.0
2015	1854	132.0
2015	1856	22.0
2015	1857	44.0
2015	1859	74.0
2015	1860	473.0
2015	1865	451.0
2015	1866	486.0
2015	1867	125.0
2015	1868	224.0
2015	1870	454.0
2015	1871	233.0
2015	1874	67.0
2015	1875	187.0
2015	1901	1066.5298804780878
2015	1902	3155.0
2015	1903	1086.0
2015	1911	268.0
2015	1913	141.0
2015	1915	19.470119521912352
2015	1917	60.0
2015	1919	46.0
2015	1920	44.0
2015	1922	387.0
2015	1923	201.0
2015	1924	450.0
2015	1925	163.0
2015	1926	58.0
2015	1927	86.0
2015	1928	54.0
2015	1929	47.0
2015	1931	600.0
2015	1933	262.0
2015	1936	123.0
2015	1938	135.0
2015	1939	152.0
2015	1940	151.0
2015	1941	119.0
2015	1942	210.0
2015	1943	49.0
2015	2002	102.0
2015	2003	507.0
2015	2004	598.0
2015	2011	105.0
2015	2012	889.0
2015	2014	56.0
2015	2015	51.0
2015	2017	80.0
2015	2018	77.0
2015	2019	152.0
2015	2020	200.0
2015	2021	145.0
2015	2022	80.0
2015	2023	73.0
2015	2024	61.0
2015	2025	141.0
2015	2027	46.0
2015	2028	130.0
2015	2030	401.0
2015	3001	1105.0
2015	3002	2845.0
2015	3003	2049.0
2015	3004	2860.0
2015	3005	5697.0
2015	3006	1091.0
2015	3007	1293.0
2015	3011	289.0
2015	3012	87.0
2015	3013	165.0
2015	3014	2767.0
2015	3015	207.0
2015	3016	407.0
2015	3017	449.0
2015	3018	348.0
2015	3019	990.0
2015	3020	3174.0
2015	3021	1466.0
2015	3022	943.0
2015	3023	924.0
2015	3024	6100.0
2015	3025	5079.0
2015	3026	722.0
2015	3027	1335.0
2015	3028	608.0
2015	3029	2297.0
2015	3030	5699.0
2015	3031	1264.0
2015	3032	379.0
2015	3033	2138.0
2015	3034	1096.0
2015	3035	1166.0
2015	3036	797.0
2015	3037	146.0
2015	3038	411.0
2015	3039	38.0
2015	3040	240.0
2015	3041	241.0
2015	3042	168.0
2015	3043	244.0
2015	3044	197.0
2015	3045	125.0
2015	3046	112.0
2015	3047	609.0
2015	3048	950.0
2015	3049	1406.0
2015	3050	124.0
2015	3051	49.0
2015	3052	97.0
2015	3053	343.0
2015	3054	518.0
2015	3101	1105.0
2015	3103	2845.0
2015	3105	2049.0
2015	3107	2860.0
2015	3110	289.0
2015	3112	449.0
2015	3114	348.0
2015	3116	207.0
2015	3118	2767.0
2015	3120	407.0
2015	3122	165.0
2015	3124	87.0
2015	3201	6100.0
2015	3203	5079.0
2015	3205	5699.0
2015	3207	3174.0
2015	3209	2138.0
2015	3212	924.0
2015	3214	943.0
2015	3216	990.0
2015	3218	1466.0
2015	3220	608.0
2015	3222	2297.0
2015	3224	1335.0
2015	3226	722.0
2015	3228	1096.0
2015	3230	379.0
2015	3232	1264.0
2015	3234	518.0
2015	3236	343.0
2015	3238	797.0
2015	3240	1166.0
2015	3242	146.0
2015	3301	5697.0
2015	3303	1091.0
2015	3305	1293.0
2015	3310	411.0
2015	3312	1406.0
2015	3314	950.0
2015	3316	609.0
2015	3318	112.0
2015	3320	38.0
2015	3322	240.0
2015	3324	241.0
2015	3326	168.0
2015	3328	244.0
2015	3330	197.0
2015	3332	125.0
2015	3334	124.0
2015	3336	49.0
2015	3338	97.0
2015	3401	913.0
2015	3403	1736.0
2015	3405	1543.0
2015	3407	1600.0
2015	3411	1274.0
2015	3412	440.0
2015	3413	1120.0
2015	3414	174.0
2015	3415	390.0
2015	3416	271.0
2015	3417	271.0
2015	3418	420.0
2015	3419	194.0
2015	3420	895.0
2015	3421	225.0
2015	3422	335.0
2015	3423	264.0
2015	3424	104.0
2015	3425	128.0
2015	3426	88.0
2015	3427	230.0
2015	3428	88.0
2015	3429	66.0
2015	3430	109.0
2015	3431	181.0
2015	3432	62.0
2015	3433	77.0
2015	3434	93.0
2015	3435	109.0
2015	3436	210.0
2015	3437	286.0
2015	3438	149.0
2015	3439	210.0
2015	3440	244.0
2015	3441	267.0
2015	3442	666.0
2015	3443	622.0
2015	3446	514.0
2015	3447	391.0
2015	3448	246.0
2015	3449	130.0
2015	3450	126.0
2015	3451	317.0
2015	3452	95.0
2015	3453	127.0
2015	3454	158.0
2015	3801	1348.0
2015	3802	1178.0
2015	3803	3372.0
2015	3804	2864.0
2015	3805	1634.0
2015	3806	1714.0
2015	3807	2261.0
2015	3808	430.0
2015	3811	1741.0
2015	3812	156.0
2015	3813	657.0
2015	3814	406.0
2015	3815	140.0
2015	3816	353.0
2015	3817	637.0
2015	3818	282.0
2015	3819	54.0
2015	3820	132.0
2015	3821	109.0
2015	3822	58.0
2015	3823	42.0
2015	3824	83.0
2015	3825	107.0
2015	3901	1348.0
2015	3903	1178.0
2015	3905	3372.0
2015	3907	2864.0
2015	3909	1634.0
2015	3911	1741.0
2015	4001	1714.0
2015	4003	2261.0
2015	4005	430.0
2015	4010	156.0
2015	4012	657.0
2015	4014	406.0
2015	4016	140.0
2015	4018	353.0
2015	4020	637.0
2015	4022	132.0
2015	4024	54.0
2015	4026	282.0
2015	4028	109.0
2015	4030	58.0
2015	4032	42.0
2015	4034	83.0
2015	4036	107.0
2015	4201	336.0
2015	4202	1149.0
2015	4203	1641.0
2015	4204	4549.0
2015	4205	1001.0
2015	4206	346.0
2015	4207	328.0
2015	4211	99.0
2015	4212	92.0
2015	4213	313.0
2015	4214	298.0
2015	4215	478.0
2015	4216	271.0
2015	4217	92.0
2015	4218	78.0
2015	4219	135.0
2015	4220	93.0
2015	4221	55.0
2015	4222	61.0
2015	4223	569.0
2015	4224	20.0
2015	4225	458.0
2015	4226	69.0
2015	4227	271.0
2015	4228	58.0
2015	4601	10563.0
2015	4602	602.0
2015	4611	138.0
2015	4612	269.0
2015	4613	405.0
2015	4614	699.0
2015	4615	103.0
2015	4616	92.0
2015	4617	325.0
2015	4618	423.0
2015	4619	57.0
2015	4620	34.0
2015	4621	599.0
2015	4622	283.0
2015	4623	102.0
2015	4624	817.0
2015	4625	134.0
2015	4626	1775.0
2015	4627	1206.0
2015	4628	125.0
2015	4629	26.0
2015	4630	236.0
2015	4631	1352.0
2015	4632	173.0
2015	4633	13.0
2015	4634	81.0
2015	4635	73.0
2015	4636	41.0
2015	4637	60.0
2015	4638	206.0
2015	4639	82.0
2015	4640	574.0
2015	4641	58.0
2015	4642	70.0
2015	4643	272.0
2015	4644	186.0
2015	4645	80.0
2015	4646	97.0
2015	4647	1118.0
2015	4648	126.0
2015	4649	282.0
2015	4650	158.0
2015	4651	216.0
2015	5001	8374.0
2015	5004	787.0
2015	5005	646.0
2015	5006	942.0
2015	5007	747.0
2015	5011	200.0
2015	5012	42.0
2015	5013	231.0
2015	5014	152.0
2015	5015	286.0
2015	5016	66.0
2015	5017	212.0
2015	5018	96.0
2015	5019	42.0
2015	5020	49.0
2015	5021	194.0
2015	5022	100.0
2015	5023	187.0
2015	5024	441.0
2015	5025	171.0
2015	5026	48.0
2015	5027	258.0
2015	5028	824.0
2015	5029	421.0
2015	5030	387.0
2015	5031	793.0
2015	5032	123.0
2015	5033	36.0
2015	5034	176.0
2015	5035	849.0
2015	5036	106.0
2015	5037	837.0
2015	5038	460.0
2015	5039	155.0
2015	5040	64.0
2015	5041	74.0
2015	5042	39.0
2015	5043	14.0
2015	5044	53.0
2015	5045	248.0
2015	5046	36.0
2015	5047	158.0
2015	5048	37.0
2015	5049	44.0
2015	5050	164.0
2015	5051	232.0
2015	5052	30.0
2015	5053	354.0
2015	5054	400.0
2015	5055	313.0
2015	5056	273.0
2015	5057	498.0
2015	5058	138.0
2015	5059	736.0
2015	5060	396.0
2015	5061	57.0
2015	5401	3155.0
2015	5402	1086.0
2015	5403	889.0
2015	5404	102.0
2015	5405	507.0
2015	5406	678.0
2015	5411	268.0
2015	5412	206.0
2015	5413	60.0
2015	5414	46.0
2015	5415	44.0
2015	5416	387.0
2015	5417	201.0
2015	5418	450.0
2015	5419	163.0
2015	5420	58.0
2015	5421	787.0
2015	5422	262.0
2015	5423	123.0
2015	5424	135.0
2015	5425	152.0
2015	5426	151.0
2015	5427	119.0
2015	5428	210.0
2015	5429	49.0
2015	5430	105.0
2015	5432	56.0
2015	5433	51.0
2015	5434	77.0
2015	5435	152.0
2015	5436	200.0
2015	5437	145.0
2015	5438	80.0
2015	5439	73.0
2015	5440	61.0
2015	5441	141.0
2015	5442	46.0
2015	5443	130.0
2015	5444	401.0
2015	5501	3155.0
2015	5503	1086.0
2015	5510	268.0
2015	5512	206.0
2015	5514	60.0
2015	5516	46.0
2015	5518	44.0
2015	5520	387.0
2015	5522	201.0
2015	5524	450.0
2015	5526	163.0
2015	5528	58.0
2015	5530	787.0
2015	5532	262.0
2015	5534	123.0
2015	5536	135.0
2015	5538	152.0
2015	5540	151.0
2015	5542	119.0
2015	5544	210.0
2015	5546	49.0
2015	5601	889.0
2015	5603	678.0
2015	5605	401.0
2015	5607	507.0
2015	5610	145.0
2015	5612	105.0
2015	5614	56.0
2015	5616	51.0
2015	5618	77.0
2015	5620	152.0
2015	5622	200.0
2015	5624	80.0
2015	5626	73.0
2015	5628	141.0
2015	5630	61.0
2015	5632	130.0
2015	5634	102.0
2015	5636	46.0
2016	0101	1131.0
2016	0104	1929.0
2016	0105	2080.0
2016	0106	2887.0
2016	0111	313.0
2016	0118	78.0
2016	0119	169.0
2016	0121	15.0
2016	0122	316.0
2016	0123	480.0
2016	0124	838.0
2016	0125	695.0
2016	0127	208.0
2016	0128	369.0
2016	0135	442.0
2016	0136	831.0
2016	0137	332.0
2016	0138	499.0
2016	0211	960.0
2016	0213	1741.0
2016	0214	1512.0
2016	0215	855.0
2016	0216	987.0
2016	0217	1404.0
2016	0219	5854.0
2016	0220	3225.0
2016	0221	708.0
2016	0226	1107.0
2016	0227	687.0
2016	0228	1340.0
2016	0229	678.0
2016	0230	2332.0
2016	0231	3610.0
2016	0233	1190.0
2016	0234	369.0
2016	0235	2177.0
2016	0236	1131.0
2016	0237	1189.0
2016	0238	733.0
2016	0239	214.0
2016	0301	31445.0
2016	0402	889.0
2016	0403	1552.0
2016	0412	1182.0
2016	0415	387.0
2016	0417	984.0
2016	0418	211.0
2016	0419	410.0
2016	0420	256.0
2016	0423	245.0
2016	0425	444.0
2016	0426	177.0
2016	0427	906.0
2016	0428	181.0
2016	0429	281.0
2016	0430	271.0
2016	0432	95.0
2016	0434	103.0
2016	0436	63.0
2016	0437	208.0
2016	0438	85.0
2016	0439	57.0
2016	0441	69.0
2016	0501	1448.0
2016	0502	1560.0
2016	0511	209.0
2016	0512	73.0
2016	0513	66.0
2016	0514	73.0
2016	0515	107.0
2016	0516	201.0
2016	0517	251.0
2016	0519	114.0
2016	0520	193.0
2016	0521	211.0
2016	0522	235.0
2016	0528	683.0
2016	0529	646.0
2016	0532	315.0
2016	0533	476.0
2016	0534	532.0
2016	0536	362.0
2016	0538	258.0
2016	0540	141.0
2016	0541	70.0
2016	0542	276.0
2016	0543	136.0
2016	0544	114.0
2016	0545	157.0
2016	0602	3973.0
2016	0604	1185.0
2016	0605	1238.0
2016	0612	424.0
2016	0615	32.0
2016	0616	184.0
2016	0617	235.0
2016	0618	262.0
2016	0619	210.0
2016	0620	227.0
2016	0621	153.0
2016	0622	106.0
2016	0623	553.0
2016	0624	940.0
2016	0625	1428.0
2016	0626	1511.0
2016	0627	1086.0
2016	0628	487.0
2016	0631	156.0
2016	0632	55.0
2016	0633	84.0
2016	0701	1341.0
2016	0702	572.0
2016	0704	2681.0
2016	0706	1747.0
2016	0709	1487.0
2016	0710	2814.0
2016	0711	392.0
2016	0712	1638.0
2016	0713	490.0
2016	0714	197.0
2016	0715	769.0
2016	0716	560.0
2016	0719	386.0
2016	0720	681.0
2016	0722	1285.0
2016	0723	370.0
2016	0728	151.0
2016	0729	1655.0
2016	0805	1726.0
2016	0806	2079.0
2016	0807	500.0
2016	0811	125.0
2016	0814	621.0
2016	0815	387.0
2016	0817	112.0
2016	0819	294.0
2016	0821	411.0
2016	0822	252.0
2016	0826	298.0
2016	0827	60.0
2016	0828	125.0
2016	0829	122.0
2016	0830	45.0
2016	0831	69.0
2016	0833	90.0
2016	0834	124.0
2016	0901	340.0
2016	0904	1146.0
2016	0906	1723.0
2016	0911	113.0
2016	0912	66.0
2016	0914	311.0
2016	0919	301.0
2016	0926	521.0
2016	0928	309.0
2016	0929	87.0
2016	0935	73.0
2016	0937	178.0
2016	0938	123.0
2016	0940	57.0
2016	0941	59.0
2016	1001	3748.0
2016	1002	640.0
2016	1003	410.0
2016	1004	352.0
2016	1014	634.0
2016	1017	398.0
2016	1018	524.0
2016	1021	98.0
2016	1026	29.0
2016	1027	68.0
2016	1029	262.0
2016	1032	402.0
2016	1034	79.0
2016	1037	243.0
2016	1046	64.0
2016	1101	416.0
2016	1102	3329.0
2016	1103	5942.0
2016	1106	1858.0
2016	1108	3383.0
2016	1111	93.0
2016	1112	176.0
2016	1114	115.0
2016	1119	740.0
2016	1120	968.0
2016	1121	991.0
2016	1122	607.0
2016	1124	1663.0
2016	1127	628.0
2016	1129	54.0
2016	1130	418.0
2016	1133	130.0
2016	1134	162.0
2016	1135	126.0
2016	1141	116.0
2016	1142	191.0
2016	1144	16.0
2016	1145	35.0
2016	1146	469.0
2016	1149	1405.0
2016	1151	13.0
2016	1160	263.0
2016	1201	10198.0
2016	1211	113.0
2016	1216	242.0
2016	1219	402.0
2016	1221	713.0
2016	1222	103.0
2016	1223	77.0
2016	1224	384.0
2016	1227	47.0
2016	1228	214.0
2016	1231	182.0
2016	1232	33.0
2016	1233	33.0
2016	1234	36.0
2016	1235	504.0
2016	1238	274.0
2016	1241	109.0
2016	1242	91.0
2016	1243	732.0
2016	1244	147.0
2016	1245	419.0
2016	1246	1322.0
2016	1247	1135.0
2016	1251	145.0
2016	1252	18.0
2016	1253	267.0
2016	1256	417.0
2016	1259	263.0
2016	1260	238.0
2016	1263	736.0
2016	1264	125.0
2016	1265	19.0
2016	1266	70.0
2016	1401	382.0
2016	1411	84.0
2016	1412	29.0
2016	1413	52.0
2016	1416	236.0
2016	1417	58.0
2016	1418	54.0
2016	1419	76.0
2016	1420	506.0
2016	1421	75.0
2016	1422	80.0
2016	1424	188.0
2016	1426	142.0
2016	1428	97.0
2016	1429	79.0
2016	1430	103.0
2016	1431	193.0
2016	1432	710.0
2016	1433	105.0
2016	1438	106.0
2016	1439	183.0
2016	1441	90.0
2016	1443	169.0
2016	1444	48.0
2016	1445	144.0
2016	1449	245.0
2016	1502	1156.0
2016	1504	2185.0
2016	1505	940.0
2016	1506	1354.0
2016	1507	2869.0
2016	1508	2513.9201265322263
2016	1511	117.0
2016	1514	94.0
2016	1515	291.0
2016	1516	457.0
2016	1517	257.0
2016	1519	599.0
2016	1520	314.0
2016	1523	105.0
2016	1524	43.0
2016	1525	130.0
2016	1526	31.0
2016	1528	200.0
2016	1529	232.0
2016	1531	331.0
2016	1532	356.0
2016	1534	299.0
2016	1535	282.0
2016	1539	207.0
2016	1543	136.0
2016	1545	62.0
2016	1546	48.0
2016	1547	155.0
2016	1548	374.0
2016	1551	149.0
2016	1554	225.0
2016	1557	80.0
2016	1560	212.0
2016	1563	395.0
2016	1566	166.0
2016	1567	58.0
2016	1571	94.0
2016	1573	65.0
2016	1576	112.0
2016	1577	647.0
2016	1578	74.0
2016	1579	523.0
2016	1580	355.079873467774
2016	1601	8022.0
2016	1612	237.0
2016	1613	44.0
2016	1617	236.0
2016	1620	153.0
2016	1621	244.0
2016	1622	71.0
2016	1624	239.0
2016	1627	220.0
2016	1630	99.0
2016	1632	36.0
2016	1633	38.0
2016	1634	185.0
2016	1635	105.0
2016	1636	177.0
2016	1638	411.0
2016	1640	236.0
2016	1644	58.0
2016	1648	191.0
2016	1653	745.0
2016	1657	332.0
2016	1662	357.0
2016	1663	884.0
2016	1664	184.0
2016	1665	30.0
2016	1702	969.0
2016	1703	666.0
2016	1711	133.0
2016	1714	857.0
2016	1717	90.0
2016	1718	144.0
2016	1719	831.0
2016	1721	549.0
2016	1723	39.39534883720931
2016	1724	107.0
2016	1725	77.0
2016	1729	268.6046511627907
2016	1736	115.0
2016	1738	34.0
2016	1739	21.0
2016	1740	42.0
2016	1742	217.0
2016	1743	26.0
2016	1744	201.0
2016	1748	36.0
2016	1749	46.0
2016	1750	207.0
2016	1751	250.0
2016	1755	25.0
2016	1756	308.0
2016	1804	1887.0
2016	1805	666.0
2016	1806	864.0
2016	1811	51.0
2016	1812	83.0
2016	1813	293.0
2016	1815	51.0
2016	1816	20.0
2016	1818	55.0
2016	1820	424.0
2016	1822	121.0
2016	1824	444.0
2016	1825	43.0
2016	1826	147.0
2016	1827	41.0
2016	1828	192.0
2016	1832	177.0
2016	1833	712.0
2016	1834	90.0
2016	1835	24.0
2016	1836	53.0
2016	1837	238.0
2016	1838	130.0
2016	1839	22.0
2016	1840	294.0
2016	1841	370.0
2016	1845	82.0
2016	1848	85.0
2016	1849	115.0
2016	1850	100.0
2016	1851	175.0
2016	1852	81.0
2016	1853	72.0
2016	1854	98.0
2016	1856	26.0
2016	1857	49.0
2016	1859	73.0
2016	1860	432.0
2016	1865	476.0
2016	1866	393.0
2016	1867	116.0
2016	1868	153.0
2016	1870	414.0
2016	1871	308.0
2016	1874	41.0
2016	1875	215.0
2016	1901	1024.3007968127492
2016	1902	2846.0
2016	1903	1043.0
2016	1911	266.0
2016	1913	170.0
2016	1915	18.699203187250998
2016	1917	64.0
2016	1919	64.0
2016	1920	33.0
2016	1922	383.0
2016	1923	177.0
2016	1924	441.0
2016	1925	135.0
2016	1926	66.0
2016	1927	94.0
2016	1928	45.0
2016	1929	56.0
2016	1931	521.0
2016	1933	231.0
2016	1936	127.0
2016	1938	99.0
2016	1939	110.0
2016	1940	136.0
2016	1941	129.0
2016	1942	244.0
2016	1943	52.0
2016	2002	115.0
2016	2003	492.0
2016	2004	542.0
2016	2011	151.0
2016	2012	806.0
2016	2014	62.0
2016	2015	63.0
2016	2017	81.0
2016	2018	69.0
2016	2019	159.0
2016	2020	209.0
2016	2021	110.0
2016	2022	81.0
2016	2023	60.0
2016	2024	56.0
2016	2025	149.0
2016	2027	50.0
2016	2028	88.0
2016	2030	472.0
2016	3001	1131.0
2016	3002	2760.0
2016	3003	2080.0
2016	3004	2887.0
2016	3005	5793.0
2016	3006	1185.0
2016	3007	1238.0
2016	3011	313.0
2016	3012	78.0
2016	3013	169.0
2016	3014	2828.0
2016	3015	208.0
2016	3016	369.0
2016	3017	442.0
2016	3018	332.0
2016	3019	960.0
2016	3020	3145.0
2016	3021	1512.0
2016	3022	855.0
2016	3023	987.0
2016	3024	5854.0
2016	3025	4798.0
2016	3026	723.0
2016	3027	1340.0
2016	3028	678.0
2016	3029	2332.0
2016	3030	5404.0
2016	3031	1190.0
2016	3032	369.0
2016	3033	2177.0
2016	3034	1131.0
2016	3035	1189.0
2016	3036	733.0
2016	3037	214.0
2016	3038	424.0
2016	3039	32.0
2016	3040	184.0
2016	3041	235.0
2016	3042	262.0
2016	3043	210.0
2016	3044	227.0
2016	3045	153.0
2016	3046	106.0
2016	3047	553.0
2016	3048	940.0
2016	3049	1511.0
2016	3050	156.0
2016	3051	55.0
2016	3052	84.0
2016	3053	315.0
2016	3054	476.0
2016	3101	1131.0
2016	3103	2760.0
2016	3105	2080.0
2016	3107	2887.0
2016	3110	313.0
2016	3112	442.0
2016	3114	332.0
2016	3116	208.0
2016	3118	2828.0
2016	3120	369.0
2016	3122	169.0
2016	3124	78.0
2016	3201	5854.0
2016	3203	4798.0
2016	3205	5404.0
2016	3207	3145.0
2016	3209	2177.0
2016	3212	987.0
2016	3214	855.0
2016	3216	960.0
2016	3218	1512.0
2016	3220	678.0
2016	3222	2332.0
2016	3224	1340.0
2016	3226	723.0
2016	3228	1131.0
2016	3230	369.0
2016	3232	1190.0
2016	3234	476.0
2016	3236	315.0
2016	3238	733.0
2016	3240	1189.0
2016	3242	214.0
2016	3301	5793.0
2016	3303	1185.0
2016	3305	1238.0
2016	3310	424.0
2016	3312	1511.0
2016	3314	940.0
2016	3316	553.0
2016	3318	106.0
2016	3320	32.0
2016	3322	184.0
2016	3324	235.0
2016	3326	262.0
2016	3328	210.0
2016	3330	227.0
2016	3332	153.0
2016	3334	156.0
2016	3336	55.0
2016	3338	84.0
2016	3401	889.0
2016	3403	1552.0
2016	3405	1448.0
2016	3407	1560.0
2016	3411	1182.0
2016	3412	387.0
2016	3413	984.0
2016	3414	211.0
2016	3415	410.0
2016	3416	256.0
2016	3417	245.0
2016	3418	444.0
2016	3419	177.0
2016	3420	906.0
2016	3421	181.0
2016	3422	281.0
2016	3423	271.0
2016	3424	95.0
2016	3425	103.0
2016	3426	63.0
2016	3427	208.0
2016	3428	85.0
2016	3429	57.0
2016	3430	69.0
2016	3431	209.0
2016	3432	73.0
2016	3433	66.0
2016	3434	73.0
2016	3435	107.0
2016	3436	201.0
2016	3437	251.0
2016	3438	114.0
2016	3439	193.0
2016	3440	211.0
2016	3441	235.0
2016	3442	683.0
2016	3443	646.0
2016	3446	532.0
2016	3447	362.0
2016	3448	258.0
2016	3449	141.0
2016	3450	70.0
2016	3451	276.0
2016	3452	136.0
2016	3453	114.0
2016	3454	157.0
2016	3801	1341.0
2016	3802	1259.0
2016	3803	3241.0
2016	3804	2814.0
2016	3805	1638.0
2016	3806	1726.0
2016	3807	2079.0
2016	3808	500.0
2016	3811	1655.0
2016	3812	125.0
2016	3813	621.0
2016	3814	387.0
2016	3815	112.0
2016	3816	294.0
2016	3817	663.0
2016	3818	298.0
2016	3819	60.0
2016	3820	125.0
2016	3821	122.0
2016	3822	45.0
2016	3823	69.0
2016	3824	90.0
2016	3825	124.0
2016	3901	1341.0
2016	3903	1259.0
2016	3905	3241.0
2016	3907	2814.0
2016	3909	1638.0
2016	3911	1655.0
2016	4001	1726.0
2016	4003	2079.0
2016	4005	500.0
2016	4010	125.0
2016	4012	621.0
2016	4014	387.0
2016	4016	112.0
2016	4018	294.0
2016	4020	663.0
2016	4022	125.0
2016	4024	60.0
2016	4026	298.0
2016	4028	122.0
2016	4030	45.0
2016	4032	69.0
2016	4034	90.0
2016	4036	124.0
2016	4201	340.0
2016	4202	1146.0
2016	4203	1723.0
2016	4204	4670.0
2016	4205	1000.0
2016	4206	410.0
2016	4207	352.0
2016	4211	113.0
2016	4212	66.0
2016	4213	311.0
2016	4214	301.0
2016	4215	521.0
2016	4216	309.0
2016	4217	87.0
2016	4218	73.0
2016	4219	178.0
2016	4220	123.0
2016	4221	57.0
2016	4222	59.0
2016	4223	634.0
2016	4224	29.0
2016	4225	470.0
2016	4226	79.0
2016	4227	243.0
2016	4228	64.0
2016	4601	10198.0
2016	4602	565.0
2016	4611	113.0
2016	4612	242.0
2016	4613	402.0
2016	4614	713.0
2016	4615	103.0
2016	4616	77.0
2016	4617	384.0
2016	4618	443.0
2016	4619	33.0
2016	4620	33.0
2016	4621	540.0
2016	4622	274.0
2016	4623	91.0
2016	4624	841.0
2016	4625	147.0
2016	4626	2004.0
2016	4627	1135.0
2016	4628	145.0
2016	4629	18.0
2016	4630	267.0
2016	4631	1391.0
2016	4632	125.0
2016	4633	19.0
2016	4634	70.0
2016	4635	84.0
2016	4636	29.0
2016	4637	52.0
2016	4638	236.0
2016	4639	58.0
2016	4640	636.0
2016	4641	75.0
2016	4642	80.0
2016	4643	188.0
2016	4644	142.0
2016	4645	97.0
2016	4646	79.0
2016	4647	1111.0
2016	4648	106.0
2016	4649	259.0
2016	4650	144.0
2016	4651	245.0
2016	5001	8022.0
2016	5004	969.0
2016	5005	666.0
2016	5006	1076.0
2016	5007	779.0
2016	5011	237.0
2016	5012	44.0
2016	5013	236.0
2016	5014	153.0
2016	5015	244.0
2016	5016	71.0
2016	5017	220.0
2016	5018	99.0
2016	5019	36.0
2016	5020	38.0
2016	5021	185.0
2016	5022	105.0
2016	5023	177.0
2016	5024	411.0
2016	5025	236.0
2016	5026	58.0
2016	5027	191.0
2016	5028	745.0
2016	5029	332.0
2016	5030	357.0
2016	5031	884.0
2016	5032	184.0
2016	5033	30.0
2016	5034	133.0
2016	5035	857.0
2016	5036	90.0
2016	5037	831.0
2016	5038	549.0
2016	5039	107.0
2016	5040	77.0
2016	5041	115.0
2016	5042	34.0
2016	5043	21.0
2016	5044	42.0
2016	5045	217.0
2016	5046	26.0
2016	5047	201.0
2016	5048	36.0
2016	5049	46.0
2016	5050	207.0
2016	5051	250.0
2016	5052	25.0
2016	5053	308.0
2016	5054	383.0
2016	5055	375.0
2016	5056	280.0
2016	5057	464.0
2016	5058	135.0
2016	5059	703.0
2016	5060	457.0
2016	5061	58.0
2016	5401	2846.0
2016	5402	1043.0
2016	5403	806.0
2016	5404	115.0
2016	5405	492.0
2016	5406	623.0
2016	5411	266.0
2016	5412	251.0
2016	5413	64.0
2016	5414	64.0
2016	5415	33.0
2016	5416	383.0
2016	5417	177.0
2016	5418	441.0
2016	5419	135.0
2016	5420	66.0
2016	5421	716.0
2016	5422	231.0
2016	5423	127.0
2016	5424	99.0
2016	5425	110.0
2016	5426	136.0
2016	5427	129.0
2016	5428	244.0
2016	5429	52.0
2016	5430	151.0
2016	5432	62.0
2016	5433	63.0
2016	5434	69.0
2016	5435	159.0
2016	5436	209.0
2016	5437	110.0
2016	5438	81.0
2016	5439	60.0
2016	5440	56.0
2016	5441	149.0
2016	5442	50.0
2016	5443	88.0
2016	5444	472.0
2016	5501	2846.0
2016	5503	1043.0
2016	5510	266.0
2016	5512	251.0
2016	5514	64.0
2016	5516	64.0
2016	5518	33.0
2016	5520	383.0
2016	5522	177.0
2016	5524	441.0
2016	5526	135.0
2016	5528	66.0
2016	5530	716.0
2016	5532	231.0
2016	5534	127.0
2016	5536	99.0
2016	5538	110.0
2016	5540	136.0
2016	5542	129.0
2016	5544	244.0
2016	5546	52.0
2016	5601	806.0
2016	5603	623.0
2016	5605	472.0
2016	5607	492.0
2016	5610	110.0
2016	5612	151.0
2016	5614	62.0
2016	5616	63.0
2016	5618	69.0
2016	5620	159.0
2016	5622	209.0
2016	5624	81.0
2016	5626	60.0
2016	5628	149.0
2016	5630	56.0
2016	5632	88.0
2016	5634	115.0
2016	5636	50.0
2017	0101	1082.0
2017	0104	1981.0
2017	0105	2133.0
2017	0106	3078.0
2017	0111	306.0
2017	0118	71.0
2017	0119	181.0
2017	0121	24.0
2017	0122	355.0
2017	0123	354.0
2017	0124	873.0
2017	0125	663.0
2017	0127	210.0
2017	0128	407.0
2017	0135	406.0
2017	0136	953.0
2017	0137	406.0
2017	0138	542.0
2017	0211	1013.0
2017	0213	1775.0
2017	0214	1590.0
2017	0215	914.0
2017	0216	924.0
2017	0217	1421.0
2017	0219	6396.0
2017	0220	3572.0
2017	0221	704.0
2017	0226	1141.0
2017	0227	728.0
2017	0228	1395.0
2017	0229	675.0
2017	0230	2630.0
2017	0231	3841.0
2017	0233	1289.0
2017	0234	430.0
2017	0235	2169.0
2017	0236	1057.0
2017	0237	1384.0
2017	0238	779.0
2017	0239	279.0
2017	0301	33259.0
2017	0402	887.0
2017	0403	1695.0
2017	0412	1219.0
2017	0415	386.0
2017	0417	960.0
2017	0418	170.0
2017	0419	421.0
2017	0420	270.0
2017	0423	267.0
2017	0425	311.0
2017	0426	229.0
2017	0427	992.0
2017	0428	196.0
2017	0429	387.0
2017	0430	187.0
2017	0432	135.0
2017	0434	120.0
2017	0436	103.0
2017	0437	234.0
2017	0438	111.0
2017	0439	64.0
2017	0441	86.0
2017	0501	1618.0
2017	0502	1759.0
2017	0511	110.0
2017	0512	63.0
2017	0513	79.0
2017	0514	83.0
2017	0515	88.0
2017	0516	191.0
2017	0517	215.0
2017	0519	124.0
2017	0520	194.0
2017	0521	216.0
2017	0522	250.0
2017	0528	649.0
2017	0529	612.0
2017	0532	341.0
2017	0533	508.0
2017	0534	509.0
2017	0536	345.0
2017	0538	271.0
2017	0540	125.0
2017	0541	52.0
2017	0542	318.0
2017	0543	86.0
2017	0544	129.0
2017	0545	170.0
2017	0602	4045.0
2017	0604	1176.0
2017	0605	1222.0
2017	0612	357.0
2017	0615	58.0
2017	0616	134.0
2017	0617	286.0
2017	0618	194.0
2017	0619	222.0
2017	0620	212.0
2017	0621	127.0
2017	0622	109.0
2017	0623	560.0
2017	0624	905.0
2017	0625	1442.0
2017	0626	1402.0
2017	0627	1140.0
2017	0628	496.0
2017	0631	156.0
2017	0632	62.0
2017	0633	117.0
2017	0701	1279.0
2017	0702	582.0
2017	0704	2833.0
2017	0706	1543.9904051172707
2017	0709	1723.0
2017	0710	2487.0
2017	0711	387.0
2017	0712	1884.0
2017	0713	467.0
2017	0714	196.0
2017	0715	778.0
2017	0716	631.0
2017	0719	341.1449893390192
2017	0720	601.86460554371
2017	0722	1326.0
2017	0723	405.0
2017	0728	161.0
2017	0729	1731.0
2017	0805	1986.0
2017	0806	2273.0
2017	0807	541.0
2017	0811	133.0
2017	0814	638.0
2017	0815	434.0
2017	0817	152.0
2017	0819	365.0
2017	0821	466.0
2017	0822	215.0
2017	0826	321.0
2017	0827	49.0
2017	0828	116.0
2017	0829	107.0
2017	0830	67.0
2017	0831	48.0
2017	0833	73.0
2017	0834	144.0
2017	0901	313.0
2017	0904	1069.0
2017	0906	1621.0
2017	0911	128.0
2017	0912	88.0
2017	0914	289.0
2017	0919	233.0
2017	0926	482.0
2017	0928	292.0
2017	0929	95.0
2017	0935	93.0
2017	0937	193.0
2017	0938	58.0
2017	0940	64.0
2017	0941	60.0
2017	1001	3925.0
2017	1002	614.0
2017	1003	337.0
2017	1004	296.0
2017	1014	656.0
2017	1017	391.0
2017	1018	590.0
2017	1021	104.0
2017	1026	27.0
2017	1027	71.0
2017	1029	281.0
2017	1032	410.0
2017	1034	52.0
2017	1037	198.0
2017	1046	72.0
2017	1101	435.0
2017	1102	3298.0
2017	1103	6028.0
2017	1106	1995.0
2017	1108	3350.0
2017	1111	81.0
2017	1112	179.0
2017	1114	88.0
2017	1119	827.0
2017	1120	946.0
2017	1121	938.0
2017	1122	639.0
2017	1124	1620.0
2017	1127	529.0
2017	1129	52.0
2017	1130	453.0
2017	1133	110.0
2017	1134	133.0
2017	1135	195.0
2017	1141	132.0
2017	1142	249.0
2017	1144	19.0
2017	1145	33.0
2017	1146	494.0
2017	1149	1367.0
2017	1151	1.0
2017	1160	306.0
2017	1201	10658.0
2017	1211	153.0
2017	1216	235.0
2017	1219	318.0
2017	1221	753.0
2017	1222	107.0
2017	1223	117.0
2017	1224	421.0
2017	1227	46.0
2017	1228	294.0
2017	1231	156.0
2017	1232	27.0
2017	1233	47.0
2017	1234	37.0
2017	1235	512.0
2017	1238	212.0
2017	1241	138.0
2017	1242	95.0
2017	1243	813.0
2017	1244	129.0
2017	1245	364.0
2017	1246	1246.0
2017	1247	1177.0
2017	1251	149.0
2017	1252	19.0
2017	1253	229.0
2017	1256	402.0
2017	1259	242.0
2017	1260	283.0
2017	1263	773.0
2017	1264	134.0
2017	1265	33.0
2017	1266	51.0
2017	1401	419.0
2017	1411	102.0
2017	1412	22.0
2017	1413	95.0
2017	1416	236.0
2017	1417	83.0
2017	1418	59.0
2017	1419	79.0
2017	1420	525.0
2017	1421	78.0
2017	1422	83.0
2017	1424	184.0
2017	1426	137.0
2017	1428	89.0
2017	1429	96.0
2017	1430	101.0
2017	1431	180.0
2017	1432	750.0
2017	1433	133.0
2017	1438	144.0
2017	1439	193.0
2017	1441	90.0
2017	1443	211.0
2017	1444	35.0
2017	1445	126.0
2017	1449	229.0
2017	1502	1124.0
2017	1504	2181.0
2017	1505	952.0
2017	1506	1288.0
2017	1507	2895.0
2017	1508	2536.7022538552787
2017	1511	95.0
2017	1514	96.0
2017	1515	291.0
2017	1516	404.0
2017	1517	233.0
2017	1519	536.0
2017	1520	312.0
2017	1523	131.0
2017	1524	51.0
2017	1525	151.0
2017	1526	60.0
2017	1528	216.0
2017	1529	228.0
2017	1531	325.0
2017	1532	313.0
2017	1534	322.0
2017	1535	200.0
2017	1539	228.0
2017	1543	93.0
2017	1545	71.0
2017	1546	33.0
2017	1547	163.0
2017	1548	409.0
2017	1551	136.0
2017	1554	211.0
2017	1557	112.0
2017	1560	218.0
2017	1563	357.0
2017	1566	137.0
2017	1567	48.0
2017	1571	91.0
2017	1573	50.0
2017	1576	132.0
2017	1577	571.0
2017	1578	111.0
2017	1579	545.0
2017	1580	358.2977461447214
2017	1601	8449.0
2017	1612	213.0
2017	1613	44.0
2017	1617	220.0
2017	1620	196.0
2017	1621	263.0
2017	1622	71.0
2017	1624	244.0
2017	1627	238.0
2017	1630	90.0
2017	1632	43.0
2017	1633	46.0
2017	1634	201.0
2017	1635	121.0
2017	1636	173.0
2017	1638	454.0
2017	1640	204.0
2017	1644	65.0
2017	1648	285.0
2017	1653	745.0
2017	1657	434.0
2017	1662	387.0
2017	1663	872.0
2017	1664	119.0
2017	1665	45.0
2017	1702	911.0
2017	1703	675.0
2017	1711	211.0
2017	1714	887.0
2017	1717	108.0
2017	1718	152.0
2017	1719	898.0
2017	1721	482.0
2017	1723	40.4186046511628
2017	1724	149.0
2017	1725	70.0
2017	1729	275.5813953488372
2017	1736	176.0
2017	1738	31.0
2017	1739	17.0
2017	1740	43.0
2017	1742	208.0
2017	1743	46.0
2017	1744	182.0
2017	1748	40.0
2017	1749	49.0
2017	1750	185.0
2017	1751	309.0
2017	1755	33.0
2017	1756	316.0
2017	1804	1921.0
2017	1805	729.0
2017	1806	932.0
2017	1811	47.0
2017	1812	109.0
2017	1813	294.0
2017	1815	47.0
2017	1816	33.0
2017	1818	78.0
2017	1820	410.0
2017	1822	128.0
2017	1824	471.0
2017	1825	50.0
2017	1826	59.0
2017	1827	60.0
2017	1828	221.0
2017	1832	174.0
2017	1833	683.0
2017	1834	82.0
2017	1835	18.0
2017	1836	45.0
2017	1837	229.0
2017	1838	117.0
2017	1839	36.0
2017	1840	272.0
2017	1841	373.0
2017	1845	77.0
2017	1848	124.0
2017	1849	107.0
2017	1850	77.0
2017	1851	132.0
2017	1852	58.0
2017	1853	71.0
2017	1854	126.0
2017	1856	18.0
2017	1857	31.0
2017	1859	97.0
2017	1860	498.0
2017	1865	458.0
2017	1866	432.0
2017	1867	111.0
2017	1868	177.0
2017	1870	426.0
2017	1871	211.0
2017	1874	69.0
2017	1875	184.0
2017	1901	1078.3147410358565
2017	1902	2954.0
2017	1903	1098.0
2017	1911	271.0
2017	1913	167.0
2017	1915	19.685258964143426
2017	1917	79.0
2017	1919	67.0
2017	1920	52.0
2017	1922	355.0
2017	1923	167.0
2017	1924	501.0
2017	1925	190.0
2017	1926	31.0
2017	1927	94.0
2017	1928	47.0
2017	1929	65.0
2017	1931	586.0
2017	1933	234.0
2017	1936	131.0
2017	1938	115.0
2017	1939	103.0
2017	1940	110.0
2017	1941	102.0
2017	1942	205.0
2017	1943	65.0
2017	2002	98.0
2017	2003	475.0
2017	2004	548.0
2017	2011	113.0
2017	2012	755.0
2017	2014	67.0
2017	2015	48.0
2017	2017	66.0
2017	2018	51.0
2017	2019	150.0
2017	2020	179.0
2017	2021	105.0
2017	2022	67.0
2017	2023	63.0
2017	2024	59.0
2017	2025	156.0
2017	2027	43.0
2017	2028	96.0
2017	2030	454.0
2017	3001	1082.0
2017	3002	2934.0
2017	3003	2133.0
2017	3004	3078.0
2017	3005	5874.0
2017	3006	1176.0
2017	3007	1222.0
2017	3011	306.0
2017	3012	71.0
2017	3013	181.0
2017	3014	2787.0
2017	3015	210.0
2017	3016	407.0
2017	3017	406.0
2017	3018	406.0
2017	3019	1013.0
2017	3020	3196.0
2017	3021	1590.0
2017	3022	914.0
2017	3023	924.0
2017	3024	6396.0
2017	3025	5208.0
2017	3026	728.0
2017	3027	1395.0
2017	3028	675.0
2017	3029	2630.0
2017	3030	5710.0
2017	3031	1289.0
2017	3032	430.0
2017	3033	2169.0
2017	3034	1057.0
2017	3035	1384.0
2017	3036	779.0
2017	3037	279.0
2017	3038	357.0
2017	3039	58.0
2017	3040	134.0
2017	3041	286.0
2017	3042	194.0
2017	3043	222.0
2017	3044	212.0
2017	3045	127.0
2017	3046	109.0
2017	3047	560.0
2017	3048	905.0
2017	3049	1402.0
2017	3050	156.0
2017	3051	62.0
2017	3052	117.0
2017	3053	341.0
2017	3054	508.0
2017	3101	1082.0
2017	3103	2934.0
2017	3105	2133.0
2017	3107	3078.0
2017	3110	306.0
2017	3112	406.0
2017	3114	406.0
2017	3116	210.0
2017	3118	2787.0
2017	3120	407.0
2017	3122	181.0
2017	3124	71.0
2017	3201	6396.0
2017	3203	5208.0
2017	3205	5710.0
2017	3207	3196.0
2017	3209	2169.0
2017	3212	924.0
2017	3214	914.0
2017	3216	1013.0
2017	3218	1590.0
2017	3220	675.0
2017	3222	2630.0
2017	3224	1395.0
2017	3226	728.0
2017	3228	1057.0
2017	3230	430.0
2017	3232	1289.0
2017	3234	508.0
2017	3236	341.0
2017	3238	779.0
2017	3240	1384.0
2017	3242	279.0
2017	3301	5874.0
2017	3303	1176.0
2017	3305	1222.0
2017	3310	357.0
2017	3312	1402.0
2017	3314	905.0
2017	3316	560.0
2017	3318	109.0
2017	3320	58.0
2017	3322	134.0
2017	3324	286.0
2017	3326	194.0
2017	3328	222.0
2017	3330	212.0
2017	3332	127.0
2017	3334	156.0
2017	3336	62.0
2017	3338	117.0
2017	3401	887.0
2017	3403	1695.0
2017	3405	1618.0
2017	3407	1759.0
2017	3411	1219.0
2017	3412	386.0
2017	3413	960.0
2017	3414	170.0
2017	3415	421.0
2017	3416	270.0
2017	3417	267.0
2017	3418	311.0
2017	3419	229.0
2017	3420	992.0
2017	3421	196.0
2017	3422	387.0
2017	3423	187.0
2017	3424	135.0
2017	3425	120.0
2017	3426	103.0
2017	3427	234.0
2017	3428	111.0
2017	3429	64.0
2017	3430	86.0
2017	3431	110.0
2017	3432	63.0
2017	3433	79.0
2017	3434	83.0
2017	3435	88.0
2017	3436	191.0
2017	3437	215.0
2017	3438	124.0
2017	3439	194.0
2017	3440	216.0
2017	3441	250.0
2017	3442	649.0
2017	3443	612.0
2017	3446	509.0
2017	3447	345.0
2017	3448	271.0
2017	3449	125.0
2017	3450	52.0
2017	3451	318.0
2017	3452	86.0
2017	3453	129.0
2017	3454	170.0
2017	3801	1279.0
2017	3802	1245.0
2017	3803	3464.0
2017	3804	2487.0
2017	3805	1884.0
2017	3806	1986.0
2017	3807	2273.0
2017	3808	541.0
2017	3811	1731.0
2017	3812	133.0
2017	3813	638.0
2017	3814	434.0
2017	3815	152.0
2017	3816	365.0
2017	3817	681.0
2017	3818	321.0
2017	3819	49.0
2017	3820	116.0
2017	3821	107.0
2017	3822	67.0
2017	3823	48.0
2017	3824	73.0
2017	3825	144.0
2017	3901	1279.0
2017	3903	1245.0
2017	3905	3464.0
2017	3907	2487.0
2017	3909	1884.0
2017	3911	1731.0
2017	4001	1986.0
2017	4003	2273.0
2017	4005	541.0
2017	4010	133.0
2017	4012	638.0
2017	4014	434.0
2017	4016	152.0
2017	4018	365.0
2017	4020	681.0
2017	4022	116.0
2017	4024	49.0
2017	4026	321.0
2017	4028	107.0
2017	4030	67.0
2017	4032	48.0
2017	4034	73.0
2017	4036	144.0
2017	4201	313.0
2017	4202	1069.0
2017	4203	1621.0
2017	4204	4906.0
2017	4205	999.0
2017	4206	337.0
2017	4207	296.0
2017	4211	128.0
2017	4212	88.0
2017	4213	289.0
2017	4214	233.0
2017	4215	482.0
2017	4216	292.0
2017	4217	95.0
2017	4218	93.0
2017	4219	193.0
2017	4220	58.0
2017	4221	64.0
2017	4222	60.0
2017	4223	656.0
2017	4224	27.0
2017	4225	481.0
2017	4226	52.0
2017	4227	198.0
2017	4228	72.0
2017	4601	10658.0
2017	4602	612.0
2017	4611	153.0
2017	4612	235.0
2017	4613	318.0
2017	4614	753.0
2017	4615	107.0
2017	4616	117.0
2017	4617	421.0
2017	4618	496.0
2017	4619	27.0
2017	4620	47.0
2017	4621	549.0
2017	4622	212.0
2017	4623	95.0
2017	4624	951.0
2017	4625	129.0
2017	4626	1852.0
2017	4627	1177.0
2017	4628	149.0
2017	4629	19.0
2017	4630	229.0
2017	4631	1458.0
2017	4632	134.0
2017	4633	33.0
2017	4634	51.0
2017	4635	102.0
2017	4636	22.0
2017	4637	95.0
2017	4638	236.0
2017	4639	83.0
2017	4640	663.0
2017	4641	78.0
2017	4642	83.0
2017	4643	184.0
2017	4644	137.0
2017	4645	89.0
2017	4646	96.0
2017	4647	1164.0
2017	4648	144.0
2017	4649	301.0
2017	4650	126.0
2017	4651	229.0
2017	5001	8449.0
2017	5004	911.0
2017	5005	675.0
2017	5006	1060.0
2017	5007	785.0
2017	5011	213.0
2017	5012	44.0
2017	5013	220.0
2017	5014	196.0
2017	5015	263.0
2017	5016	71.0
2017	5017	238.0
2017	5018	90.0
2017	5019	43.0
2017	5020	46.0
2017	5021	201.0
2017	5022	121.0
2017	5023	173.0
2017	5024	454.0
2017	5025	204.0
2017	5026	65.0
2017	5027	285.0
2017	5028	745.0
2017	5029	434.0
2017	5030	387.0
2017	5031	872.0
2017	5032	119.0
2017	5033	45.0
2017	5034	211.0
2017	5035	887.0
2017	5036	108.0
2017	5037	898.0
2017	5038	482.0
2017	5039	149.0
2017	5040	70.0
2017	5041	176.0
2017	5042	31.0
2017	5043	17.0
2017	5044	43.0
2017	5045	208.0
2017	5046	46.0
2017	5047	182.0
2017	5048	40.0
2017	5049	49.0
2017	5050	185.0
2017	5051	309.0
2017	5052	33.0
2017	5053	316.0
2017	5054	396.0
2017	5055	348.0
2017	5056	264.0
2017	5057	501.0
2017	5058	133.0
2017	5059	742.0
2017	5060	494.0
2017	5061	48.0
2017	5401	2954.0
2017	5402	1098.0
2017	5403	755.0
2017	5404	98.0
2017	5405	475.0
2017	5406	614.0
2017	5411	271.0
2017	5412	225.0
2017	5413	79.0
2017	5414	67.0
2017	5415	52.0
2017	5416	355.0
2017	5417	167.0
2017	5418	501.0
2017	5419	190.0
2017	5420	31.0
2017	5421	792.0
2017	5422	234.0
2017	5423	131.0
2017	5424	115.0
2017	5425	103.0
2017	5426	110.0
2017	5427	102.0
2017	5428	205.0
2017	5429	65.0
2017	5430	113.0
2017	5432	67.0
2017	5433	48.0
2017	5434	51.0
2017	5435	150.0
2017	5436	179.0
2017	5437	105.0
2017	5438	67.0
2017	5439	63.0
2017	5440	59.0
2017	5441	156.0
2017	5442	43.0
2017	5443	96.0
2017	5444	454.0
2017	5501	2954.0
2017	5503	1098.0
2017	5510	271.0
2017	5512	225.0
2017	5514	79.0
2017	5516	67.0
2017	5518	52.0
2017	5520	355.0
2017	5522	167.0
2017	5524	501.0
2017	5526	190.0
2017	5528	31.0
2017	5530	792.0
2017	5532	234.0
2017	5534	131.0
2017	5536	115.0
2017	5538	103.0
2017	5540	110.0
2017	5542	102.0
2017	5544	205.0
2017	5546	65.0
2017	5601	755.0
2017	5603	614.0
2017	5605	454.0
2017	5607	475.0
2017	5610	105.0
2017	5612	113.0
2017	5614	67.0
2017	5616	48.0
2017	5618	51.0
2017	5620	150.0
2017	5622	179.0
2017	5624	67.0
2017	5626	63.0
2017	5628	156.0
2017	5630	59.0
2017	5632	96.0
2017	5634	98.0
2017	5636	43.0
2018	0101	1142.0
2018	0104	1978.0
2018	0105	2062.0
2018	0106	3024.0
2018	0111	273.0
2018	0118	95.0
2018	0119	166.0
2018	0121	26.0
2018	0122	355.0
2018	0123	342.0
2018	0124	879.0
2018	0125	666.0
2018	0127	229.0
2018	0128	365.0
2018	0135	418.0
2018	0136	1025.0
2018	0137	382.0
2018	0138	542.0
2018	0211	952.0
2018	0213	1930.0
2018	0214	1844.0
2018	0215	836.0
2018	0216	942.0
2018	0217	1495.0
2018	0219	6458.0
2018	0220	3535.0
2018	0221	802.0
2018	0226	1135.0
2018	0227	837.0
2018	0228	1321.0
2018	0229	679.0
2018	0230	2722.0
2018	0231	3732.0
2018	0233	1151.0
2018	0234	415.0
2018	0235	2322.0
2018	0236	1206.0
2018	0237	1421.0
2018	0238	842.0
2018	0239	233.0
2018	0301	32764.0
2018	0402	833.0
2018	0403	1804.0
2018	0412	1268.0
2018	0415	342.0
2018	0417	1033.0
2018	0418	199.0
2018	0419	389.0
2018	0420	279.0
2018	0423	243.0
2018	0425	328.0
2018	0426	171.0
2018	0427	1006.0
2018	0428	214.0
2018	0429	394.0
2018	0430	150.0
2018	0432	79.0
2018	0434	96.0
2018	0436	65.0
2018	0437	234.0
2018	0438	84.0
2018	0439	65.0
2018	0441	99.0
2018	0501	1655.0
2018	0502	1711.0
2018	0511	130.0
2018	0512	68.0
2018	0513	44.0
2018	0514	78.0
2018	0515	136.0
2018	0516	175.0
2018	0517	205.0
2018	0519	99.0
2018	0520	129.0
2018	0521	271.0
2018	0522	273.0
2018	0528	613.0
2018	0529	646.0
2018	0532	342.0
2018	0533	433.0
2018	0534	590.0
2018	0536	272.0
2018	0538	241.0
2018	0540	152.0
2018	0541	71.0
2018	0542	268.0
2018	0543	111.0
2018	0544	120.0
2018	0545	128.0
2018	0602	4038.0
2018	0604	1237.0
2018	0605	1242.0
2018	0612	388.0
2018	0615	51.0
2018	0616	133.0
2018	0617	218.0
2018	0618	114.0
2018	0619	141.0
2018	0620	197.0
2018	0621	124.0
2018	0622	126.0
2018	0623	603.0
2018	0624	962.0
2018	0625	1597.0
2018	0626	1408.0
2018	0627	1247.0
2018	0628	478.0
2018	0631	133.0
2018	0632	51.0
2018	0633	86.0
2018	0701	1312.0
2018	0702	553.5732647814909
2018	0704	2723.0
2018	0706	1510.4658848614072
2018	0709	1547.4076433121018
2018	0710	2433.0
2018	0711	356.0
2018	0712	1692.0
2018	0713	506.0
2018	0714	186.42673521850898
2018	0715	740.0
2018	0716	586.0
2018	0719	333.73773987206823
2018	0720	588.7963752665245
2018	0722	1139.854419410745
2018	0723	348.14558058925473
2018	0728	144.59235668789808
2018	0729	1488.0
2018	0805	1695.0
2018	0806	2133.0
2018	0807	527.0
2018	0811	154.0
2018	0814	619.0
2018	0815	358.0
2018	0817	157.0
2018	0819	367.0
2018	0821	510.0
2018	0822	302.0
2018	0826	219.0
2018	0827	72.0
2018	0828	138.0
2018	0829	78.0
2018	0830	81.0
2018	0831	67.0
2018	0833	70.0
2018	0834	143.0
2018	0901	285.0
2018	0904	1144.0
2018	0906	1539.0
2018	0911	108.0
2018	0912	86.0
2018	0914	282.0
2018	0919	250.0
2018	0926	466.0
2018	0928	276.0
2018	0929	67.0
2018	0935	74.0
2018	0937	146.0
2018	0938	59.0
2018	0940	105.0
2018	0941	45.0
2018	1001	4369.0
2018	1002	570.0
2018	1003	268.0
2018	1004	250.0
2018	1014	601.0
2018	1017	375.0
2018	1018	571.0
2018	1021	123.0
2018	1026	27.0
2018	1027	82.0
2018	1029	228.0
2018	1032	366.0
2018	1034	53.0
2018	1037	175.0
2018	1046	62.0
2018	1101	467.0
2018	1102	3118.0
2018	1103	6018.0
2018	1106	1795.0
2018	1108	3210.0
2018	1111	85.0
2018	1112	184.0
2018	1114	107.0
2018	1119	624.0
2018	1120	928.0
2018	1121	958.0
2018	1122	583.0
2018	1124	1520.0
2018	1127	584.0
2018	1129	92.0
2018	1130	324.0
2018	1133	129.0
2018	1134	161.0
2018	1135	158.0
2018	1141	155.0
2018	1142	218.0
2018	1144	34.0
2018	1145	32.0
2018	1146	484.0
2018	1149	1434.0
2018	1151	17.0
2018	1160	246.0
2018	1201	10326.0
2018	1211	119.0
2018	1216	270.0
2018	1219	319.0
2018	1221	739.0
2018	1222	102.0
2018	1223	113.0
2018	1224	315.0
2018	1227	31.0
2018	1228	231.0
2018	1231	144.0
2018	1232	55.0
2018	1233	48.0
2018	1234	46.0
2018	1235	458.0
2018	1238	249.0
2018	1241	134.0
2018	1242	107.0
2018	1243	838.0
2018	1244	170.0
2018	1245	343.0
2018	1246	1182.0
2018	1247	1116.0
2018	1251	173.0
2018	1252	18.0
2018	1253	293.0
2018	1256	397.0
2018	1259	230.0
2018	1260	269.0
2018	1263	736.0
2018	1264	146.0
2018	1265	21.0
2018	1266	70.0
2018	1401	438.0
2018	1411	115.0
2018	1412	18.0
2018	1413	62.0
2018	1416	169.0
2018	1417	57.0
2018	1418	40.0
2018	1419	93.0
2018	1420	442.0
2018	1421	79.0
2018	1422	79.0
2018	1424	134.0
2018	1426	172.0
2018	1428	95.0
2018	1429	92.0
2018	1430	85.0
2018	1431	133.0
2018	1432	640.0
2018	1433	125.0
2018	1438	127.0
2018	1439	166.0
2018	1441	82.0
2018	1443	221.0
2018	1444	29.0
2018	1445	190.0
2018	1449	195.0
2018	1502	1101.0
2018	1504	2022.0
2018	1505	865.0
2018	1506	1259.0
2018	1507	2675.0
2018	1508	2343.9304072756026
2018	1511	95.0
2018	1514	104.0
2018	1515	277.0
2018	1516	419.0
2018	1517	181.0
2018	1519	558.0
2018	1520	314.0
2018	1523	120.0
2018	1524	65.0
2018	1525	179.0
2018	1526	57.0
2018	1528	236.0
2018	1529	206.0
2018	1531	341.0
2018	1532	312.0
2018	1534	298.0
2018	1535	211.0
2018	1539	206.0
2018	1543	102.0
2018	1545	56.0
2018	1546	29.0
2018	1547	144.0
2018	1548	391.0
2018	1551	140.0
2018	1554	203.0
2018	1557	82.0
2018	1560	192.0
2018	1563	250.0
2018	1566	181.0
2018	1567	57.0
2018	1571	43.0
2018	1573	90.0
2018	1576	136.0
2018	1577	587.0
2018	1578	122.0
2018	1579	531.0
2018	1580	331.0695927243971
2018	1601	8328.0
2018	1612	114.0
2018	1613	62.0
2018	1617	240.0
2018	1620	205.0
2018	1621	286.0
2018	1622	57.0
2018	1624	234.14141414141412
2018	1627	223.0
2018	1630	85.0
2018	1632	45.0
2018	1633	34.0
2018	1634	208.0
2018	1635	119.0
2018	1636	198.0
2018	1638	421.0
2018	1640	246.0
2018	1644	68.0
2018	1648	200.0
2018	1653	818.0
2018	1657	427.0
2018	1662	383.0
2018	1663	896.0
2018	1664	136.0
2018	1665	48.0
2018	1702	895.0
2018	1703	555.0
2018	1711	102.0
2018	1714	980.0
2018	1717	115.0
2018	1718	145.85858585858585
2018	1719	830.0
2018	1721	471.0
2018	1723	39.5232558139535
2018	1724	123.0
2018	1725	62.0
2018	1729	269.4767441860465
2018	1736	68.0
2018	1738	46.0
2018	1739	15.0
2018	1740	65.0
2018	1742	122.0
2018	1743	52.0
2018	1744	151.0
2018	1748	27.0
2018	1749	50.0
2018	1750	172.0
2018	1751	287.0
2018	1755	24.0
2018	1756	309.0
2018	1804	1906.0
2018	1805	758.0
2018	1806	979.0
2018	1811	55.0
2018	1812	88.0
2018	1813	286.0
2018	1815	46.0
2018	1816	34.0
2018	1818	84.0
2018	1820	356.0
2018	1822	129.0
2018	1824	462.0
2018	1825	42.0
2018	1826	71.0
2018	1827	68.0
2018	1828	129.0
2018	1832	152.0
2018	1833	673.0
2018	1834	92.0
2018	1835	23.0
2018	1836	36.0
2018	1837	210.0
2018	1838	113.0
2018	1839	49.0
2018	1840	159.0
2018	1841	373.0
2018	1845	96.0
2018	1848	98.0
2018	1849	134.0
2018	1850	95.0
2018	1851	113.0
2018	1852	74.0
2018	1853	71.0
2018	1854	126.0
2018	1856	17.0
2018	1857	46.0
2018	1859	73.0
2018	1860	463.0
2018	1865	414.0
2018	1866	371.0
2018	1867	81.0
2018	1868	223.0
2018	1870	416.0
2018	1871	262.0
2018	1874	57.0
2018	1875	229.0
2018	1901	1052.780876494024
2018	1902	3104.0
2018	1903	1072.0
2018	1911	209.0
2018	1913	145.0
2018	1915	19.219123505976093
2018	1917	66.0
2018	1919	62.0
2018	1920	35.0
2018	1922	336.0
2018	1923	180.0
2018	1924	417.0
2018	1925	183.0
2018	1926	73.0
2018	1927	95.0
2018	1928	44.0
2018	1929	59.0
2018	1931	477.0
2018	1933	235.0
2018	1936	128.0
2018	1938	106.0
2018	1939	101.0
2018	1940	96.0
2018	1941	119.0
2018	1942	251.0
2018	1943	67.0
2018	2002	105.0
2018	2003	413.0
2018	2004	552.0
2018	2011	132.0
2018	2012	811.0
2018	2014	39.0
2018	2015	51.0
2018	2017	80.0
2018	2018	76.0
2018	2019	185.0
2018	2020	156.0
2018	2021	114.0
2018	2022	85.0
2018	2023	65.0
2018	2024	49.0
2018	2025	133.0
2018	2027	55.0
2018	2028	86.0
2018	2030	499.0
2018	3001	1142.0
2018	3002	3003.0
2018	3003	2062.0
2018	3004	3024.0
2018	3005	5991.0
2018	3006	1237.0
2018	3007	1242.0
2018	3011	273.0
2018	3012	95.0
2018	3013	166.0
2018	3014	2784.0
2018	3015	229.0
2018	3016	365.0
2018	3017	418.0
2018	3018	382.0
2018	3019	952.0
2018	3020	3425.0
2018	3021	1844.0
2018	3022	836.0
2018	3023	942.0
2018	3024	6458.0
2018	3025	5260.0
2018	3026	828.0
2018	3027	1321.0
2018	3028	679.0
2018	3029	2722.0
2018	3030	5704.0
2018	3031	1151.0
2018	3032	415.0
2018	3033	2322.0
2018	3034	1206.0
2018	3035	1421.0
2018	3036	842.0
2018	3037	233.0
2018	3038	388.0
2018	3039	51.0
2018	3040	133.0
2018	3041	218.0
2018	3042	114.0
2018	3043	141.0
2018	3044	197.0
2018	3045	124.0
2018	3046	126.0
2018	3047	603.0
2018	3048	962.0
2018	3049	1408.0
2018	3050	133.0
2018	3051	51.0
2018	3052	86.0
2018	3053	342.0
2018	3054	433.0
2018	3101	1142.0
2018	3103	3003.0
2018	3105	2062.0
2018	3107	3024.0
2018	3110	273.0
2018	3112	418.0
2018	3114	382.0
2018	3116	229.0
2018	3118	2784.0
2018	3120	365.0
2018	3122	166.0
2018	3124	95.0
2018	3201	6458.0
2018	3203	5260.0
2018	3205	5704.0
2018	3207	3425.0
2018	3209	2322.0
2018	3212	942.0
2018	3214	836.0
2018	3216	952.0
2018	3218	1844.0
2018	3220	679.0
2018	3222	2722.0
2018	3224	1321.0
2018	3226	828.0
2018	3228	1206.0
2018	3230	415.0
2018	3232	1151.0
2018	3234	433.0
2018	3236	342.0
2018	3238	842.0
2018	3240	1421.0
2018	3242	233.0
2018	3301	5991.0
2018	3303	1237.0
2018	3305	1242.0
2018	3310	388.0
2018	3312	1408.0
2018	3314	962.0
2018	3316	603.0
2018	3318	126.0
2018	3320	51.0
2018	3322	133.0
2018	3324	218.0
2018	3326	114.0
2018	3328	141.0
2018	3330	197.0
2018	3332	124.0
2018	3334	133.0
2018	3336	51.0
2018	3338	86.0
2018	3401	833.0
2018	3403	1804.0
2018	3405	1655.0
2018	3407	1711.0
2018	3411	1268.0
2018	3412	342.0
2018	3413	1033.0
2018	3414	199.0
2018	3415	389.0
2018	3416	279.0
2018	3417	243.0
2018	3418	328.0
2018	3419	171.0
2018	3420	1006.0
2018	3421	214.0
2018	3422	394.0
2018	3423	150.0
2018	3424	79.0
2018	3425	96.0
2018	3426	65.0
2018	3427	234.0
2018	3428	84.0
2018	3429	65.0
2018	3430	99.0
2018	3431	130.0
2018	3432	68.0
2018	3433	44.0
2018	3434	78.0
2018	3435	136.0
2018	3436	175.0
2018	3437	205.0
2018	3438	99.0
2018	3439	129.0
2018	3440	271.0
2018	3441	273.0
2018	3442	613.0
2018	3443	646.0
2018	3446	590.0
2018	3447	272.0
2018	3448	241.0
2018	3449	152.0
2018	3450	71.0
2018	3451	268.0
2018	3452	111.0
2018	3453	120.0
2018	3454	128.0
2018	3801	1312.0
2018	3802	1246.0
2018	3803	3309.0
2018	3804	2433.0
2018	3805	1692.0
2018	3806	1695.0
2018	3807	2133.0
2018	3808	527.0
2018	3811	1488.0
2018	3812	154.0
2018	3813	619.0
2018	3814	358.0
2018	3815	157.0
2018	3816	367.0
2018	3817	812.0
2018	3818	219.0
2018	3819	72.0
2018	3820	138.0
2018	3821	78.0
2018	3822	81.0
2018	3823	67.0
2018	3824	70.0
2018	3825	143.0
2018	3901	1312.0
2018	3903	1246.0
2018	3905	3309.0
2018	3907	2433.0
2018	3909	1692.0
2018	3911	1488.0
2018	4001	1695.0
2018	4003	2133.0
2018	4005	527.0
2018	4010	154.0
2018	4012	619.0
2018	4014	358.0
2018	4016	157.0
2018	4018	367.0
2018	4020	812.0
2018	4022	138.0
2018	4024	72.0
2018	4026	219.0
2018	4028	78.0
2018	4030	81.0
2018	4032	67.0
2018	4034	70.0
2018	4036	143.0
2018	4201	285.0
2018	4202	1144.0
2018	4203	1539.0
2018	4204	5315.0
2018	4205	921.0
2018	4206	268.0
2018	4207	250.0
2018	4211	108.0
2018	4212	86.0
2018	4213	282.0
2018	4214	250.0
2018	4215	466.0
2018	4216	276.0
2018	4217	67.0
2018	4218	74.0
2018	4219	146.0
2018	4220	59.0
2018	4221	105.0
2018	4222	45.0
2018	4223	601.0
2018	4224	27.0
2018	4225	448.0
2018	4226	53.0
2018	4227	175.0
2018	4228	62.0
2018	4601	10326.0
2018	4602	604.0
2018	4611	119.0
2018	4612	270.0
2018	4613	319.0
2018	4614	739.0
2018	4615	102.0
2018	4616	113.0
2018	4617	315.0
2018	4618	406.0
2018	4619	55.0
2018	4620	48.0
2018	4621	504.0
2018	4622	249.0
2018	4623	107.0
2018	4624	972.0
2018	4625	170.0
2018	4626	1755.0
2018	4627	1116.0
2018	4628	173.0
2018	4629	18.0
2018	4630	293.0
2018	4631	1402.0
2018	4632	146.0
2018	4633	21.0
2018	4634	70.0
2018	4635	115.0
2018	4636	18.0
2018	4637	62.0
2018	4638	169.0
2018	4639	57.0
2018	4640	575.0
2018	4641	79.0
2018	4642	79.0
2018	4643	134.0
2018	4644	172.0
2018	4645	95.0
2018	4646	92.0
2018	4647	983.0
2018	4648	127.0
2018	4649	303.0
2018	4650	190.0
2018	4651	195.0
2018	5001	8328.0
2018	5004	895.0
2018	5005	555.0
2018	5006	1018.0
2018	5007	644.0
2018	5011	114.0
2018	5012	62.0
2018	5013	240.0
2018	5014	205.0
2018	5015	286.0
2018	5016	57.0
2018	5017	223.0
2018	5018	85.0
2018	5019	45.0
2018	5020	34.0
2018	5021	208.0
2018	5022	119.0
2018	5023	198.0
2018	5024	421.0
2018	5025	246.0
2018	5026	68.0
2018	5027	200.0
2018	5028	818.0
2018	5029	427.0
2018	5030	383.0
2018	5031	896.0
2018	5032	136.0
2018	5033	48.0
2018	5034	102.0
2018	5035	980.0
2018	5036	115.0
2018	5037	830.0
2018	5038	471.0
2018	5039	123.0
2018	5040	62.0
2018	5041	68.0
2018	5042	46.0
2018	5043	15.0
2018	5044	65.0
2018	5045	122.0
2018	5046	52.0
2018	5047	151.0
2018	5048	27.0
2018	5049	50.0
2018	5050	172.0
2018	5051	287.0
2018	5052	24.0
2018	5053	309.0
2018	5054	380.0
2018	5055	219.0
2018	5056	302.0
2018	5057	509.0
2018	5058	130.0
2018	5059	738.0
2018	5060	459.0
2018	5061	57.0
2018	5401	3104.0
2018	5402	1072.0
2018	5403	811.0
2018	5404	105.0
2018	5405	413.0
2018	5406	632.0
2018	5411	209.0
2018	5412	219.0
2018	5413	66.0
2018	5414	62.0
2018	5415	35.0
2018	5416	336.0
2018	5417	180.0
2018	5418	417.0
2018	5419	183.0
2018	5420	73.0
2018	5421	675.0
2018	5422	235.0
2018	5423	128.0
2018	5424	106.0
2018	5425	101.0
2018	5426	96.0
2018	5427	119.0
2018	5428	251.0
2018	5429	67.0
2018	5430	132.0
2018	5432	39.0
2018	5433	51.0
2018	5434	76.0
2018	5435	185.0
2018	5436	156.0
2018	5437	114.0
2018	5438	85.0
2018	5439	65.0
2018	5440	49.0
2018	5441	133.0
2018	5442	55.0
2018	5443	86.0
2018	5444	499.0
2018	5501	3104.0
2018	5503	1072.0
2018	5510	209.0
2018	5512	219.0
2018	5514	66.0
2018	5516	62.0
2018	5518	35.0
2018	5520	336.0
2018	5522	180.0
2018	5524	417.0
2018	5526	183.0
2018	5528	73.0
2018	5530	675.0
2018	5532	235.0
2018	5534	128.0
2018	5536	106.0
2018	5538	101.0
2018	5540	96.0
2018	5542	119.0
2018	5544	251.0
2018	5546	67.0
2018	5601	811.0
2018	5603	632.0
2018	5605	499.0
2018	5607	413.0
2018	5610	114.0
2018	5612	132.0
2018	5614	39.0
2018	5616	51.0
2018	5618	76.0
2018	5620	185.0
2018	5622	156.0
2018	5624	85.0
2018	5626	65.0
2018	5628	133.0
2018	5630	49.0
2018	5632	86.0
2018	5634	105.0
2018	5636	55.0
2019	0101	1112.0
2019	0104	1973.0
2019	0105	2051.0
2019	0106	3304.0
2019	0111	239.0
2019	0118	67.0
2019	0119	155.0
2019	0121	23.0
2019	0122	355.0
2019	0123	352.0
2019	0124	833.0
2019	0125	647.0
2019	0127	210.0
2019	0128	380.0
2019	0135	442.0
2019	0136	1025.0
2019	0137	381.0
2019	0138	570.0
2019	0211	1005.0
2019	0213	1804.0
2019	0214	1837.0
2019	0215	853.0
2019	0216	991.0
2019	0217	1404.0
2019	0219	6707.0
2019	0220	3569.0
2019	0221	702.0
2019	0226	1216.0
2019	0227	814.0
2019	0228	1362.0
2019	0229	606.0
2019	0230	2773.0
2019	0231	4143.0
2019	0233	1286.0
2019	0234	475.0
2019	0235	2438.0
2019	0236	1091.0
2019	0237	1285.0
2019	0238	933.0
2019	0239	188.0
2019	0301	32150.0
2019	0402	788.0
2019	0403	1824.0
2019	0412	1276.0
2019	0415	404.0
2019	0417	1086.0
2019	0418	173.0
2019	0419	393.0
2019	0420	254.0
2019	0423	234.0
2019	0425	292.0
2019	0426	187.0
2019	0427	964.0
2019	0428	199.0
2019	0429	400.0
2019	0430	149.0
2019	0432	61.0
2019	0434	102.0
2019	0436	56.0
2019	0437	208.0
2019	0438	97.0
2019	0439	74.0
2019	0441	82.0
2019	0501	1505.0
2019	0502	1779.0
2019	0511	128.0
2019	0512	80.0
2019	0513	67.0
2019	0514	117.0
2019	0515	114.0
2019	0516	190.0
2019	0517	195.0
2019	0519	125.0
2019	0520	160.0
2019	0521	247.0
2019	0522	237.0
2019	0528	617.0
2019	0529	651.0
2019	0532	360.0
2019	0533	465.0
2019	0534	568.0
2019	0536	282.0
2019	0538	237.0
2019	0540	109.0
2019	0541	55.0
2019	0542	260.0
2019	0543	114.0
2019	0544	109.0
2019	0545	136.0
2019	0602	4115.0
2019	0604	1137.0
2019	0605	1189.0
2019	0612	388.0
2019	0615	38.0
2019	0616	122.0
2019	0617	200.0
2019	0618	130.0
2019	0619	190.0
2019	0620	218.0
2019	0621	139.0
2019	0622	96.0
2019	0623	514.0
2019	0624	1007.0
2019	0625	1440.0
2019	0626	1487.0
2019	0627	1281.0
2019	0628	530.0
2019	0631	142.0
2019	0632	98.0
2019	0633	94.0
2019	0701	1337.0
2019	0702	545.3444730077122
2019	0704	2780.0
2019	0706	1530.9530916844349
2019	0709	1627.887473460722
2019	0710	2466.0
2019	0711	403.0
2019	0712	1780.0
2019	0713	514.0
2019	0714	183.65552699228792
2019	0715	729.0
2019	0716	663.0
2019	0719	338.2643923240938
2019	0720	596.7825159914712
2019	0722	1116.8734835355285
2019	0723	341.1265164644714
2019	0728	152.11252653927815
2019	0729	1458.0
2019	0805	1738.0
2019	0806	2040.0
2019	0807	534.0
2019	0811	133.0
2019	0814	637.0
2019	0815	378.0
2019	0817	146.0
2019	0819	335.0
2019	0821	538.0
2019	0822	230.0
2019	0826	259.0
2019	0827	66.0
2019	0828	132.0
2019	0829	79.0
2019	0830	69.0
2019	0831	47.0
2019	0833	83.0
2019	0834	177.0
2019	0901	300.0
2019	0904	1169.0
2019	0906	1554.0
2019	0911	97.0
2019	0912	102.0
2019	0914	295.0
2019	0919	294.0
2019	0926	451.0
2019	0928	274.0
2019	0929	80.0
2019	0935	82.0
2019	0937	156.0
2019	0938	71.0
2019	0940	46.0
2019	0941	56.0
2019	1001	4307.0
2019	1002	554.0
2019	1003	301.0
2019	1004	306.0
2019	1014	598.0
2019	1017	424.0
2019	1018	583.0
2019	1021	148.0
2019	1026	31.0
2019	1027	99.0
2019	1029	245.0
2019	1032	365.0
2019	1034	43.0
2019	1037	205.0
2019	1046	66.0
2019	1101	456.0
2019	1102	3167.0
2019	1103	6231.0
2019	1106	1844.0
2019	1108	3239.0
2019	1111	96.0
2019	1112	181.0
2019	1114	114.0
2019	1119	610.0
2019	1120	893.0
2019	1121	874.0
2019	1122	572.0
2019	1124	1635.0
2019	1127	541.0
2019	1129	72.0
2019	1130	339.0
2019	1133	102.0
2019	1134	111.0
2019	1135	125.0
2019	1141	109.0
2019	1142	254.0
2019	1144	19.0
2019	1145	11.0
2019	1146	469.0
2019	1149	1302.0
2019	1151	8.0
2019	1160	272.0
2019	1201	9996.0
2019	1211	112.0
2019	1216	218.0
2019	1219	308.0
2019	1221	757.0
2019	1222	116.0
2019	1223	71.0
2019	1224	355.0
2019	1227	31.0
2019	1228	213.0
2019	1231	118.0
2019	1232	34.0
2019	1233	46.0
2019	1234	53.0
2019	1235	421.0
2019	1238	235.0
2019	1241	133.0
2019	1242	96.0
2019	1243	772.0
2019	1244	155.0
2019	1245	319.0
2019	1246	1334.0
2019	1247	1105.0
2019	1251	156.0
2019	1252	5.0
2019	1253	265.0
2019	1256	422.0
2019	1259	250.0
2019	1260	250.0
2019	1263	664.0
2019	1264	155.0
2019	1265	37.0
2019	1266	74.0
2019	1401	370.0
2019	1411	90.0
2019	1412	39.0
2019	1413	79.0
2019	1416	205.0
2019	1417	88.0
2019	1418	42.0
2019	1419	92.0
2019	1420	453.0
2019	1421	74.0
2019	1422	84.0
2019	1424	141.0
2019	1426	151.0
2019	1428	103.0
2019	1429	93.0
2019	1430	133.0
2019	1431	107.0
2019	1432	582.0
2019	1433	120.0
2019	1438	135.0
2019	1439	202.0
2019	1441	84.0
2019	1443	175.0
2019	1444	42.0
2019	1445	177.0
2019	1449	230.0
2019	1502	1152.0
2019	1504	2110.0
2019	1505	820.0
2019	1506	1314.0
2019	1507	2834.0
2019	1508	2483.251878212732
2019	1511	114.0
2019	1514	98.0
2019	1515	301.0
2019	1516	440.0
2019	1517	208.0
2019	1519	528.0
2019	1520	330.0
2019	1523	108.0
2019	1524	75.0
2019	1525	142.0
2019	1526	43.0
2019	1528	184.0
2019	1529	251.0
2019	1531	336.0
2019	1532	334.0
2019	1534	325.0
2019	1535	202.0
2019	1539	206.0
2019	1543	101.0
2019	1545	61.0
2019	1546	40.0
2019	1547	197.0
2019	1548	342.0
2019	1551	120.0
2019	1554	240.0
2019	1557	100.0
2019	1560	152.0
2019	1563	232.0
2019	1566	179.0
2019	1567	68.0
2019	1571	51.0
2019	1573	52.0
2019	1576	139.0
2019	1577	570.0
2019	1578	118.0
2019	1579	462.0
2019	1580	350.7481217872678
2019	1601	8707.0
2019	1612	140.0
2019	1613	56.0
2019	1617	203.0
2019	1620	179.0
2019	1621	243.0
2019	1622	81.0
2019	1624	223.66666666666666
2019	1627	198.0
2019	1630	103.0
2019	1632	40.0
2019	1633	38.0
2019	1634	186.0
2019	1635	104.0
2019	1636	162.0
2019	1638	389.0
2019	1640	255.0
2019	1644	88.0
2019	1648	204.0
2019	1653	783.0
2019	1657	399.0
2019	1662	370.0
2019	1663	827.0
2019	1664	166.0
2019	1665	41.0
2019	1702	920.0
2019	1703	618.0
2019	1711	96.0
2019	1714	909.0
2019	1717	129.0
2019	1718	139.33333333333331
2019	1719	1007.0
2019	1721	525.0
2019	1723	36.19767441860466
2019	1724	161.0
2019	1725	57.0
2019	1729	246.80232558139534
2019	1736	64.0
2019	1738	54.0
2019	1739	36.0
2019	1740	64.0
2019	1742	100.0
2019	1743	40.0
2019	1744	145.0
2019	1748	35.0
2019	1749	57.0
2019	1750	198.0
2019	1751	245.0
2019	1755	21.0
2019	1756	283.0
2019	1804	1956.0
2019	1805	721.0
2019	1806	907.0
2019	1811	49.0
2019	1812	117.0
2019	1813	277.0
2019	1815	75.0
2019	1816	57.0
2019	1818	86.0
2019	1820	319.0
2019	1822	139.0
2019	1824	432.0
2019	1825	65.0
2019	1826	75.0
2019	1827	62.0
2019	1828	99.0
2019	1832	157.0
2019	1833	682.0
2019	1834	97.0
2019	1835	28.0
2019	1836	43.0
2019	1837	239.0
2019	1838	123.0
2019	1839	34.0
2019	1840	137.0
2019	1841	409.0
2019	1845	107.0
2019	1848	121.0
2019	1849	83.0
2019	1850	79.0
2019	1851	114.0
2019	1852	76.0
2019	1853	79.0
2019	1854	107.0
2019	1856	27.0
2019	1857	23.0
2019	1859	85.0
2019	1860	485.0
2019	1865	457.0
2019	1866	398.0
2019	1867	129.0
2019	1868	185.0
2019	1870	458.0
2019	1871	263.0
2019	1874	62.0
2019	1875	162.0
2019	1901	1075.3685258964144
2019	1902	3369.0
2019	1903	1095.0
2019	1911	169.0
2019	1913	158.0
2019	1915	19.631474103585656
2019	1917	60.0
2019	1919	72.0
2019	1920	32.0
2019	1922	336.0
2019	1923	211.0
2019	1924	525.0
2019	1925	179.0
2019	1926	74.0
2019	1927	92.0
2019	1928	69.0
2019	1929	62.0
2019	1931	534.0
2019	1933	280.0
2019	1936	117.0
2019	1938	125.0
2019	1939	102.0
2019	1940	78.0
2019	1941	91.0
2019	1942	251.0
2019	1943	70.0
2019	2002	106.0
2019	2003	383.0
2019	2004	565.0
2019	2011	111.0
2019	2012	785.0
2019	2014	91.0
2019	2015	78.0
2019	2017	80.0
2019	2018	75.0
2019	2019	167.0
2019	2020	164.0
2019	2021	139.0
2019	2022	102.0
2019	2023	71.0
2019	2024	45.0
2019	2025	139.0
2019	2027	52.0
2019	2028	103.0
2019	2030	431.0
2019	3001	1112.0
2019	3002	2998.0
2019	3003	2051.0
2019	3004	3304.0
2019	3005	5958.0
2019	3006	1137.0
2019	3007	1189.0
2019	3011	239.0
2019	3012	67.0
2019	3013	155.0
2019	3014	2757.0
2019	3015	210.0
2019	3016	380.0
2019	3017	442.0
2019	3018	381.0
2019	3019	1005.0
2019	3020	3208.0
2019	3021	1837.0
2019	3022	853.0
2019	3023	991.0
2019	3024	6707.0
2019	3025	5380.0
2019	3026	725.0
2019	3027	1362.0
2019	3028	606.0
2019	3029	2773.0
2019	3030	6173.0
2019	3031	1286.0
2019	3032	475.0
2019	3033	2438.0
2019	3034	1091.0
2019	3035	1285.0
2019	3036	933.0
2019	3037	188.0
2019	3038	388.0
2019	3039	38.0
2019	3040	122.0
2019	3041	200.0
2019	3042	130.0
2019	3043	190.0
2019	3044	218.0
2019	3045	139.0
2019	3046	96.0
2019	3047	514.0
2019	3048	1007.0
2019	3049	1487.0
2019	3050	142.0
2019	3051	98.0
2019	3052	94.0
2019	3053	360.0
2019	3054	465.0
2019	3101	1112.0
2019	3103	2998.0
2019	3105	2051.0
2019	3107	3304.0
2019	3110	239.0
2019	3112	442.0
2019	3114	381.0
2019	3116	210.0
2019	3118	2757.0
2019	3120	380.0
2019	3122	155.0
2019	3124	67.0
2019	3201	6707.0
2019	3203	5380.0
2019	3205	6173.0
2019	3207	3208.0
2019	3209	2438.0
2019	3212	991.0
2019	3214	853.0
2019	3216	1005.0
2019	3218	1837.0
2019	3220	606.0
2019	3222	2773.0
2019	3224	1362.0
2019	3226	725.0
2019	3228	1091.0
2019	3230	475.0
2019	3232	1286.0
2019	3234	465.0
2019	3236	360.0
2019	3238	933.0
2019	3240	1285.0
2019	3242	188.0
2019	3301	5958.0
2019	3303	1137.0
2019	3305	1189.0
2019	3310	388.0
2019	3312	1487.0
2019	3314	1007.0
2019	3316	514.0
2019	3318	96.0
2019	3320	38.0
2019	3322	122.0
2019	3324	200.0
2019	3326	130.0
2019	3328	190.0
2019	3330	218.0
2019	3332	139.0
2019	3334	142.0
2019	3336	98.0
2019	3338	94.0
2019	3401	788.0
2019	3403	1824.0
2019	3405	1505.0
2019	3407	1779.0
2019	3411	1276.0
2019	3412	404.0
2019	3413	1086.0
2019	3414	173.0
2019	3415	393.0
2019	3416	254.0
2019	3417	234.0
2019	3418	292.0
2019	3419	187.0
2019	3420	964.0
2019	3421	199.0
2019	3422	400.0
2019	3423	149.0
2019	3424	61.0
2019	3425	102.0
2019	3426	56.0
2019	3427	208.0
2019	3428	97.0
2019	3429	74.0
2019	3430	82.0
2019	3431	128.0
2019	3432	80.0
2019	3433	67.0
2019	3434	117.0
2019	3435	114.0
2019	3436	190.0
2019	3437	195.0
2019	3438	125.0
2019	3439	160.0
2019	3440	247.0
2019	3441	237.0
2019	3442	617.0
2019	3443	651.0
2019	3446	568.0
2019	3447	282.0
2019	3448	237.0
2019	3449	109.0
2019	3450	55.0
2019	3451	260.0
2019	3452	114.0
2019	3453	109.0
2019	3454	136.0
2019	3801	1337.0
2019	3802	1243.0
2019	3803	3443.0
2019	3804	2466.0
2019	3805	1780.0
2019	3806	1738.0
2019	3807	2040.0
2019	3808	534.0
2019	3811	1458.0
2019	3812	133.0
2019	3813	637.0
2019	3814	378.0
2019	3815	146.0
2019	3816	335.0
2019	3817	768.0
2019	3818	259.0
2019	3819	66.0
2019	3820	132.0
2019	3821	79.0
2019	3822	69.0
2019	3823	47.0
2019	3824	83.0
2019	3825	177.0
2019	3901	1337.0
2019	3903	1243.0
2019	3905	3443.0
2019	3907	2466.0
2019	3909	1780.0
2019	3911	1458.0
2019	4001	1738.0
2019	4003	2040.0
2019	4005	534.0
2019	4010	133.0
2019	4012	637.0
2019	4014	378.0
2019	4016	146.0
2019	4018	335.0
2019	4020	768.0
2019	4022	132.0
2019	4024	66.0
2019	4026	259.0
2019	4028	79.0
2019	4030	69.0
2019	4032	47.0
2019	4034	83.0
2019	4036	177.0
2019	4201	300.0
2019	4202	1169.0
2019	4203	1554.0
2019	4204	5314.0
2019	4205	947.0
2019	4206	301.0
2019	4207	306.0
2019	4211	97.0
2019	4212	102.0
2019	4213	295.0
2019	4214	294.0
2019	4215	451.0
2019	4216	274.0
2019	4217	80.0
2019	4218	82.0
2019	4219	156.0
2019	4220	71.0
2019	4221	46.0
2019	4222	56.0
2019	4223	598.0
2019	4224	31.0
2019	4225	464.0
2019	4226	43.0
2019	4227	205.0
2019	4228	66.0
2019	4601	9996.0
2019	4602	572.0
2019	4611	112.0
2019	4612	218.0
2019	4613	308.0
2019	4614	757.0
2019	4615	116.0
2019	4616	71.0
2019	4617	355.0
2019	4618	362.0
2019	4619	34.0
2019	4620	46.0
2019	4621	474.0
2019	4622	235.0
2019	4623	96.0
2019	4624	905.0
2019	4625	155.0
2019	4626	1903.0
2019	4627	1105.0
2019	4628	156.0
2019	4629	5.0
2019	4630	265.0
2019	4631	1336.0
2019	4632	155.0
2019	4633	37.0
2019	4634	74.0
2019	4635	90.0
2019	4636	39.0
2019	4637	79.0
2019	4638	205.0
2019	4639	88.0
2019	4640	587.0
2019	4641	74.0
2019	4642	84.0
2019	4643	141.0
2019	4644	151.0
2019	4645	103.0
2019	4646	93.0
2019	4647	942.0
2019	4648	135.0
2019	4649	259.0
2019	4650	177.0
2019	4651	230.0
2019	5001	8707.0
2019	5004	920.0
2019	5005	618.0
2019	5006	1081.0
2019	5007	710.0
2019	5011	140.0
2019	5012	56.0
2019	5013	203.0
2019	5014	179.0
2019	5015	243.0
2019	5016	81.0
2019	5017	198.0
2019	5018	103.0
2019	5019	40.0
2019	5020	38.0
2019	5021	186.0
2019	5022	104.0
2019	5023	162.0
2019	5024	389.0
2019	5025	255.0
2019	5026	88.0
2019	5027	204.0
2019	5028	783.0
2019	5029	399.0
2019	5030	370.0
2019	5031	827.0
2019	5032	166.0
2019	5033	41.0
2019	5034	96.0
2019	5035	909.0
2019	5036	129.0
2019	5037	1007.0
2019	5038	525.0
2019	5039	161.0
2019	5040	57.0
2019	5041	64.0
2019	5042	54.0
2019	5043	36.0
2019	5044	64.0
2019	5045	100.0
2019	5046	40.0
2019	5047	145.0
2019	5048	35.0
2019	5049	57.0
2019	5050	198.0
2019	5051	245.0
2019	5052	21.0
2019	5053	283.0
2019	5054	363.0
2019	5055	247.0
2019	5056	259.0
2019	5057	441.0
2019	5058	143.0
2019	5059	688.0
2019	5060	443.0
2019	5061	68.0
2019	5401	3369.0
2019	5402	1095.0
2019	5403	785.0
2019	5404	106.0
2019	5405	383.0
2019	5406	645.0
2019	5411	169.0
2019	5412	234.0
2019	5413	60.0
2019	5414	72.0
2019	5415	32.0
2019	5416	336.0
2019	5417	211.0
2019	5418	525.0
2019	5419	179.0
2019	5420	74.0
2019	5421	757.0
2019	5422	280.0
2019	5423	117.0
2019	5424	125.0
2019	5425	102.0
2019	5426	78.0
2019	5427	91.0
2019	5428	251.0
2019	5429	70.0
2019	5430	111.0
2019	5432	91.0
2019	5433	78.0
2019	5434	75.0
2019	5435	167.0
2019	5436	164.0
2019	5437	139.0
2019	5438	102.0
2019	5439	71.0
2019	5440	45.0
2019	5441	139.0
2019	5442	52.0
2019	5443	103.0
2019	5444	431.0
2019	5501	3369.0
2019	5503	1095.0
2019	5510	169.0
2019	5512	234.0
2019	5514	60.0
2019	5516	72.0
2019	5518	32.0
2019	5520	336.0
2019	5522	211.0
2019	5524	525.0
2019	5526	179.0
2019	5528	74.0
2019	5530	757.0
2019	5532	280.0
2019	5534	117.0
2019	5536	125.0
2019	5538	102.0
2019	5540	78.0
2019	5542	91.0
2019	5544	251.0
2019	5546	70.0
2019	5601	785.0
2019	5603	645.0
2019	5605	431.0
2019	5607	383.0
2019	5610	139.0
2019	5612	111.0
2019	5614	91.0
2019	5616	78.0
2019	5618	75.0
2019	5620	167.0
2019	5622	164.0
2019	5624	102.0
2019	5626	71.0
2019	5628	139.0
2019	5630	45.0
2019	5632	103.0
2019	5634	106.0
2019	5636	52.0
2020	0101	1233.0
2020	0104	1391.2348232154768
2020	0105	2180.0
2020	0106	3301.0
2020	0111	283.0
2020	0118	59.0
2020	0119	162.0
2020	0121	25.18896551724138
2020	0122	257.9125861443598
2020	0123	255.7330431628582
2020	0124	605.1864345302865
2020	0125	470.05476967718533
2020	0127	188.0
2020	0128	398.0
2020	0135	431.0
2020	0136	722.765176784523
2020	0137	450.0
2020	0138	414.1131664853101
2020	0211	1083.0
2020	0213	1721.8977556109726
2020	0214	1891.0
2020	0215	859.0
2020	0216	996.0
2020	0217	1340.1022443890274
2020	0219	7008.0
2020	0220	3176.9407063197027
2020	0221	768.8110344827586
2020	0226	1081.8519358496678
2020	0227	724.2002267941034
2020	0228	1406.0
2020	0229	649.0
2020	0230	3104.0
2020	0231	3685.9478373562283
2020	0233	1343.0
2020	0234	450.0
2020	0235	2778.0
2020	0236	1253.0
2020	0237	1351.0
2020	0238	883.0
2020	0239	190.0
2020	0301	36076.0
2020	0402	797.0
2020	0403	1937.0
2020	0412	1403.0
2020	0415	399.0
2020	0417	1105.0
2020	0418	201.0
2020	0419	371.0
2020	0420	271.0
2020	0423	228.0
2020	0425	293.0
2020	0426	220.0
2020	0427	1037.0
2020	0428	201.0
2020	0429	398.0
2020	0430	140.0
2020	0432	88.0
2020	0434	104.0
2020	0436	54.0
2020	0437	242.0
2020	0438	109.0
2020	0439	74.0
2020	0441	99.0
2020	0501	1637.0
2020	0502	1714.0
2020	0511	125.0
2020	0512	58.0
2020	0513	67.0
2020	0514	89.0
2020	0515	114.0
2020	0516	212.0
2020	0517	288.0
2020	0519	134.0
2020	0520	150.0
2020	0521	265.0
2020	0522	255.0
2020	0528	650.0
2020	0529	614.0
2020	0532	359.0
2020	0533	484.0
2020	0534	513.0
2020	0536	289.0
2020	0538	256.0
2020	0540	139.0
2020	0541	69.0
2020	0542	269.0
2020	0543	104.0
2020	0544	126.0
2020	0545	115.0
2020	0602	3226.1102719033233
2020	0604	1270.0
2020	0605	1283.0
2020	0612	359.0
2020	0615	55.0
2020	0616	110.0
2020	0617	191.0
2020	0618	103.0
2020	0619	183.0
2020	0620	188.0
2020	0621	134.0
2020	0622	86.0
2020	0623	564.0
2020	0624	954.0
2020	0625	1128.9425981873112
2020	0626	1466.0
2020	0627	1140.2804832713755
2020	0628	471.7788104089219
2020	0631	125.0
2020	0632	58.0
2020	0633	77.0
2020	0701	1282.0
2020	0702	516.8268617884834
2020	0704	2503.049665988963
2020	0706	1635.872423596304
2020	0709	1508.996815286624
2020	0710	2635.0
2020	0711	315.9471299093655
2020	0712	1650.0
2020	0713	487.12148028962184
2020	0714	174.0516579218947
2020	0715	690.8785197103781
2020	0716	596.9503340110368
2020	0719	361.4463397299218
2020	0720	637.6812366737739
2020	0722	1174.32582322357
2020	0723	358.6741767764299
2020	0728	141.0031847133758
2020	0729	1533.0
2020	0805	1916.0
2020	0806	2192.0
2020	0807	472.0
2020	0811	125.0
2020	0814	605.0
2020	0815	393.0
2020	0817	124.0
2020	0819	311.0
2020	0821	436.4244791666667
2020	0822	186.57552083333334
2020	0826	227.0
2020	0827	70.0
2020	0828	115.0
2020	0829	86.0
2020	0830	78.0
2020	0831	86.0
2020	0833	102.0
2020	0834	155.0
2020	0901	337.0
2020	0904	1195.0
2020	0906	1658.0
2020	0911	91.0
2020	0912	75.0
2020	0914	305.0
2020	0919	282.0
2020	0926	514.0
2020	0928	222.0
2020	0929	86.0
2020	0935	86.0
2020	0937	164.0
2020	0938	63.0
2020	0940	39.0
2020	0941	104.0
2020	1001	3687.7775686864884
2020	1002	444.60401267159455
2020	1003	320.0
2020	1004	316.0
2020	1014	593.0
2020	1017	363.04102371095223
2020	1018	499.18140760255926
2020	1021	118.77507919746569
2020	1026	27.0
2020	1027	92.8125
2020	1029	196.62090813093982
2020	1032	342.1875
2020	1034	56.0
2020	1037	228.0
2020	1046	92.0
2020	1101	436.0
2020	1102	3250.1105279407225
2020	1103	6547.0
2020	1106	1868.0
2020	1108	3324.0
2020	1111	113.0
2020	1112	151.0
2020	1114	109.0
2020	1119	661.0
2020	1120	983.0
2020	1121	873.0
2020	1122	522.0
2020	1124	1706.0
2020	1127	568.0
2020	1129	73.88947205927757
2020	1130	399.0
2020	1133	105.0
2020	1134	123.0
2020	1135	148.0
2020	1141	108.22308158932363
2020	1142	252.18956627236884
2020	1144	26.0
2020	1145	18.0
2020	1146	562.0
2020	1149	1306.0
2020	1151	12.0
2020	1160	300.0
2020	1201	10916.0
2020	1211	101.0
2020	1216	274.0
2020	1219	373.0
2020	1221	691.0
2020	1222	128.0
2020	1223	80.0
2020	1224	329.0
2020	1227	28.94475138121547
2020	1228	198.87845303867402
2020	1231	110.1767955801105
2020	1232	29.0
2020	1233	47.0
2020	1234	52.10548523206751
2020	1235	413.8945147679325
2020	1238	259.0
2020	1241	138.87845303867402
2020	1242	111.0
2020	1243	806.121546961326
2020	1244	152.0
2020	1245	274.7456647398844
2020	1246	1148.936416184971
2020	1247	1208.0
2020	1251	167.0
2020	1252	27.0
2020	1253	288.0
2020	1256	317.76347305389226
2020	1259	215.31791907514452
2020	1260	188.24850299401197
2020	1263	499.9880239520958
2020	1264	141.0
2020	1265	42.0
2020	1266	76.0
2020	1401	332.4825174825175
2020	1411	108.0
2020	1412	47.0
2020	1413	60.0
2020	1416	157.0
2020	1417	74.0
2020	1418	45.79216354344123
2020	1419	100.30664395229984
2020	1420	493.901192504259
2020	1421	78.0
2020	1422	75.0
2020	1424	124.0
2020	1426	149.0
2020	1428	91.0
2020	1429	82.0
2020	1430	101.51486199575372
2020	1431	81.66985138004246
2020	1432	444.2229299363057
2020	1433	91.59235668789809
2020	1438	123.0
2020	1439	181.5174825174825
2020	1441	97.2972972972973
2020	1443	202.7027027027027
2020	1444	43.4
2020	1445	186.0
2020	1449	274.0
2020	1502	1232.6575342465753
2020	1504	1771.2385321100917
2020	1505	909.0
2020	1506	1406.0
2020	1507	2379.0
2020	1508	2084.564650059312
2020	1511	101.0
2020	1514	92.0
2020	1515	294.0
2020	1516	368.0
2020	1517	227.0
2020	1519	545.6
2020	1520	302.0
2020	1523	90.6605504587156
2020	1524	71.1864406779661
2020	1525	185.0
2020	1526	40.813559322033896
2020	1528	226.0
2020	1529	210.70183486238534
2020	1531	347.0
2020	1532	350.0
2020	1534	272.8211009174312
2020	1535	218.0
2020	1539	203.0
2020	1543	108.07153729071537
2020	1545	65.27092846270928
2020	1546	33.57798165137615
2020	1547	159.0
2020	1548	338.2987012987013
2020	1551	118.7012987012987
2020	1554	203.0
2020	1557	83.0
2020	1560	169.0
2020	1563	206.0
2020	1566	178.0
2020	1567	55.0
2020	1571	36.1336032388664
2020	1573	83.0
2020	1576	138.0
2020	1577	589.0
2020	1578	112.0
2020	1579	457.0
2020	1580	294.43534994068807
2020	1601	9147.0
2020	1612	99.19028340080972
2020	1613	39.67611336032389
2020	1617	169.2972972972973
2020	1620	247.0
2020	1621	223.7142857142857
2020	1622	69.34447674418605
2020	1624	244.0
2020	1627	182.28571428571428
2020	1630	118.12587412587413
2020	1632	45.87412587412588
2020	1633	48.0
2020	1634	237.0
2020	1635	112.0
2020	1636	138.6889534883721
2020	1638	333.02470930232556
2020	1640	251.0
2020	1644	72.0
2020	1648	222.0
2020	1653	813.0
2020	1657	440.0
2020	1662	372.8533656494436
2020	1663	857.0
2020	1664	161.0
2020	1665	25.0
2020	1702	820.4255319148937
2020	1703	624.9633802816901
2020	1711	108.0
2020	1714	971.0
2020	1717	119.0
2020	1718	152.0
2020	1719	969.0
2020	1721	542.0
2020	1723	45.534883720930246
2020	1724	143.5744680851064
2020	1725	57.64225352112676
2020	1729	310.4651162790698
2020	1736	71.0
2020	1738	47.0
2020	1739	18.0
2020	1740	28.0
2020	1742	91.0
2020	1743	44.0
2020	1744	170.0
2020	1748	35.394366197183096
2020	1749	53.0
2020	1750	139.8961625282167
2020	1751	173.1038374717833
2020	1755	16.0
2020	1756	356.0
2020	1804	2086.0
2020	1805	627.9933847850054
2020	1806	790.0
2020	1811	64.0
2020	1812	88.0
2020	1813	331.0
2020	1815	62.0
2020	1816	10.0
2020	1818	74.0
2020	1820	345.0
2020	1822	131.0
2020	1824	368.0
2020	1825	77.0
2020	1826	60.0
2020	1827	59.0
2020	1828	123.0
2020	1832	170.0
2020	1833	716.0
2020	1834	84.0
2020	1835	34.0
2020	1836	42.0
2020	1837	215.0
2020	1838	131.0
2020	1839	29.0
2020	1840	176.0
2020	1841	393.0
2020	1845	100.0
2020	1848	128.0
2020	1849	85.0493827160494
2020	1850	68.80926130099229
2020	1851	128.0
2020	1852	60.73504273504274
2020	1853	105.0
2020	1854	93.1973539140022
2020	1856	21.0
2020	1857	42.0
2020	1859	90.0
2020	1860	405.0
2020	1865	429.0
2020	1866	387.0
2020	1867	107.0
2020	1868	170.0
2020	1870	529.0
2020	1871	241.0
2020	1874	63.0
2020	1875	166.0
2020	1901	1053.7629482071713
2020	1902	3617.0
2020	1903	1073.0
2020	1911	191.0
2020	1913	126.26495726495727
2020	1915	19.237051792828684
2020	1917	71.0
2020	1919	61.0
2020	1920	31.0
2020	1922	367.0
2020	1923	191.0
2020	1924	466.0
2020	1925	199.0
2020	1926	60.0
2020	1927	81.79128137384413
2020	1928	61.34346103038309
2020	1929	55.12021136063409
2020	1931	474.7450462351387
2020	1933	240.0
2020	1936	102.0
2020	1938	106.0
2020	1939	74.0
2020	1940	82.0
2020	1941	140.0
2020	1942	201.0
2020	1943	79.0
2020	2002	142.0
2020	2003	376.0
2020	2004	493.17054263565893
2020	2011	99.0
2020	2012	854.0
2020	2014	91.0
2020	2015	61.0
2020	2017	69.82945736434108
2020	2018	86.0
2020	2019	180.0
2020	2020	230.0
2020	2021	120.0
2020	2022	85.0
2020	2023	86.0
2020	2024	54.0
2020	2025	216.0
2020	2027	76.0
2020	2028	87.0
2020	2030	504.0
2020	3001	1233.0
2020	3002	2114.0
2020	3003	2180.0
2020	3004	3301.0
2020	3005	4671.0
2020	3006	1270.0
2020	3007	1283.0
2020	3011	283.0
2020	3012	59.0
2020	3013	162.0
2020	3014	2003.0
2020	3015	188.0
2020	3016	398.0
2020	3017	431.0
2020	3018	450.0
2020	3019	1083.0
2020	3020	3062.0
2020	3021	1891.0
2020	3022	859.0
2020	3023	996.0
2020	3024	7008.0
2020	3025	4789.0
2020	3026	794.0
2020	3027	1406.0
2020	3028	649.0
2020	3029	3104.0
2020	3030	5492.0
2020	3031	1343.0
2020	3032	450.0
2020	3033	2778.0
2020	3034	1253.0
2020	3035	1351.0
2020	3036	883.0
2020	3037	190.0
2020	3038	359.0
2020	3039	55.0
2020	3040	110.0
2020	3041	191.0
2020	3042	103.0
2020	3043	183.0
2020	3044	188.0
2020	3045	134.0
2020	3046	86.0
2020	3047	564.0
2020	3048	954.0
2020	3049	1466.0
2020	3050	125.0
2020	3051	58.0
2020	3052	77.0
2020	3053	359.0
2020	3054	484.0
2020	3101	1233.0
2020	3103	2114.0
2020	3105	2180.0
2020	3107	3301.0
2020	3110	283.0
2020	3112	431.0
2020	3114	450.0
2020	3116	188.0
2020	3118	2003.0
2020	3120	398.0
2020	3122	162.0
2020	3124	59.0
2020	3201	7008.0
2020	3203	4789.0
2020	3205	5492.0
2020	3207	3062.0
2020	3209	2778.0
2020	3212	996.0
2020	3214	859.0
2020	3216	1083.0
2020	3218	1891.0
2020	3220	649.0
2020	3222	3104.0
2020	3224	1406.0
2020	3226	794.0
2020	3228	1253.0
2020	3230	450.0
2020	3232	1343.0
2020	3234	484.0
2020	3236	359.0
2020	3238	883.0
2020	3240	1351.0
2020	3242	190.0
2020	3301	4671.0
2020	3303	1270.0
2020	3305	1283.0
2020	3310	359.0
2020	3312	1466.0
2020	3314	954.0
2020	3316	564.0
2020	3318	86.0
2020	3320	55.0
2020	3322	110.0
2020	3324	191.0
2020	3326	103.0
2020	3328	183.0
2020	3330	188.0
2020	3332	134.0
2020	3334	125.0
2020	3336	58.0
2020	3338	77.0
2020	3401	797.0
2020	3403	1937.0
2020	3405	1637.0
2020	3407	1714.0
2020	3411	1403.0
2020	3412	399.0
2020	3413	1105.0
2020	3414	201.0
2020	3415	371.0
2020	3416	271.0
2020	3417	228.0
2020	3418	293.0
2020	3419	220.0
2020	3420	1037.0
2020	3421	201.0
2020	3422	398.0
2020	3423	140.0
2020	3424	88.0
2020	3425	104.0
2020	3426	54.0
2020	3427	242.0
2020	3428	109.0
2020	3429	74.0
2020	3430	99.0
2020	3431	125.0
2020	3432	58.0
2020	3433	67.0
2020	3434	89.0
2020	3435	114.0
2020	3436	212.0
2020	3437	288.0
2020	3438	134.0
2020	3439	150.0
2020	3440	265.0
2020	3441	255.0
2020	3442	650.0
2020	3443	614.0
2020	3446	513.0
2020	3447	289.0
2020	3448	256.0
2020	3449	139.0
2020	3450	69.0
2020	3451	269.0
2020	3452	104.0
2020	3453	126.0
2020	3454	115.0
2020	3801	1282.0
2020	3802	1178.0
2020	3803	3100.0
2020	3804	2635.0
2020	3805	1650.0
2020	3806	1916.0
2020	3807	2192.0
2020	3808	472.0
2020	3811	1533.0
2020	3812	125.0
2020	3813	605.0
2020	3814	393.0
2020	3815	124.0
2020	3816	311.0
2020	3817	623.0
2020	3818	227.0
2020	3819	70.0
2020	3820	115.0
2020	3821	86.0
2020	3822	78.0
2020	3823	86.0
2020	3824	102.0
2020	3825	155.0
2020	3901	1282.0
2020	3903	1178.0
2020	3905	3100.0
2020	3907	2635.0
2020	3909	1650.0
2020	3911	1533.0
2020	4001	1916.0
2020	4003	2192.0
2020	4005	472.0
2020	4010	125.0
2020	4012	605.0
2020	4014	393.0
2020	4016	124.0
2020	4018	311.0
2020	4020	623.0
2020	4022	115.0
2020	4024	70.0
2020	4026	227.0
2020	4028	86.0
2020	4030	78.0
2020	4032	86.0
2020	4034	102.0
2020	4036	155.0
2020	4201	337.0
2020	4202	1195.0
2020	4203	1658.0
2020	4204	4550.0
2020	4205	760.0
2020	4206	320.0
2020	4207	316.0
2020	4211	91.0
2020	4212	75.0
2020	4213	305.0
2020	4214	282.0
2020	4215	514.0
2020	4216	222.0
2020	4217	86.0
2020	4218	86.0
2020	4219	164.0
2020	4220	63.0
2020	4221	39.0
2020	4222	104.0
2020	4223	593.0
2020	4224	27.0
2020	4225	435.0
2020	4226	56.0
2020	4227	228.0
2020	4228	92.0
2020	4601	10916.0
2020	4602	514.0
2020	4611	101.0
2020	4612	274.0
2020	4613	373.0
2020	4614	691.0
2020	4615	128.0
2020	4616	80.0
2020	4617	329.0
2020	4618	338.0
2020	4619	29.0
2020	4620	47.0
2020	4621	466.0
2020	4622	259.0
2020	4623	111.0
2020	4624	945.0
2020	4625	152.0
2020	4626	1639.0
2020	4627	1208.0
2020	4628	167.0
2020	4629	27.0
2020	4630	288.0
2020	4631	1006.0
2020	4632	141.0
2020	4633	42.0
2020	4634	76.0
2020	4635	108.0
2020	4636	47.0
2020	4637	60.0
2020	4638	157.0
2020	4639	74.0
2020	4640	640.0
2020	4641	78.0
2020	4642	75.0
2020	4643	124.0
2020	4644	149.0
2020	4645	91.0
2020	4646	82.0
2020	4647	719.0
2020	4648	123.0
2020	4649	300.0
2020	4650	186.0
2020	4651	274.0
2020	5001	9147.0
2020	5004	820.4255319148937
2020	5005	624.9633802816901
2020	5006	964.0
2020	5007	718.0
2020	5011	99.19028340080972
2020	5012	39.67611336032389
2020	5013	169.2972972972973
2020	5014	247.0
2020	5015	223.7142857142857
2020	5016	69.34447674418605
2020	5017	182.28571428571428
2020	5018	118.12587412587413
2020	5019	45.87412587412588
2020	5020	48.0
2020	5021	237.0
2020	5022	112.0
2020	5023	138.6889534883721
2020	5024	333.02470930232556
2020	5025	251.0
2020	5026	72.0
2020	5027	222.0
2020	5028	813.0
2020	5029	440.0
2020	5030	372.8533656494436
2020	5031	857.0
2020	5032	161.0
2020	5033	25.0
2020	5034	108.0
2020	5035	971.0
2020	5036	119.0
2020	5037	969.0
2020	5038	542.0
2020	5039	143.5744680851064
2020	5040	57.64225352112676
2020	5041	71.0
2020	5042	47.0
2020	5043	18.0
2020	5044	28.0
2020	5045	91.0
2020	5046	44.0
2020	5047	170.0
2020	5048	35.394366197183096
2020	5049	53.0
2020	5050	139.8961625282167
2020	5051	173.1038374717833
2020	5052	16.0
2020	5053	356.0
2020	5054	396.0
2020	5055	175.0
2020	5056	216.0
2020	5057	406.0
2020	5058	164.0
2020	5059	589.0
2020	5060	313.0
2020	5061	55.0
2020	5401	3617.0
2020	5402	1073.0
2020	5403	854.0
2020	5404	142.0
2020	5405	376.0
2020	5406	563.0
2020	5411	191.0
2020	5412	187.0
2020	5413	71.0
2020	5414	61.0
2020	5415	31.0
2020	5416	367.0
2020	5417	191.0
2020	5418	466.0
2020	5419	199.0
2020	5420	60.0
2020	5421	673.0
2020	5422	240.0
2020	5423	102.0
2020	5424	106.0
2020	5425	74.0
2020	5426	82.0
2020	5427	140.0
2020	5428	201.0
2020	5429	79.0
2020	5430	99.0
2020	5432	91.0
2020	5433	61.0
2020	5434	86.0
2020	5435	180.0
2020	5436	230.0
2020	5437	120.0
2020	5438	85.0
2020	5439	86.0
2020	5440	54.0
2020	5441	216.0
2020	5442	76.0
2020	5443	87.0
2020	5444	504.0
2020	5501	3617.0
2020	5503	1073.0
2020	5510	191.0
2020	5512	187.0
2020	5514	71.0
2020	5516	61.0
2020	5518	31.0
2020	5520	367.0
2020	5522	191.0
2020	5524	466.0
2020	5526	199.0
2020	5528	60.0
2020	5530	673.0
2020	5532	240.0
2020	5534	102.0
2020	5536	106.0
2020	5538	74.0
2020	5540	82.0
2020	5542	140.0
2020	5544	201.0
2020	5546	79.0
2020	5601	854.0
2020	5603	563.0
2020	5605	504.0
2020	5607	376.0
2020	5610	120.0
2020	5612	99.0
2020	5614	91.0
2020	5616	61.0
2020	5618	86.0
2020	5620	180.0
2020	5622	230.0
2020	5624	85.0
2020	5626	86.0
2020	5628	216.0
2020	5630	54.0
2020	5632	87.0
2020	5634	142.0
2020	5636	76.0
2021	0101	1195.0
2021	0104	1470.207471647765
2021	0105	2268.0
2021	0106	3419.0
2021	0111	235.0
2021	0118	79.0
2021	0119	161.0
2021	0121	23.76137931034483
2021	0122	268.4711643090315
2021	0123	266.20239390642007
2021	0124	629.961915125136
2021	0125	489.2981501632209
2021	0127	224.0
2021	0128	390.0
2021	0135	424.0
2021	0136	763.7925283522349
2021	0137	422.0
2021	0138	431.06637649619154
2021	0211	1063.0
2021	0213	1793.8778054862844
2021	0214	1998.0
2021	0215	857.0
2021	0216	1054.0
2021	0217	1396.1221945137156
2021	0219	7598.0
2021	0220	3310.9440520446096
2021	0221	725.2386206896551
2021	0226	1100.1717155353958
2021	0227	736.4636319455694
2021	0228	1595.0
2021	0229	646.0
2021	0230	3327.0
2021	0231	3748.3646525190343
2021	0233	1325.0
2021	0234	606.0
2021	0235	2915.0
2021	0236	1219.0
2021	0237	1347.0
2021	0238	937.0
2021	0239	165.0
2021	0301	39942.0
2021	0402	764.0
2021	0403	1766.0
2021	0412	1423.0
2021	0415	347.0
2021	0417	1084.0
2021	0418	182.0
2021	0419	353.0
2021	0420	266.0
2021	0423	193.0
2021	0425	316.0
2021	0426	148.0
2021	0427	1023.0
2021	0428	248.0
2021	0429	449.0
2021	0430	161.0
2021	0432	100.0
2021	0434	76.0
2021	0436	85.0
2021	0437	234.0
2021	0438	67.0
2021	0439	43.0
2021	0441	75.0
2021	0501	1852.0
2021	0502	1918.0
2021	0511	98.0
2021	0512	49.0
2021	0513	75.0
2021	0514	70.0
2021	0515	101.0
2021	0516	268.0
2021	0517	194.0
2021	0519	125.0
2021	0520	206.0
2021	0521	246.0
2021	0522	226.0
2021	0528	667.0
2021	0529	634.0
2021	0532	330.0
2021	0533	468.0
2021	0534	497.0
2021	0536	320.0
2021	0538	247.0
2021	0540	134.0
2021	0541	83.0
2021	0542	285.0
2021	0543	101.0
2021	0544	141.0
2021	0545	119.0
2021	0602	3409.137294394092
2021	0604	1254.0
2021	0605	1355.0
2021	0612	384.0
2021	0615	53.0
2021	0616	120.0
2021	0617	245.0
2021	0618	126.0
2021	0619	228.0
2021	0620	188.0
2021	0621	113.0
2021	0622	103.0
2021	0623	603.0
2021	0624	980.0
2021	0625	1192.9909365558913
2021	0626	1556.0
2021	0627	1188.3775092936803
2021	0628	491.67843866171
2021	0631	140.0
2021	0632	57.0
2021	0633	80.0
2021	0701	1456.0
2021	0702	554.9965875742203
2021	0704	2628.2021492884114
2021	0706	1666.913646055437
2021	0709	1587.6475583864121
2021	0710	2685.0
2021	0711	333.8717690500167
2021	0712	1736.0
2021	0713	523.0973451327434
2021	0714	186.90606729303633
2021	0715	741.9026548672566
2021	0716	626.7978507115886
2021	0719	368.30490405117274
2021	0720	649.7814498933901
2021	0722	1152.8769497400347
2021	0723	352.1230502599654
2021	0728	148.35244161358813
2021	0729	1505.0
2021	0805	1995.0
2021	0806	2155.0
2021	0807	532.0
2021	0811	129.0
2021	0814	593.0
2021	0815	411.0
2021	0817	129.0
2021	0819	356.0
2021	0821	439.92708333333337
2021	0822	188.07291666666669
2021	0826	248.0
2021	0827	71.0
2021	0828	129.0
2021	0829	94.0
2021	0830	77.0
2021	0831	58.0
2021	0833	92.0
2021	0834	194.0
2021	0901	300.0
2021	0904	1353.0
2021	0906	1665.0
2021	0911	92.0
2021	0912	94.0
2021	0914	261.0
2021	0919	303.0
2021	0926	560.0
2021	0928	253.0
2021	0929	108.0
2021	0935	100.0
2021	0937	149.0
2021	0938	59.0
2021	0940	66.0
2021	0941	70.0
2021	1001	3909.0442228076777
2021	1002	439.3389651531151
2021	1003	294.0
2021	1004	288.0
2021	1014	616.0
2021	1017	384.8234851336093
2021	1018	529.1322920587128
2021	1021	117.36853220696939
2021	1026	50.0
2021	1027	93.45258620689656
2021	1029	194.29250263991554
2021	1032	344.54741379310343
2021	1034	43.0
2021	1037	211.0
2021	1046	55.0
2021	1101	416.0
2021	1102	3463.264587835752
2021	1103	7068.0
2021	1106	2049.0
2021	1108	3542.0
2021	1111	112.0
2021	1112	120.0
2021	1114	121.0
2021	1119	680.0
2021	1120	1054.0
2021	1121	1037.0
2021	1122	604.0
2021	1124	1881.0
2021	1127	627.0
2021	1129	78.73541216424825
2021	1130	426.0
2021	1133	145.0
2021	1134	156.0
2021	1135	145.0
2021	1141	110.73911168607157
2021	1142	258.0526088831393
2021	1144	21.0
2021	1145	36.0
2021	1146	504.0
2021	1149	1355.0
2021	1151	10.0
2021	1160	281.0
2021	1201	11621.0
2021	1211	124.0
2021	1216	294.0
2021	1219	349.0
2021	1221	703.0
2021	1222	125.0
2021	1223	139.0
2021	1224	355.0
2021	1227	33.14088397790055
2021	1228	227.70994475138122
2021	1231	126.14917127071823
2021	1232	36.0
2021	1233	47.0
2021	1234	54.22995780590717
2021	1235	430.77004219409287
2021	1238	242.0
2021	1241	135.939226519337
2021	1242	104.0
2021	1243	789.060773480663
2021	1244	192.0
2021	1245	265.19075144508673
2021	1246	1108.9795060430897
2021	1247	1150.0
2021	1251	175.0
2021	1252	15.0
2021	1253	258.0
2021	1256	297.5479041916168
2021	1259	207.82974251182344
2021	1260	176.27245508982037
2021	1263	468.17964071856284
2021	1264	130.0
2021	1265	39.0
2021	1266	76.0
2021	1401	377.76223776223776
2021	1411	140.0
2021	1412	46.0
2021	1413	45.0
2021	1416	177.0
2021	1417	105.0
2021	1418	47.00851788756388
2021	1419	102.9710391822828
2021	1420	507.02044293015337
2021	1421	100.0
2021	1422	69.0
2021	1424	122.0
2021	1426	164.0
2021	1428	120.0
2021	1429	104.0
2021	1430	112.2452229299363
2021	1431	90.30254777070063
2021	1432	491.1783439490446
2021	1433	101.27388535031847
2021	1438	131.0
2021	1439	206.2377622377622
2021	1441	104.75675675675676
2021	1443	218.24324324324323
2021	1444	55.33684210526315
2021	1445	203.0
2021	1449	209.0
2021	1502	1170.4109589041095
2021	1504	1919.4001411432603
2021	1505	975.0
2021	1506	1335.0
2021	1507	2578.0
2021	1508	2258.9355476472915
2021	1511	111.0
2021	1514	116.0
2021	1515	295.0
2021	1516	410.0
2021	1517	208.0
2021	1519	695.6631578947369
2021	1520	310.0
2021	1523	98.24417784050812
2021	1524	75.63559322033898
2021	1525	158.0
2021	1526	43.36440677966101
2021	1528	235.0
2021	1529	228.32674664784759
2021	1531	326.0
2021	1532	322.0
2021	1534	295.64220183486236
2021	1535	238.0
2021	1539	206.0
2021	1543	102.61415525114154
2021	1545	61.974885844748854
2021	1546	36.386732533521524
2021	1547	173.0
2021	1548	384.93506493506493
2021	1551	135.06493506493504
2021	1554	246.0
2021	1557	108.0
2021	1560	175.0
2021	1563	225.0
2021	1566	185.0
2021	1567	59.0
2021	1571	45.83805668016195
2021	1573	89.0
2021	1576	150.0
2021	1577	751.0
2021	1578	119.0
2021	1579	520.0
2021	1580	319.06445235270866
2021	1601	10312.0
2021	1612	125.82995951417004
2021	1613	50.33198380566802
2021	1617	218.73725526335633
2021	1620	249.0
2021	1621	191.7551020408163
2021	1622	69.25680087082016
2021	1624	229.2121212121212
2021	1627	156.24489795918367
2021	1630	119.56643356643357
2021	1632	46.43356643356644
2021	1633	43.0
2021	1634	229.0
2021	1635	107.0
2021	1636	138.51360174164031
2021	1638	332.60364862653137
2021	1640	238.0
2021	1644	75.0
2021	1648	318.0
2021	1653	842.0
2021	1657	443.0
2021	1662	403.8784799407219
2021	1663	819.0
2021	1664	140.0
2021	1665	32.0
2021	1702	832.3404255319149
2021	1703	574.4788732394366
2021	1711	118.0
2021	1714	1065.0
2021	1717	123.0
2021	1718	142.78787878787878
2021	1719	958.0
2021	1721	496.0
2021	1723	45.15116279069768
2021	1724	145.6595744680851
2021	1725	52.98591549295775
2021	1729	307.8488372093023
2021	1736	70.0
2021	1738	34.0
2021	1739	28.0
2021	1740	51.0
2021	1742	125.0
2021	1743	46.0
2021	1744	184.0
2021	1748	32.53521126760563
2021	1749	56.0
2021	1750	134.53273137697516
2021	1751	166.46726862302484
2021	1755	23.0
2021	1756	353.0
2021	1804	2212.0
2021	1805	713.845644983462
2021	1806	898.0
2021	1811	50.0
2021	1812	77.0
2021	1813	341.0
2021	1815	59.0
2021	1816	27.0
2021	1818	88.0
2021	1820	365.0
2021	1822	135.0
2021	1824	488.0
2021	1825	47.0
2021	1826	50.0
2021	1827	62.0
2021	1828	105.0
2021	1832	191.0
2021	1833	742.0
2021	1834	121.0
2021	1835	27.0
2021	1836	79.0
2021	1837	231.0
2021	1838	122.0
2021	1839	38.0
2021	1840	157.0
2021	1841	396.0
2021	1845	110.0
2021	1848	142.0
2021	1849	82.91641648677454
2021	1850	78.21609702315325
2021	1851	112.0
2021	1852	71.45299145299145
2021	1853	94.0
2021	1854	105.93825799338478
2021	1856	24.0
2021	1857	39.0
2021	1859	81.0
2021	1860	496.0
2021	1865	522.0
2021	1866	410.0
2021	1867	123.0
2021	1868	179.0
2021	1870	521.0
2021	1871	255.0
2021	1874	79.0
2021	1875	150.0
2021	1901	1045.906374501992
2021	1902	3757.0
2021	1903	1065.0
2021	1911	194.0
2021	1913	148.54700854700855
2021	1915	19.093625498007967
2021	1917	60.0
2021	1919	80.0
2021	1920	62.0
2021	1922	358.0
2021	1923	150.0
2021	1924	537.0
2021	1925	243.0
2021	1926	53.0
2021	1927	83.49273447820345
2021	1928	62.61955085865257
2021	1929	56.26684280052841
2021	1931	484.6208718626156
2021	1933	235.0
2021	1936	106.0
2021	1938	147.0
2021	1939	106.0
2021	1940	106.0
2021	1941	178.0
2021	1942	225.0
2021	1943	60.0
2021	2002	121.0
2021	2003	324.0
2021	2004	522.077519379845
2021	2011	121.0
2021	2012	782.0
2021	2014	51.0
2021	2015	41.0
2021	2017	73.92248062015504
2021	2018	87.0
2021	2019	200.0
2021	2020	184.0
2021	2021	162.0
2021	2022	109.0
2021	2023	81.0
2021	2024	51.0
2021	2025	155.0
2021	2027	57.0
2021	2028	93.0
2021	2030	562.0
2021	3001	1195.0
2021	3002	2234.0
2021	3003	2268.0
2021	3004	3419.0
2021	3005	4936.0
2021	3006	1254.0
2021	3007	1355.0
2021	3011	235.0
2021	3012	79.0
2021	3013	161.0
2021	3014	2085.0
2021	3015	224.0
2021	3016	390.0
2021	3017	424.0
2021	3018	422.0
2021	3019	1063.0
2021	3020	3190.0
2021	3021	1998.0
2021	3022	857.0
2021	3023	1054.0
2021	3024	7598.0
2021	3025	4991.0
2021	3026	749.0
2021	3027	1595.0
2021	3028	646.0
2021	3029	3327.0
2021	3030	5585.0
2021	3031	1325.0
2021	3032	606.0
2021	3033	2915.0
2021	3034	1219.0
2021	3035	1347.0
2021	3036	937.0
2021	3037	165.0
2021	3038	384.0
2021	3039	53.0
2021	3040	120.0
2021	3041	245.0
2021	3042	126.0
2021	3043	228.0
2021	3044	188.0
2021	3045	113.0
2021	3046	103.0
2021	3047	603.0
2021	3048	980.0
2021	3049	1556.0
2021	3050	140.0
2021	3051	57.0
2021	3052	80.0
2021	3053	330.0
2021	3054	468.0
2021	3101	1195.0
2021	3103	2234.0
2021	3105	2268.0
2021	3107	3419.0
2021	3110	235.0
2021	3112	424.0
2021	3114	422.0
2021	3116	224.0
2021	3118	2085.0
2021	3120	390.0
2021	3122	161.0
2021	3124	79.0
2021	3201	7598.0
2021	3203	4991.0
2021	3205	5585.0
2021	3207	3190.0
2021	3209	2915.0
2021	3212	1054.0
2021	3214	857.0
2021	3216	1063.0
2021	3218	1998.0
2021	3220	646.0
2021	3222	3327.0
2021	3224	1595.0
2021	3226	749.0
2021	3228	1219.0
2021	3230	606.0
2021	3232	1325.0
2021	3234	468.0
2021	3236	330.0
2021	3238	937.0
2021	3240	1347.0
2021	3242	165.0
2021	3301	4936.0
2021	3303	1254.0
2021	3305	1355.0
2021	3310	384.0
2021	3312	1556.0
2021	3314	980.0
2021	3316	603.0
2021	3318	103.0
2021	3320	53.0
2021	3322	120.0
2021	3324	245.0
2021	3326	126.0
2021	3328	228.0
2021	3330	188.0
2021	3332	113.0
2021	3334	140.0
2021	3336	57.0
2021	3338	80.0
2021	3401	764.0
2021	3403	1766.0
2021	3405	1852.0
2021	3407	1918.0
2021	3411	1423.0
2021	3412	347.0
2021	3413	1084.0
2021	3414	182.0
2021	3415	353.0
2021	3416	266.0
2021	3417	193.0
2021	3418	316.0
2021	3419	148.0
2021	3420	1023.0
2021	3421	248.0
2021	3422	449.0
2021	3423	161.0
2021	3424	100.0
2021	3425	76.0
2021	3426	85.0
2021	3427	234.0
2021	3428	67.0
2021	3429	43.0
2021	3430	75.0
2021	3431	98.0
2021	3432	49.0
2021	3433	75.0
2021	3434	70.0
2021	3435	101.0
2021	3436	268.0
2021	3437	194.0
2021	3438	125.0
2021	3439	206.0
2021	3440	246.0
2021	3441	226.0
2021	3442	667.0
2021	3443	634.0
2021	3446	497.0
2021	3447	320.0
2021	3448	247.0
2021	3449	134.0
2021	3450	83.0
2021	3451	285.0
2021	3452	101.0
2021	3453	141.0
2021	3454	119.0
2021	3801	1456.0
2021	3802	1265.0
2021	3803	3255.0
2021	3804	2685.0
2021	3805	1736.0
2021	3806	1995.0
2021	3807	2155.0
2021	3808	532.0
2021	3811	1505.0
2021	3812	129.0
2021	3813	593.0
2021	3814	411.0
2021	3815	129.0
2021	3816	356.0
2021	3817	628.0
2021	3818	248.0
2021	3819	71.0
2021	3820	129.0
2021	3821	94.0
2021	3822	77.0
2021	3823	58.0
2021	3824	92.0
2021	3825	194.0
2021	3901	1456.0
2021	3903	1265.0
2021	3905	3255.0
2021	3907	2685.0
2021	3909	1736.0
2021	3911	1505.0
2021	4001	1995.0
2021	4003	2155.0
2021	4005	532.0
2021	4010	129.0
2021	4012	593.0
2021	4014	411.0
2021	4016	129.0
2021	4018	356.0
2021	4020	628.0
2021	4022	129.0
2021	4024	71.0
2021	4026	248.0
2021	4028	94.0
2021	4030	77.0
2021	4032	58.0
2021	4034	92.0
2021	4036	194.0
2021	4201	300.0
2021	4202	1353.0
2021	4203	1665.0
2021	4204	4823.0
2021	4205	751.0
2021	4206	294.0
2021	4207	288.0
2021	4211	92.0
2021	4212	94.0
2021	4213	261.0
2021	4214	303.0
2021	4215	560.0
2021	4216	253.0
2021	4217	108.0
2021	4218	100.0
2021	4219	149.0
2021	4220	59.0
2021	4221	66.0
2021	4222	70.0
2021	4223	616.0
2021	4224	50.0
2021	4225	438.0
2021	4226	43.0
2021	4227	211.0
2021	4228	55.0
2021	4601	11621.0
2021	4602	584.0
2021	4611	124.0
2021	4612	294.0
2021	4613	349.0
2021	4614	703.0
2021	4615	125.0
2021	4616	139.0
2021	4617	355.0
2021	4618	387.0
2021	4619	36.0
2021	4620	47.0
2021	4621	485.0
2021	4622	242.0
2021	4623	104.0
2021	4624	925.0
2021	4625	192.0
2021	4626	1582.0
2021	4627	1150.0
2021	4628	175.0
2021	4629	15.0
2021	4630	258.0
2021	4631	942.0
2021	4632	130.0
2021	4633	39.0
2021	4634	76.0
2021	4635	140.0
2021	4636	46.0
2021	4637	45.0
2021	4638	177.0
2021	4639	105.0
2021	4640	657.0
2021	4641	100.0
2021	4642	69.0
2021	4643	122.0
2021	4644	164.0
2021	4645	120.0
2021	4646	104.0
2021	4647	795.0
2021	4648	131.0
2021	4649	323.0
2021	4650	203.0
2021	4651	209.0
2021	5001	10312.0
2021	5004	832.3404255319149
2021	5005	574.4788732394366
2021	5006	978.0
2021	5007	660.0
2021	5011	125.82995951417004
2021	5012	50.33198380566802
2021	5013	218.73725526335633
2021	5014	249.0
2021	5015	191.7551020408163
2021	5016	69.25680087082016
2021	5017	156.24489795918367
2021	5018	119.56643356643357
2021	5019	46.43356643356644
2021	5020	43.0
2021	5021	229.0
2021	5022	107.0
2021	5023	138.51360174164031
2021	5024	332.60364862653137
2021	5025	238.0
2021	5026	75.0
2021	5027	318.0
2021	5028	842.0
2021	5029	443.0
2021	5030	403.8784799407219
2021	5031	819.0
2021	5032	140.0
2021	5033	32.0
2021	5034	118.0
2021	5035	1065.0
2021	5036	123.0
2021	5037	958.0
2021	5038	496.0
2021	5039	145.6595744680851
2021	5040	52.98591549295775
2021	5041	70.0
2021	5042	34.0
2021	5043	28.0
2021	5044	51.0
2021	5045	125.0
2021	5046	46.0
2021	5047	184.0
2021	5048	32.53521126760563
2021	5049	56.0
2021	5050	134.53273137697516
2021	5051	166.46726862302484
2021	5052	23.0
2021	5053	353.0
2021	5054	372.0
2021	5055	222.0
2021	5056	270.0
2021	5057	348.0
2021	5058	166.0
2021	5059	580.0
2021	5060	301.0
2021	5061	59.0
2021	5401	3757.0
2021	5402	1065.0
2021	5403	782.0
2021	5404	121.0
2021	5405	324.0
2021	5406	596.0
2021	5411	194.0
2021	5412	220.0
2021	5413	60.0
2021	5414	80.0
2021	5415	62.0
2021	5416	358.0
2021	5417	150.0
2021	5418	537.0
2021	5419	243.0
2021	5420	53.0
2021	5421	687.0
2021	5422	235.0
2021	5423	106.0
2021	5424	147.0
2021	5425	106.0
2021	5426	106.0
2021	5427	178.0
2021	5428	225.0
2021	5429	60.0
2021	5430	121.0
2021	5432	51.0
2021	5433	41.0
2021	5434	87.0
2021	5435	200.0
2021	5436	184.0
2021	5437	162.0
2021	5438	109.0
2021	5439	81.0
2021	5440	51.0
2021	5441	155.0
2021	5442	57.0
2021	5443	93.0
2021	5444	562.0
2021	5501	3757.0
2021	5503	1065.0
2021	5510	194.0
2021	5512	220.0
2021	5514	60.0
2021	5516	80.0
2021	5518	62.0
2021	5520	358.0
2021	5522	150.0
2021	5524	537.0
2021	5526	243.0
2021	5528	53.0
2021	5530	687.0
2021	5532	235.0
2021	5534	106.0
2021	5536	147.0
2021	5538	106.0
2021	5540	106.0
2021	5542	178.0
2021	5544	225.0
2021	5546	60.0
2021	5601	782.0
2021	5603	596.0
2021	5605	562.0
2021	5607	324.0
2021	5610	162.0
2021	5612	121.0
2021	5614	51.0
2021	5616	41.0
2021	5618	87.0
2021	5620	200.0
2021	5622	184.0
2021	5624	109.0
2021	5626	81.0
2021	5628	155.0
2021	5630	51.0
2021	5632	93.0
2021	5634	121.0
2021	5636	57.0
2022	0101	1163.0
2022	0104	1347.141761174116
2022	0105	2216.0
2022	0106	3395.0
2022	0111	239.0
2022	0118	71.0
2022	0119	137.0
2022	0121	23.444137931034483
2022	0122	272.4628219078709
2022	0123	270.1603191875227
2022	0124	639.3282553500181
2022	0125	496.57308668842944
2022	0127	209.0
2022	0128	389.0
2022	0135	1674.0
2022	0136	699.8582388258839
2022	0137	461.0
2022	0138	437.47551686615884
2022	0211	999.0
2022	0213	1708.9638403990025
2022	0214	1774.0
2022	0215	886.0
2022	0216	905.0
2022	0217	1330.0361596009973
2022	0219	6765.0
2022	0220	3051.561338289963
2022	0221	715.5558620689654
2022	0226	1036.7419407095413
2022	0227	694.0032399157622
2022	0228	1397.0
2022	0229	666.0
2022	0230	3353.0
2022	0231	3532.254819374696
2022	0233	1765.0
2022	0234	417.0
2022	0235	2865.0
2022	0236	1098.0
2022	0237	1391.0
2022	0238	959.0
2022	0239	149.0
2022	0301	35442.0
2022	0402	822.0
2022	0403	1816.0
2022	0412	1375.0
2022	0415	382.0
2022	0417	1050.0
2022	0418	223.0
2022	0419	375.0
2022	0420	236.0
2022	0423	181.0
2022	0425	308.0
2022	0426	354.0
2022	0427	1041.0
2022	0428	247.0
2022	0429	361.0
2022	0430	155.0
2022	0432	86.0
2022	0434	202.0
2022	0436	69.0
2022	0437	273.0
2022	0438	83.0
2022	0439	72.0
2022	0441	78.0
2022	0501	1587.0
2022	0502	1644.0
2022	0511	113.0
2022	0512	83.0
2022	0513	54.0
2022	0514	67.0
2022	0515	112.0
2022	0516	291.0
2022	0517	162.0
2022	0519	433.0
2022	0520	143.0
2022	0521	371.0
2022	0522	204.0
2022	0528	643.0
2022	0529	646.0
2022	0532	329.0
2022	0533	406.0
2022	0534	575.0
2022	0536	225.0
2022	0538	255.0
2022	0540	140.0
2022	0541	79.0
2022	0542	318.0
2022	0543	122.0
2022	0544	147.0
2022	0545	225.0
2022	0602	3202.627559583753
2022	0604	2288.0
2022	0605	1529.0
2022	0612	361.0
2022	0615	75.0
2022	0616	108.0
2022	0617	229.0
2022	0618	172.0
2022	0619	257.0
2022	0620	269.0
2022	0621	142.0
2022	0622	88.0
2022	0623	645.0
2022	0624	948.0
2022	0625	1120.725075528701
2022	0626	1561.0
2022	0627	1095.2788104089218
2022	0628	453.1598513011152
2022	0631	159.0
2022	0632	56.0
2022	0633	100.0
2022	0701	1284.0
2022	0702	491.8191104116213
2022	0704	2472.367121696195
2022	0706	1532.815565031983
2022	0709	1474.244161358811
2022	0710	2469.0
2022	0711	313.64736488754613
2022	0712	1612.0
2022	0713	463.55108608205956
2022	0714	165.62980350631915
2022	0715	657.4489139179404
2022	0716	589.6328783038047
2022	0719	338.6759061833689
2022	0720	597.5085287846481
2022	0722	1119.9376083188909
2022	0723	342.06239168110926
2022	0728	137.75583864118894
2022	0729	1462.0
2022	0805	2135.0
2022	0806	2105.0
2022	0807	532.0
2022	0811	126.0
2022	0814	530.0
2022	0815	409.0
2022	0817	148.0
2022	0819	349.0
2022	0821	392.2916666666667
2022	0822	167.70833333333334
2022	0826	208.0
2022	0827	64.0
2022	0828	120.0
2022	0829	133.0
2022	0830	59.0
2022	0831	53.0
2022	0833	99.0
2022	0834	172.0
2022	0901	257.0
2022	0904	1196.0
2022	0906	1621.0
2022	0911	110.0
2022	0912	82.0
2022	0914	300.0
2022	0919	279.0
2022	0926	543.0
2022	0928	254.0
2022	0929	97.0
2022	0935	83.0
2022	0937	242.0
2022	0938	64.0
2022	0940	56.0
2022	0941	69.0
2022	1001	3820.6996612721114
2022	1002	396.04857444561776
2022	1003	459.0
2022	1004	285.0
2022	1014	598.0
2022	1017	376.1264584117426
2022	1018	517.173880316146
2022	1021	105.80359028511089
2022	1026	32.0
2022	1027	173.67672413793102
2022	1029	175.14783526927138
2022	1032	640.323275862069
2022	1034	48.0
2022	1037	252.0
2022	1046	60.0
2022	1101	424.0
2022	1102	3832.861994442729
2022	1103	6721.0
2022	1106	1936.0
2022	1108	3920.0
2022	1111	80.0
2022	1112	122.0
2022	1114	128.0
2022	1119	1051.0
2022	1120	1020.0
2022	1121	903.0
2022	1122	574.0
2022	1124	1838.0
2022	1127	634.0
2022	1129	87.13800555727077
2022	1130	386.0
2022	1133	95.0
2022	1134	124.0
2022	1135	131.0
2022	1141	100.0804644808743
2022	1142	233.21502732240444
2022	1144	28.0
2022	1145	36.0
2022	1146	526.0
2022	1149	1236.0
2022	1151	7.0
2022	1160	313.0
2022	1201	11630.0
2022	1211	122.0
2022	1216	350.0
2022	1219	335.0
2022	1221	708.0
2022	1222	120.0
2022	1223	102.0
2022	1224	285.0
2022	1227	43.074585635359114
2022	1228	295.9640883977901
2022	1231	163.96132596685084
2022	1232	32.0
2022	1233	39.0
2022	1234	49.86919831223628
2022	1235	396.13080168776366
2022	1238	254.0
2022	1241	131.67734806629835
2022	1242	91.0
2022	1243	764.3226519337016
2022	1244	171.0
2022	1245	252.45086705202317
2022	1246	1055.703625853915
2022	1247	1012.0
2022	1251	143.0
2022	1252	12.0
2022	1253	288.0
2022	1256	315.8682634730539
2022	1259	197.84550709406201
2022	1260	187.125748502994
2022	1263	497.00598802395206
2022	1264	150.0
2022	1265	32.0
2022	1266	47.0
2022	1401	432.09790209790214
2022	1411	98.0
2022	1412	41.0
2022	1413	68.0
2022	1416	141.0
2022	1417	90.0
2022	1418	49.08347529812607
2022	1419	107.51618398637139
2022	1420	529.4003407155026
2022	1421	83.0
2022	1422	81.0
2022	1424	129.0
2022	1426	172.0
2022	1428	107.0
2022	1429	109.0
2022	1430	106.73885350318471
2022	1431	85.87261146496814
2022	1432	467.08280254777065
2022	1433	96.30573248407643
2022	1438	104.0
2022	1439	235.9020979020979
2022	1441	109.62162162162163
2022	1443	228.3783783783784
2022	1444	49.44210526315789
2022	1445	198.0
2022	1449	243.0
2022	1502	1088.876712328767
2022	1504	1823.3556810162315
2022	1505	876.0
2022	1506	1242.0
2022	1507	2449.0
2022	1508	2145.9011466982997
2022	1511	115.0
2022	1514	97.0
2022	1515	237.0
2022	1516	506.0
2022	1517	272.0
2022	1519	621.5578947368421
2022	1520	331.0
2022	1523	93.32815808045166
2022	1524	66.10169491525423
2022	1525	168.0
2022	1526	37.89830508474576
2022	1528	240.0
2022	1529	216.9015525758645
2022	1531	370.0
2022	1532	266.0
2022	1534	280.848623853211
2022	1535	209.0
2022	1539	322.0
2022	1543	95.46575342465754
2022	1545	57.65753424657534
2022	1546	34.565984474241354
2022	1547	165.0
2022	1548	330.1558441558442
2022	1551	115.84415584415584
2022	1554	234.0
2022	1557	106.0
2022	1560	174.0
2022	1563	381.0
2022	1566	155.0
2022	1567	74.0
2022	1571	45.01214574898786
2022	1573	71.0
2022	1576	126.0
2022	1577	671.0
2022	1578	104.0
2022	1579	446.0
2022	1580	303.09885330170033
2022	1601	9711.0
2022	1612	123.56275303643726
2022	1613	49.4251012145749
2022	1617	205.67392160139363
2022	1620	178.0
2022	1621	211.0408163265306
2022	1622	71.5189045393895
2022	1624	211.95959595959596
2022	1627	171.9591836734694
2022	1630	115.24475524475525
2022	1632	44.75524475524476
2022	1633	26.0
2022	1634	234.0
2022	1635	76.0
2022	1636	143.037809078779
2022	1638	343.4673316768212
2022	1640	207.0
2022	1644	65.0
2022	1648	280.0
2022	1653	814.0
2022	1657	426.0
2022	1662	366.004889477437
2022	1663	1041.0
2022	1664	115.0
2022	1665	21.0
2022	1702	828.936170212766
2022	1703	570.1267605633803
2022	1711	98.0
2022	1714	954.0
2022	1717	122.0
2022	1718	132.04040404040404
2022	1719	880.0
2022	1721	524.0
2022	1723	39.13953488372094
2022	1724	145.06382978723403
2022	1725	52.584507042253534
2022	1729	266.86046511627904
2022	1736	68.0
2022	1738	56.0
2022	1739	23.0
2022	1740	46.0
2022	1742	101.0
2022	1743	34.0
2022	1744	164.0
2022	1748	32.2887323943662
2022	1749	43.0
2022	1750	133.19187358916477
2022	1751	164.8081264108352
2022	1755	25.0
2022	1756	306.0
2022	1804	2652.0
2022	1805	770.2855567805954
2022	1806	969.0
2022	1811	74.0
2022	1812	99.0
2022	1813	319.0
2022	1815	48.0
2022	1816	29.0
2022	1818	80.0
2022	1820	385.0
2022	1822	124.0
2022	1824	384.0
2022	1825	83.0
2022	1826	48.0
2022	1827	70.0
2022	1828	162.0
2022	1832	177.0
2022	1833	824.0
2022	1834	105.0
2022	1835	32.0
2022	1836	75.0
2022	1837	229.0
2022	1838	96.0
2022	1839	44.0
2022	1840	147.0
2022	1841	378.0
2022	1845	96.0
2022	1848	111.0
2022	1849	88.50866485643523
2022	1850	84.4002205071665
2022	1851	222.0
2022	1852	68.85470085470085
2022	1853	97.0
2022	1854	114.31422271223815
2022	1856	31.0
2022	1857	30.0
2022	1859	72.0
2022	1860	567.0
2022	1865	533.0
2022	1866	391.0
2022	1867	111.0
2022	1868	169.0
2022	1870	527.0
2022	1871	236.0
2022	1874	56.0
2022	1875	172.0
2022	1901	1046.8884462151395
2022	1902	3739.0
2022	1903	1066.0
2022	1911	324.0
2022	1913	143.14529914529916
2022	1915	19.111553784860554
2022	1917	60.0
2022	1919	57.0
2022	1920	32.0
2022	1922	431.0
2022	1923	153.0
2022	1924	699.0
2022	1925	207.0
2022	1926	63.0
2022	1927	80.33289299867901
2022	1928	60.24966974900924
2022	1929	54.13738441215324
2022	1931	466.28005284015853
2022	1933	284.0
2022	1936	126.0
2022	1938	112.0
2022	1939	72.0
2022	1940	70.0
2022	1941	165.0
2022	1942	324.0
2022	1943	86.0
2022	2002	97.0
2022	2003	227.0
2022	2004	626.3178294573644
2022	2011	136.0
2022	2012	907.0
2022	2014	60.0
2022	2015	50.0
2022	2017	88.68217054263567
2022	2018	93.0
2022	2019	211.0
2022	2020	197.0
2022	2021	125.0
2022	2022	45.0
2022	2023	61.0
2022	2024	51.0
2022	2025	155.0
2022	2027	45.0
2022	2028	114.0
2022	2030	629.0
2022	3001	1163.0
2022	3002	2047.0
2022	3003	2216.0
2022	3004	3395.0
2022	3005	4637.0
2022	3006	2288.0
2022	3007	1529.0
2022	3011	239.0
2022	3012	71.0
2022	3013	137.0
2022	3014	2116.0
2022	3015	209.0
2022	3016	389.0
2022	3017	1674.0
2022	3018	461.0
2022	3019	999.0
2022	3020	3039.0
2022	3021	1774.0
2022	3022	886.0
2022	3023	905.0
2022	3024	6765.0
2022	3025	4600.0
2022	3026	739.0
2022	3027	1397.0
2022	3028	666.0
2022	3029	3353.0
2022	3030	5263.0
2022	3031	1765.0
2022	3032	417.0
2022	3033	2865.0
2022	3034	1098.0
2022	3035	1391.0
2022	3036	959.0
2022	3037	149.0
2022	3038	361.0
2022	3039	75.0
2022	3040	108.0
2022	3041	229.0
2022	3042	172.0
2022	3043	257.0
2022	3044	269.0
2022	3045	142.0
2022	3046	88.0
2022	3047	645.0
2022	3048	948.0
2022	3049	1561.0
2022	3050	159.0
2022	3051	56.0
2022	3052	100.0
2022	3053	329.0
2022	3054	406.0
2022	3101	1163.0
2022	3103	2047.0
2022	3105	2216.0
2022	3107	3395.0
2022	3110	239.0
2022	3112	1674.0
2022	3114	461.0
2022	3116	209.0
2022	3118	2116.0
2022	3120	389.0
2022	3122	137.0
2022	3124	71.0
2022	3201	6765.0
2022	3203	4600.0
2022	3205	5263.0
2022	3207	3039.0
2022	3209	2865.0
2022	3212	905.0
2022	3214	886.0
2022	3216	999.0
2022	3218	1774.0
2022	3220	666.0
2022	3222	3353.0
2022	3224	1397.0
2022	3226	739.0
2022	3228	1098.0
2022	3230	417.0
2022	3232	1765.0
2022	3234	406.0
2022	3236	329.0
2022	3238	959.0
2022	3240	1391.0
2022	3242	149.0
2022	3301	4637.0
2022	3303	2288.0
2022	3305	1529.0
2022	3310	361.0
2022	3312	1561.0
2022	3314	948.0
2022	3316	645.0
2022	3318	88.0
2022	3320	75.0
2022	3322	108.0
2022	3324	229.0
2022	3326	172.0
2022	3328	257.0
2022	3330	269.0
2022	3332	142.0
2022	3334	159.0
2022	3336	56.0
2022	3338	100.0
2022	3401	822.0
2022	3403	1816.0
2022	3405	1587.0
2022	3407	1644.0
2022	3411	1375.0
2022	3412	382.0
2022	3413	1050.0
2022	3414	223.0
2022	3415	375.0
2022	3416	236.0
2022	3417	181.0
2022	3418	308.0
2022	3419	354.0
2022	3420	1041.0
2022	3421	247.0
2022	3422	361.0
2022	3423	155.0
2022	3424	86.0
2022	3425	202.0
2022	3426	69.0
2022	3427	273.0
2022	3428	83.0
2022	3429	72.0
2022	3430	78.0
2022	3431	113.0
2022	3432	83.0
2022	3433	54.0
2022	3434	67.0
2022	3435	112.0
2022	3436	291.0
2022	3437	162.0
2022	3438	433.0
2022	3439	143.0
2022	3440	371.0
2022	3441	204.0
2022	3442	643.0
2022	3443	646.0
2022	3446	575.0
2022	3447	225.0
2022	3448	255.0
2022	3449	140.0
2022	3450	79.0
2022	3451	318.0
2022	3452	122.0
2022	3453	147.0
2022	3454	225.0
2022	3801	1284.0
2022	3802	1121.0
2022	3803	3062.0
2022	3804	2469.0
2022	3805	1612.0
2022	3806	2135.0
2022	3807	2105.0
2022	3808	532.0
2022	3811	1462.0
2022	3812	126.0
2022	3813	530.0
2022	3814	409.0
2022	3815	148.0
2022	3816	349.0
2022	3817	560.0
2022	3818	208.0
2022	3819	64.0
2022	3820	120.0
2022	3821	133.0
2022	3822	59.0
2022	3823	53.0
2022	3824	99.0
2022	3825	172.0
2022	3901	1284.0
2022	3903	1121.0
2022	3905	3062.0
2022	3907	2469.0
2022	3909	1612.0
2022	3911	1462.0
2022	4001	2135.0
2022	4003	2105.0
2022	4005	532.0
2022	4010	126.0
2022	4012	530.0
2022	4014	409.0
2022	4016	148.0
2022	4018	349.0
2022	4020	560.0
2022	4022	120.0
2022	4024	64.0
2022	4026	208.0
2022	4028	133.0
2022	4030	59.0
2022	4032	53.0
2022	4034	99.0
2022	4036	172.0
2022	4201	257.0
2022	4202	1196.0
2022	4203	1621.0
2022	4204	4714.0
2022	4205	677.0
2022	4206	459.0
2022	4207	285.0
2022	4211	110.0
2022	4212	82.0
2022	4213	300.0
2022	4214	279.0
2022	4215	543.0
2022	4216	254.0
2022	4217	97.0
2022	4218	83.0
2022	4219	242.0
2022	4220	64.0
2022	4221	56.0
2022	4222	69.0
2022	4223	598.0
2022	4224	32.0
2022	4225	814.0
2022	4226	48.0
2022	4227	252.0
2022	4228	60.0
2022	4601	11630.0
2022	4602	668.0
2022	4611	122.0
2022	4612	350.0
2022	4613	335.0
2022	4614	708.0
2022	4615	120.0
2022	4616	102.0
2022	4617	285.0
2022	4618	503.0
2022	4619	32.0
2022	4620	39.0
2022	4621	446.0
2022	4622	254.0
2022	4623	91.0
2022	4624	896.0
2022	4625	171.0
2022	4626	1506.0
2022	4627	1012.0
2022	4628	143.0
2022	4629	12.0
2022	4630	288.0
2022	4631	1000.0
2022	4632	150.0
2022	4633	32.0
2022	4634	47.0
2022	4635	98.0
2022	4636	41.0
2022	4637	68.0
2022	4638	141.0
2022	4639	90.0
2022	4640	686.0
2022	4641	83.0
2022	4642	81.0
2022	4643	129.0
2022	4644	172.0
2022	4645	107.0
2022	4646	109.0
2022	4647	756.0
2022	4648	104.0
2022	4649	338.0
2022	4650	198.0
2022	4651	243.0
2022	5001	9711.0
2022	5004	828.936170212766
2022	5005	570.1267605633803
2022	5006	974.0
2022	5007	655.0
2022	5011	123.56275303643726
2022	5012	49.4251012145749
2022	5013	205.67392160139363
2022	5014	178.0
2022	5015	211.0408163265306
2022	5016	71.5189045393895
2022	5017	171.9591836734694
2022	5018	115.24475524475525
2022	5019	44.75524475524476
2022	5020	26.0
2022	5021	234.0
2022	5022	76.0
2022	5023	143.037809078779
2022	5024	343.4673316768212
2022	5025	207.0
2022	5026	65.0
2022	5027	280.0
2022	5028	814.0
2022	5029	426.0
2022	5030	366.004889477437
2022	5031	1041.0
2022	5032	115.0
2022	5033	21.0
2022	5034	98.0
2022	5035	954.0
2022	5036	122.0
2022	5037	880.0
2022	5038	524.0
2022	5039	145.06382978723403
2022	5040	52.584507042253534
2022	5041	68.0
2022	5042	56.0
2022	5043	23.0
2022	5044	46.0
2022	5045	101.0
2022	5046	34.0
2022	5047	164.0
2022	5048	32.2887323943662
2022	5049	43.0
2022	5050	133.19187358916477
2022	5051	164.8081264108352
2022	5052	25.0
2022	5053	306.0
2022	5054	344.0
2022	5055	218.0
2022	5056	253.0
2022	5057	383.0
2022	5058	160.0
2022	5059	610.0
2022	5060	298.0
2022	5061	74.0
2022	5401	3739.0
2022	5402	1066.0
2022	5403	907.0
2022	5404	97.0
2022	5405	227.0
2022	5406	715.0
2022	5411	324.0
2022	5412	212.0
2022	5413	60.0
2022	5414	57.0
2022	5415	32.0
2022	5416	431.0
2022	5417	153.0
2022	5418	699.0
2022	5419	207.0
2022	5420	63.0
2022	5421	661.0
2022	5422	284.0
2022	5423	126.0
2022	5424	112.0
2022	5425	72.0
2022	5426	70.0
2022	5427	165.0
2022	5428	324.0
2022	5429	86.0
2022	5430	136.0
2022	5432	60.0
2022	5433	50.0
2022	5434	93.0
2022	5435	211.0
2022	5436	197.0
2022	5437	125.0
2022	5438	45.0
2022	5439	61.0
2022	5440	51.0
2022	5441	155.0
2022	5442	45.0
2022	5443	114.0
2022	5444	629.0
2022	5501	3739.0
2022	5503	1066.0
2022	5510	324.0
2022	5512	212.0
2022	5514	60.0
2022	5516	57.0
2022	5518	32.0
2022	5520	431.0
2022	5522	153.0
2022	5524	699.0
2022	5526	207.0
2022	5528	63.0
2022	5530	661.0
2022	5532	284.0
2022	5534	126.0
2022	5536	112.0
2022	5538	72.0
2022	5540	70.0
2022	5542	165.0
2022	5544	324.0
2022	5546	86.0
2022	5601	907.0
2022	5603	715.0
2022	5605	629.0
2022	5607	227.0
2022	5610	125.0
2022	5612	136.0
2022	5614	60.0
2022	5616	50.0
2022	5618	93.0
2022	5620	211.0
2022	5622	197.0
2022	5624	45.0
2022	5626	61.0
2022	5628	155.0
2022	5630	51.0
2022	5632	114.0
2022	5634	97.0
2022	5636	45.0
2023	0101	1103.0
2023	0104	1410.9779853235489
2023	0105	2340.0
2023	0106	3476.0
2023	0111	258.0
2023	0118	50.0
2023	0119	118.0
2023	0121	21.85793103448276
2023	0122	291.00471527022125
2023	0123	288.5455204932898
2023	0124	682.8364163946319
2023	0125	530.3663402248822
2023	0127	219.0
2023	0128	389.0
2023	0135	1953.0
2023	0136	733.0220146764509
2023	0137	428.0
2023	0138	467.247007616975
2023	0211	974.0
2023	0213	1725.2718204488779
2023	0214	1804.0
2023	0215	813.0
2023	0216	951.0
2023	0217	1342.728179551122
2023	0219	6695.0
2023	0220	3344.1131970260226
2023	0221	667.1420689655173
2023	0226	1040.2877045196822
2023	0227	696.3768022031427
2023	0228	1444.0
2023	0229	619.0
2023	0230	3926.0
2023	0231	3544.3354932771745
2023	0233	1419.0
2023	0234	444.0
2023	0235	2786.0
2023	0236	1249.0
2023	0237	1392.0
2023	0238	911.0
2023	0239	268.0
2023	0301	34119.0
2023	0402	1057.0
2023	0403	1776.0
2023	0412	1508.0
2023	0415	329.0
2023	0417	962.0
2023	0418	194.0
2023	0419	360.0
2023	0420	249.0
2023	0423	240.0
2023	0425	487.0
2023	0426	165.0
2023	0427	979.0
2023	0428	222.0
2023	0429	358.0
2023	0430	107.0
2023	0432	61.0
2023	0434	512.0
2023	0436	53.0
2023	0437	237.0
2023	0438	105.0
2023	0439	62.0
2023	0441	53.0
2023	0501	1600.0
2023	0502	1488.0
2023	0511	88.0
2023	0512	44.0
2023	0513	62.0
2023	0514	70.0
2023	0515	114.0
2023	0516	341.0
2023	0517	553.0
2023	0519	357.0
2023	0520	173.0
2023	0521	289.0
2023	0522	216.0
2023	0528	722.0
2023	0529	649.0
2023	0532	342.0
2023	0533	461.0
2023	0534	588.0
2023	0536	244.0
2023	0538	245.0
2023	0540	133.0
2023	0541	42.0
2023	0542	251.0
2023	0543	100.0
2023	0544	164.0
2023	0545	374.0
2023	0602	3217.1315877811344
2023	0604	2779.0
2023	0605	1377.0
2023	0612	366.0
2023	0615	61.0
2023	0616	108.0
2023	0617	205.0
2023	0618	150.0
2023	0619	732.0
2023	0620	269.0
2023	0621	124.0
2023	0622	90.0
2023	0623	811.0
2023	0624	958.0
2023	0625	1125.8006042296074
2023	0626	1769.0
2023	0627	1200.2827137546467
2023	0628	496.60408921933083
2023	0631	132.0
2023	0632	53.0
2023	0633	89.0
2023	0701	1438.0
2023	0702	606.7670202491278
2023	0704	2531.3099041533546
2023	0706	1471.3539445628996
2023	0709	1652.5801486199575
2023	0710	2370.0
2023	0711	315.0678079892581
2023	0712	1807.0
2023	0713	571.892196299276
2023	0714	204.34078345159622
2023	0715	811.107803700724
2023	0716	603.6900958466451
2023	0719	325.09594882729215
2023	0720	573.550106609808
2023	0722	1148.2807625649914
2023	0723	350.7192374350087
2023	0728	154.41985138004245
2023	0729	1499.0
2023	0805	2691.0
2023	0806	2398.0
2023	0807	605.0
2023	0811	117.0
2023	0814	599.0
2023	0815	337.0
2023	0817	148.0
2023	0819	438.0
2023	0821	400.6979166666667
2023	0822	171.30208333333334
2023	0826	208.0
2023	0827	82.0
2023	0828	93.0
2023	0829	99.0
2023	0830	63.0
2023	0831	39.0
2023	0833	89.0
2023	0834	191.0
2023	0901	263.0
2023	0904	1226.0
2023	0906	1582.0
2023	0911	82.0
2023	0912	156.0
2023	0914	259.0
2023	0919	296.0
2023	0926	513.0
2023	0928	246.0
2023	0929	86.0
2023	0935	71.0
2023	0937	937.0
2023	0938	47.0
2023	0940	38.0
2023	0941	88.0
2023	1001	3939.032743695898
2023	1002	412.42872228088703
2023	1003	1159.0
2023	1004	301.0
2023	1014	650.0
2023	1017	387.77568686488524
2023	1018	533.1915694392171
2023	1021	110.17951425554384
2023	1026	35.0
2023	1027	253.68749999999997
2023	1029	182.39176346356916
2023	1032	935.3125
2023	1034	60.0
2023	1037	258.0
2023	1046	68.0
2023	1101	398.0
2023	1102	3474.020067922198
2023	1103	6592.0
2023	1106	1788.0
2023	1108	3553.0
2023	1111	122.0
2023	1112	120.0
2023	1114	135.0
2023	1119	1167.0
2023	1120	1033.0
2023	1121	1028.0
2023	1122	604.0
2023	1124	2224.0
2023	1127	683.0
2023	1129	78.97993207780179
2023	1130	402.0
2023	1133	126.0
2023	1134	129.0
2023	1135	167.0
2023	1141	93.52180137966938
2023	1142	217.93153715996363
2023	1144	29.0
2023	1145	39.0
2023	1146	473.0
2023	1149	1214.0
2023	1151	13.0
2023	1160	270.0
2023	1201	11853.0
2023	1211	126.0
2023	1216	262.0
2023	1219	471.0
2023	1221	827.0
2023	1222	113.0
2023	1223	113.0
2023	1224	391.0
2023	1227	79.81215469613258
2023	1228	548.3867403314918
2023	1231	303.8011049723757
2023	1232	39.0
2023	1233	57.0
2023	1234	52.10548523206751
2023	1235	413.8945147679325
2023	1238	256.0
2023	1241	123.7414364640884
2023	1242	84.0
2023	1243	718.2585635359115
2023	1244	177.0
2023	1245	247.75722543352606
2023	1246	1036.0756699947453
2023	1247	1106.0
2023	1251	148.0
2023	1252	17.0
2023	1253	272.0
2023	1256	349.0344311377246
2023	1259	194.16710457172886
2023	1260	206.7739520958084
2023	1263	549.1916167664671
2023	1264	113.0
2023	1265	26.0
2023	1266	44.0
2023	1401	440.506993006993
2023	1411	107.0
2023	1412	30.0
2023	1413	60.0
2023	1416	178.0
2023	1417	93.0
2023	1418	43.431005110732535
2023	1419	95.13458262350937
2023	1420	468.4344122657581
2023	1421	111.0
2023	1422	76.0
2023	1424	127.0
2023	1426	160.0
2023	1428	94.0
2023	1429	100.0
2023	1430	106.88004246284501
2023	1431	85.98619957537154
2023	1432	467.70063694267515
2023	1433	96.43312101910828
2023	1438	150.0
2023	1439	240.493006993007
2023	1441	92.75675675675676
2023	1443	193.24324324324323
2023	1444	55.33684210526315
2023	1445	192.0
2023	1449	245.0
2023	1502	1119.5616438356165
2023	1504	1760.0705716302045
2023	1505	856.0
2023	1506	1277.0
2023	1507	2364.0
2023	1508	2071.421115065243
2023	1511	104.0
2023	1514	87.0
2023	1515	251.0
2023	1516	732.0
2023	1517	312.0
2023	1519	695.6631578947367
2023	1520	324.0
2023	1523	90.08892025405787
2023	1524	70.55084745762711
2023	1525	195.0
2023	1526	40.449152542372886
2023	1528	227.0
2023	1529	209.37332392378266
2023	1531	347.0
2023	1532	325.0
2023	1534	271.10091743119267
2023	1535	219.0
2023	1539	217.0
2023	1543	98.15601217656011
2023	1545	59.28234398782344
2023	1546	33.36626676076217
2023	1547	160.0
2023	1548	346.4415584415585
2023	1551	121.55844155844154
2023	1554	207.0
2023	1557	112.0
2023	1560	325.0
2023	1563	644.0
2023	1566	181.0
2023	1567	59.0
2023	1571	43.77327935222672
2023	1573	91.0
2023	1576	115.0
2023	1577	751.0
2023	1578	111.0
2023	1579	468.0
2023	1580	292.57888493475684
2023	1601	9684.0
2023	1612	120.16194331983806
2023	1613	48.06477732793522
2023	1617	206.40033563727496
2023	1620	275.0
2023	1621	207.734693877551
2023	1622	71.46602362495193
2023	1624	212.57575757575756
2023	1627	169.26530612244898
2023	1630	84.993006993007
2023	1632	33.00699300699301
2023	1633	29.0
2023	1634	231.0
2023	1635	97.0
2023	1636	142.93204724990386
2023	1638	343.2133727173617
2023	1640	228.0
2023	1644	61.0
2023	1648	229.0
2023	1653	833.0
2023	1657	376.0
2023	1662	351.7306370864827
2023	1663	1387.0
2023	1664	127.0
2023	1665	32.0
2023	1702	821.2765957446809
2023	1703	686.76338028169
2023	1711	97.0
2023	1714	1010.0
2023	1717	130.0
2023	1718	132.42424242424244
2023	1719	850.0
2023	1721	503.0
2023	1723	40.80232558139536
2023	1724	143.72340425531914
2023	1725	63.342253521126764
2023	1729	278.1976744186046
2023	1736	176.0
2023	1738	48.0
2023	1739	24.0
2023	1740	55.0
2023	1742	129.0
2023	1743	56.0
2023	1744	180.0
2023	1748	38.894366197183096
2023	1749	47.0
2023	1750	151.96388261851015
2023	1751	188.03611738148985
2023	1755	24.0
2023	1756	319.0
2023	1804	3266.0
2023	1805	614.4796030871003
2023	1806	773.0
2023	1811	48.0
2023	1812	90.0
2023	1813	307.0
2023	1815	69.0
2023	1816	16.0
2023	1818	112.0
2023	1820	343.0
2023	1822	81.0
2023	1824	373.0
2023	1825	53.0
2023	1826	41.0
2023	1827	54.0
2023	1828	387.0
2023	1832	179.0
2023	1833	657.0
2023	1834	117.0
2023	1835	39.0
2023	1836	45.0
2023	1837	265.0
2023	1838	142.0
2023	1839	40.0
2023	1840	244.0
2023	1841	658.0
2023	1845	57.0
2023	1848	128.0
2023	1849	74.22265418688937
2023	1850	67.32855567805954
2023	1851	366.0
2023	1852	111.40170940170941
2023	1853	75.0
2023	1854	91.19184123484013
2023	1856	30.0
2023	1857	29.0
2023	1859	80.0
2023	1860	477.0
2023	1865	514.0
2023	1866	489.0
2023	1867	92.0
2023	1868	190.0
2023	1870	522.0
2023	1871	207.0
2023	1874	78.0
2023	1875	145.0
2023	1901	1035.1035856573706
2023	1902	3532.0
2023	1903	1054.0
2023	1911	501.0
2023	1913	231.59829059829062
2023	1915	18.89641434262948
2023	1917	41.0
2023	1919	62.0
2023	1920	47.0
2023	1922	465.0
2023	1923	88.0
2023	1924	1078.0
2023	1925	216.0
2023	1926	51.0
2023	1927	79.48216644649936
2023	1928	59.611624834874505
2023	1929	53.56406869220608
2023	1931	461.3421400264201
2023	1933	253.0
2023	1936	102.0
2023	1938	107.0
2023	1939	82.0
2023	1940	72.0
2023	1941	168.0
2023	1942	556.0
2023	1943	54.0
2023	2002	89.0
2023	2003	342.0
2023	2004	703.4031007751939
2023	2011	105.0
2023	2012	1061.0
2023	2014	69.0
2023	2015	48.0
2023	2017	99.59689922480622
2023	2018	78.0
2023	2019	155.0
2023	2020	151.0
2023	2021	111.0
2023	2022	66.0
2023	2023	39.0
2023	2024	49.0
2023	2025	148.0
2023	2027	61.0
2023	2028	111.0
2023	2030	547.0
2023	3001	1103.0
2023	3002	2144.0
2023	3003	2340.0
2023	3004	3476.0
2023	3005	4658.0
2023	3006	2779.0
2023	3007	1377.0
2023	3011	258.0
2023	3012	50.0
2023	3013	118.0
2023	3014	2260.0
2023	3015	219.0
2023	3016	389.0
2023	3017	1953.0
2023	3018	428.0
2023	3019	974.0
2023	3020	3068.0
2023	3021	1804.0
2023	3022	813.0
2023	3023	951.0
2023	3024	6695.0
2023	3025	5041.0
2023	3026	689.0
2023	3027	1444.0
2023	3028	619.0
2023	3029	3926.0
2023	3030	5281.0
2023	3031	1419.0
2023	3032	444.0
2023	3033	2786.0
2023	3034	1249.0
2023	3035	1392.0
2023	3036	911.0
2023	3037	268.0
2023	3038	366.0
2023	3039	61.0
2023	3040	108.0
2023	3041	205.0
2023	3042	150.0
2023	3043	732.0
2023	3044	269.0
2023	3045	124.0
2023	3046	90.0
2023	3047	811.0
2023	3048	958.0
2023	3049	1769.0
2023	3050	132.0
2023	3051	53.0
2023	3052	89.0
2023	3053	342.0
2023	3054	461.0
2023	3101	1103.0
2023	3103	2144.0
2023	3105	2340.0
2023	3107	3476.0
2023	3110	258.0
2023	3112	1953.0
2023	3114	428.0
2023	3116	219.0
2023	3118	2260.0
2023	3120	389.0
2023	3122	118.0
2023	3124	50.0
2023	3201	6695.0
2023	3203	5041.0
2023	3205	5281.0
2023	3207	3068.0
2023	3209	2786.0
2023	3212	951.0
2023	3214	813.0
2023	3216	974.0
2023	3218	1804.0
2023	3220	619.0
2023	3222	3926.0
2023	3224	1444.0
2023	3226	689.0
2023	3228	1249.0
2023	3230	444.0
2023	3232	1419.0
2023	3234	461.0
2023	3236	342.0
2023	3238	911.0
2023	3240	1392.0
2023	3242	268.0
2023	3301	4658.0
2023	3303	2779.0
2023	3305	1377.0
2023	3310	366.0
2023	3312	1769.0
2023	3314	958.0
2023	3316	811.0
2023	3318	90.0
2023	3320	61.0
2023	3322	108.0
2023	3324	205.0
2023	3326	150.0
2023	3328	732.0
2023	3330	269.0
2023	3332	124.0
2023	3334	132.0
2023	3336	53.0
2023	3338	89.0
2023	3401	1057.0
2023	3403	1776.0
2023	3405	1600.0
2023	3407	1488.0
2023	3411	1508.0
2023	3412	329.0
2023	3413	962.0
2023	3414	194.0
2023	3415	360.0
2023	3416	249.0
2023	3417	240.0
2023	3418	487.0
2023	3419	165.0
2023	3420	979.0
2023	3421	222.0
2023	3422	358.0
2023	3423	107.0
2023	3424	61.0
2023	3425	512.0
2023	3426	53.0
2023	3427	237.0
2023	3428	105.0
2023	3429	62.0
2023	3430	53.0
2023	3431	88.0
2023	3432	44.0
2023	3433	62.0
2023	3434	70.0
2023	3435	114.0
2023	3436	341.0
2023	3437	553.0
2023	3438	357.0
2023	3439	173.0
2023	3440	289.0
2023	3441	216.0
2023	3442	722.0
2023	3443	649.0
2023	3446	588.0
2023	3447	244.0
2023	3448	245.0
2023	3449	133.0
2023	3450	42.0
2023	3451	251.0
2023	3452	100.0
2023	3453	164.0
2023	3454	374.0
2023	3801	1438.0
2023	3802	1383.0
2023	3803	3135.0
2023	3804	2370.0
2023	3805	1807.0
2023	3806	2691.0
2023	3807	2398.0
2023	3808	605.0
2023	3811	1499.0
2023	3812	117.0
2023	3813	599.0
2023	3814	337.0
2023	3815	148.0
2023	3816	438.0
2023	3817	572.0
2023	3818	208.0
2023	3819	82.0
2023	3820	93.0
2023	3821	99.0
2023	3822	63.0
2023	3823	39.0
2023	3824	89.0
2023	3825	191.0
2023	3901	1438.0
2023	3903	1383.0
2023	3905	3135.0
2023	3907	2370.0
2023	3909	1807.0
2023	3911	1499.0
2023	4001	2691.0
2023	4003	2398.0
2023	4005	605.0
2023	4010	117.0
2023	4012	599.0
2023	4014	337.0
2023	4016	148.0
2023	4018	438.0
2023	4020	572.0
2023	4022	93.0
2023	4024	82.0
2023	4026	208.0
2023	4028	99.0
2023	4030	63.0
2023	4032	39.0
2023	4034	89.0
2023	4036	191.0
2023	4201	263.0
2023	4202	1226.0
2023	4203	1582.0
2023	4204	4860.0
2023	4205	705.0
2023	4206	1159.0
2023	4207	301.0
2023	4211	82.0
2023	4212	156.0
2023	4213	259.0
2023	4214	296.0
2023	4215	513.0
2023	4216	246.0
2023	4217	86.0
2023	4218	71.0
2023	4219	937.0
2023	4220	47.0
2023	4221	38.0
2023	4222	88.0
2023	4223	650.0
2023	4224	35.0
2023	4225	1189.0
2023	4226	60.0
2023	4227	258.0
2023	4228	68.0
2023	4601	11853.0
2023	4602	681.0
2023	4611	126.0
2023	4612	262.0
2023	4613	471.0
2023	4614	827.0
2023	4615	113.0
2023	4616	113.0
2023	4617	391.0
2023	4618	932.0
2023	4619	39.0
2023	4620	57.0
2023	4621	466.0
2023	4622	256.0
2023	4623	84.0
2023	4624	842.0
2023	4625	177.0
2023	4626	1478.0
2023	4627	1106.0
2023	4628	148.0
2023	4629	17.0
2023	4630	272.0
2023	4631	1105.0
2023	4632	113.0
2023	4633	26.0
2023	4634	44.0
2023	4635	107.0
2023	4636	30.0
2023	4637	60.0
2023	4638	178.0
2023	4639	93.0
2023	4640	607.0
2023	4641	111.0
2023	4642	76.0
2023	4643	127.0
2023	4644	160.0
2023	4645	94.0
2023	4646	100.0
2023	4647	757.0
2023	4648	150.0
2023	4649	286.0
2023	4650	192.0
2023	4651	245.0
2023	5001	9684.0
2023	5004	821.2765957446809
2023	5005	686.76338028169
2023	5006	965.0
2023	5007	789.0
2023	5011	120.16194331983806
2023	5012	48.06477732793522
2023	5013	206.40033563727496
2023	5014	275.0
2023	5015	207.734693877551
2023	5016	71.46602362495193
2023	5017	169.26530612244898
2023	5018	84.993006993007
2023	5019	33.00699300699301
2023	5020	29.0
2023	5021	231.0
2023	5022	97.0
2023	5023	142.93204724990386
2023	5024	343.2133727173617
2023	5025	228.0
2023	5026	61.0
2023	5027	229.0
2023	5028	833.0
2023	5029	376.0
2023	5030	351.7306370864827
2023	5031	1387.0
2023	5032	127.0
2023	5033	32.0
2023	5034	97.0
2023	5035	1010.0
2023	5036	130.0
2023	5037	850.0
2023	5038	503.0
2023	5039	143.72340425531914
2023	5040	63.342253521126764
2023	5041	176.0
2023	5042	48.0
2023	5043	24.0
2023	5044	55.0
2023	5045	129.0
2023	5046	56.0
2023	5047	180.0
2023	5048	38.894366197183096
2023	5049	47.0
2023	5050	151.96388261851015
2023	5051	188.03611738148985
2023	5052	24.0
2023	5053	319.0
2023	5054	345.0
2023	5055	212.0
2023	5056	256.0
2023	5057	377.0
2023	5058	118.0
2023	5059	607.0
2023	5060	340.0
2023	5061	59.0
2023	5401	3532.0
2023	5402	1054.0
2023	5403	1061.0
2023	5404	89.0
2023	5405	342.0
2023	5406	803.0
2023	5411	501.0
2023	5412	343.0
2023	5413	41.0
2023	5414	62.0
2023	5415	47.0
2023	5416	465.0
2023	5417	88.0
2023	5418	1078.0
2023	5419	216.0
2023	5420	51.0
2023	5421	654.0
2023	5422	253.0
2023	5423	102.0
2023	5424	107.0
2023	5425	82.0
2023	5426	72.0
2023	5427	168.0
2023	5428	556.0
2023	5429	54.0
2023	5430	105.0
2023	5432	69.0
2023	5433	48.0
2023	5434	78.0
2023	5435	155.0
2023	5436	151.0
2023	5437	111.0
2023	5438	66.0
2023	5439	39.0
2023	5440	49.0
2023	5441	148.0
2023	5442	61.0
2023	5443	111.0
2023	5444	547.0
2023	5501	3532.0
2023	5503	1054.0
2023	5510	501.0
2023	5512	343.0
2023	5514	41.0
2023	5516	62.0
2023	5518	47.0
2023	5520	465.0
2023	5522	88.0
2023	5524	1078.0
2023	5526	216.0
2023	5528	51.0
2023	5530	654.0
2023	5532	253.0
2023	5534	102.0
2023	5536	107.0
2023	5538	82.0
2023	5540	72.0
2023	5542	168.0
2023	5544	556.0
2023	5546	54.0
2023	5601	1061.0
2023	5603	803.0
2023	5605	547.0
2023	5607	342.0
2023	5610	111.0
2023	5612	105.0
2023	5614	69.0
2023	5616	48.0
2023	5618	78.0
2023	5620	155.0
2023	5622	151.0
2023	5624	66.0
2023	5626	39.0
2023	5628	148.0
2023	5630	49.0
2023	5632	111.0
2023	5634	89.0
2023	5636	61.0
2024	0101	1055.0
2024	0104	1492.5830553702467
2024	0105	2348.0
2024	0106	3317.0
2024	0111	247.0
2024	0118	71.0
2024	0119	130.0
2024	0121	21.09655172413793
2024	0122	290.8759521218716
2024	0123	288.417845484222
2024	0124	682.5342763873775
2024	0125	530.1316648531013
2024	0127	198.0
2024	0128	344.0
2024	0135	482.0
2024	0136	775.4169446297532
2024	0137	393.0
2024	0138	467.04026115342765
2024	0211	984.0
2024	0213	1698.2793017456358
2024	0214	1877.0
2024	0215	819.0
2024	0216	834.0
2024	0217	1321.7206982543637
2024	0219	6539.0
2024	0220	2997.8273234200747
2024	0221	643.903448275862
2024	0226	1097.807872995302
2024	0227	734.8812570873159
2024	0228	1400.0
2024	0229	623.0
2024	0230	3520.0
2024	0231	3740.3108699173827
2024	0233	1238.0
2024	0234	464.0
2024	0235	2733.0
2024	0236	1253.0
2024	0237	1373.0
2024	0238	942.0
2024	0239	326.0
2024	0301	33745.0
2024	0402	1040.0
2024	0403	1895.0
2024	0412	1300.0
2024	0415	350.0
2024	0417	1025.0
2024	0418	178.0
2024	0419	364.0
2024	0420	223.0
2024	0423	207.0
2024	0425	571.0
2024	0426	168.0
2024	0427	968.0
2024	0428	212.0
2024	0429	477.0
2024	0430	121.0
2024	0432	71.0
2024	0434	305.0
2024	0436	68.0
2024	0437	322.0
2024	0438	90.0
2024	0439	61.0
2024	0441	66.0
2024	0501	1430.0
2024	0502	1588.0
2024	0511	83.0
2024	0512	51.0
2024	0513	57.0
2024	0514	68.0
2024	0515	99.0
2024	0516	241.0
2024	0517	828.0
2024	0519	91.0
2024	0520	175.0
2024	0521	209.0
2024	0522	216.0
2024	0528	583.0
2024	0529	638.0
2024	0532	290.0
2024	0533	454.0
2024	0534	503.0
2024	0536	234.0
2024	0538	219.0
2024	0540	137.0
2024	0541	248.0
2024	0542	523.0
2024	0543	91.0
2024	0544	144.0
2024	0545	324.0
2024	0602	3009.9311849613964
2024	0604	1552.0
2024	0605	1214.0
2024	0612	335.0
2024	0615	57.0
2024	0616	134.0
2024	0617	425.0
2024	0618	160.0
2024	0619	506.0
2024	0620	188.0
2024	0621	116.0
2024	0622	104.0
2024	0623	573.0
2024	0624	897.0
2024	0625	1053.2930513595168
2024	0626	1681.0
2024	0627	1075.992379182156
2024	0628	445.1802973977695
2024	0631	134.0
2024	0632	49.0
2024	0633	80.0
2024	0701	1566.0
2024	0702	805.5128338231372
2024	0704	2707.3308161487075
2024	0706	1451.4875621890546
2024	0709	1474.244161358811
2024	0710	2338.0
2024	0711	294.77576367908694
2024	0712	1612.0
2024	0713	759.2148028962189
2024	0714	271.2723632806441
2024	0715	1076.7851971037812
2024	0716	645.6691838512921
2024	0719	320.70646766169153
2024	0720	565.8059701492537
2024	0722	1201.1369150779897
2024	0723	366.86308492201044
2024	0728	137.75583864118894
2024	0729	1568.0
2024	0805	1988.0
2024	0806	2732.0
2024	0807	697.0
2024	0811	111.0
2024	0814	545.0
2024	0815	352.0
2024	0817	147.0
2024	0819	524.0
2024	0821	387.38802083333337
2024	0822	165.61197916666669
2024	0826	248.0
2024	0827	63.0
2024	0828	116.0
2024	0829	108.0
2024	0830	43.0
2024	0831	63.0
2024	0833	95.0
2024	0834	211.0
2024	0901	285.0
2024	0904	1172.0
2024	0906	1555.0
2024	0911	90.0
2024	0912	356.0
2024	0914	298.0
2024	0919	339.0
2024	0926	409.0
2024	0928	289.0
2024	0929	79.0
2024	0935	73.0
2024	0937	426.0
2024	0938	61.0
2024	0940	51.0
2024	0941	61.0
2024	1001	3633.4740308618743
2024	1002	401.8986272439282
2024	1003	780.0
2024	1004	251.0
2024	1014	643.0
2024	1017	357.6951449002635
2024	1018	491.8308242378622
2024	1021	107.36642027455122
2024	1026	38.0
2024	1027	197.35991379310343
2024	1029	177.7349524815206
2024	1032	727.6400862068965
2024	1034	58.0
2024	1037	485.0
2024	1046	48.0
2024	1101	387.0
2024	1102	3384.065143562828
2024	1103	6508.0
2024	1106	1854.0
2024	1108	3461.0
2024	1111	83.0
2024	1112	102.0
2024	1114	111.0
2024	1119	949.0
2024	1120	1002.0
2024	1121	879.0
2024	1122	489.0
2024	1124	1756.0
2024	1127	666.0
2024	1129	76.93485643717197
2024	1130	375.0
2024	1133	102.0
2024	1134	107.0
2024	1135	87.0
2024	1141	88.16455381556052
2024	1142	205.44767586378333
2024	1144	23.0
2024	1145	22.0
2024	1146	442.0
2024	1149	1180.0
2024	1151	12.0
2024	1160	277.0
2024	1201	10502.0
2024	1211	116.0
2024	1216	270.0
2024	1219	590.0
2024	1221	797.0
2024	1222	100.0
2024	1223	86.0
2024	1224	267.0
2024	1227	30.828729281767952
2024	1228	211.8232044198895
2024	1231	117.34806629834254
2024	1232	40.0
2024	1233	40.0
2024	1234	82.51898734177215
2024	1235	655.4810126582279
2024	1238	228.0
2024	1241	125.94585635359115
2024	1242	89.0
2024	1243	731.0541436464089
2024	1244	149.0
2024	1245	247.2543352601156
2024	1246	1033.97267472412
2024	1247	1017.0
2024	1251	119.0
2024	1252	11.0
2024	1253	309.0
2024	1256	376.1991017964072
2024	1259	193.77299001576455
2024	1260	222.86676646706587
2024	1263	591.9341317365269
2024	1264	117.0
2024	1265	32.0
2024	1266	56.0
2024	1401	484.493006993007
2024	1411	88.0
2024	1412	37.0
2024	1413	39.0
2024	1416	141.0
2024	1417	76.0
2024	1418	48.08177172061329
2024	1419	105.32197614991483
2024	1420	518.596252129472
2024	1421	87.0
2024	1422	80.0
2024	1424	131.0
2024	1426	149.0
2024	1428	123.0
2024	1429	78.0
2024	1430	95.86730360934182
2024	1431	77.12632696390658
2024	1432	419.50955414012736
2024	1433	86.4968152866242
2024	1438	105.0
2024	1439	264.506993006993
2024	1441	78.48648648648648
2024	1443	163.51351351351352
2024	1444	49.8842105263158
2024	1445	149.0
2024	1449	226.0
2024	1502	1054.6849315068494
2024	1504	1882.9181369089627
2024	1505	804.0
2024	1506	1203.0
2024	1507	2529.0
2024	1508	2216.0
2024	1511	81.0
2024	1514	87.0
2024	1515	288.0
2024	1516	715.0
2024	1517	624.0
2024	1519	627.1157894736842
2024	1520	270.0
2024	1523	96.37685250529287
2024	1524	57.83898305084745
2024	1525	147.0
2024	1526	33.16101694915255
2024	1528	187.0
2024	1529	223.98694424841216
2024	1531	353.0
2024	1532	262.0
2024	1534	290.0229357798165
2024	1535	199.0
2024	1539	456.0
2024	1543	92.46803652968036
2024	1545	55.847031963470315
2024	1546	35.695130557515874
2024	1547	144.0
2024	1548	321.2727272727273
2024	1551	112.72727272727269
2024	1554	221.0
2024	1557	125.0
2024	1560	273.0
2024	1563	586.0
2024	1566	160.0
2024	1567	82.0
2024	1571	122.02834008097166
2024	1573	78.0
2024	1576	121.0
2024	1577	677.0
2024	1578	91.0
2024	1579	434.0
2024	1580	313.0
2024	1601	9051.0
2024	1612	334.97975708502025
2024	1613	133.99190283400807
2024	1617	191.42301529190945
2024	1620	216.0
2024	1621	201.6734693877551
2024	1622	73.86410303718652
2024	1624	195.93939393939394
2024	1627	164.3265306122449
2024	1630	114.52447552447553
2024	1632	44.47552447552448
2024	1633	36.0
2024	1634	258.0
2024	1635	93.0
2024	1636	147.72820607437305
2024	1638	354.7300750798217
2024	1640	234.0
2024	1644	51.0
2024	1648	219.0
2024	1653	778.0
2024	1657	403.0
2024	1662	317.21795964762714
2024	1663	991.0
2024	1664	165.0
2024	1665	24.0
2024	1702	777.0212765957447
2024	1703	711.1352112676057
2024	1711	78.0
2024	1714	930.0
2024	1717	110.0
2024	1718	122.06060606060608
2024	1719	843.0
2024	1721	438.0
2024	1723	36.45348837209304
2024	1724	135.9787234042553
2024	1725	65.59014084507044
2024	1729	248.54651162790697
2024	1736	420.0
2024	1738	30.0
2024	1739	23.0
2024	1740	50.0
2024	1742	101.0
2024	1743	35.0
2024	1744	167.0
2024	1748	40.274647887323944
2024	1749	51.0
2024	1750	145.25959367945825
2024	1751	179.74040632054175
2024	1755	29.0
2024	1756	285.0
2024	1804	2620.0
2024	1805	573.9382579933848
2024	1806	722.0
2024	1811	46.0
2024	1812	73.0
2024	1813	287.0
2024	1815	31.0
2024	1816	11.0
2024	1818	59.0
2024	1820	300.0
2024	1822	111.0
2024	1824	423.0
2024	1825	62.0
2024	1826	60.0
2024	1827	54.0
2024	1828	354.0
2024	1832	177.0
2024	1833	631.0
2024	1834	85.0
2024	1835	21.0
2024	1836	45.0
2024	1837	249.0
2024	1838	89.0
2024	1839	34.0
2024	1840	761.0
2024	1841	1212.0
2024	1845	77.0
2024	1848	109.0
2024	1849	57.67871548641232
2024	1850	62.886438809261314
2024	1851	397.0
2024	1852	161.74358974358975
2024	1853	88.0
2024	1854	85.17530319735393
2024	1856	22.0
2024	1857	24.0
2024	1859	62.0
2024	1860	511.0
2024	1865	471.0
2024	1866	488.0
2024	1867	127.0
2024	1868	170.0
2024	1870	447.0
2024	1871	205.0
2024	1874	43.0
2024	1875	110.0
2024	1901	881.9003984063745
2024	1902	3374.0
2024	1903	898.0
2024	1911	413.0
2024	1913	336.2564102564103
2024	1915	16.099601593625497
2024	1917	58.0
2024	1919	61.0
2024	1920	38.0
2024	1922	451.0
2024	1923	100.0
2024	1924	676.0
2024	1925	154.0
2024	1926	51.0
2024	1927	74.01321003963014
2024	1928	55.50990752972259
2024	1929	49.87846763540291
2024	1931	429.5984147952444
2024	1933	252.0
2024	1936	112.0
2024	1938	133.0
2024	1939	75.0
2024	1940	77.0
2024	1941	138.0
2024	1942	526.0
2024	1943	75.0
2024	2002	98.0
2024	2003	507.0
2024	2004	534.3410852713179
2024	2011	105.0
2024	2012	1061.0
2024	2014	68.0
2024	2015	53.0
2024	2017	75.65891472868218
2024	2018	63.0
2024	2019	141.0
2024	2020	208.0
2024	2021	140.0
2024	2022	49.0
2024	2023	64.0
2024	2024	53.0
2024	2025	148.0
2024	2027	42.0
2024	2028	96.0
2024	2030	672.0
2024	3001	1055.0
2024	3002	2268.0
2024	3003	2348.0
2024	3004	3317.0
2024	3005	4358.0
2024	3006	1552.0
2024	3007	1214.0
2024	3011	247.0
2024	3012	71.0
2024	3013	130.0
2024	3014	2259.0
2024	3015	198.0
2024	3016	344.0
2024	3017	482.0
2024	3018	393.0
2024	3019	984.0
2024	3020	3020.0
2024	3021	1877.0
2024	3022	819.0
2024	3023	834.0
2024	3024	6539.0
2024	3025	4519.0
2024	3026	665.0
2024	3027	1400.0
2024	3028	623.0
2024	3029	3520.0
2024	3030	5573.0
2024	3031	1238.0
2024	3032	464.0
2024	3033	2733.0
2024	3034	1253.0
2024	3035	1373.0
2024	3036	942.0
2024	3037	326.0
2024	3038	335.0
2024	3039	57.0
2024	3040	134.0
2024	3041	425.0
2024	3042	160.0
2024	3043	506.0
2024	3044	188.0
2024	3045	116.0
2024	3046	104.0
2024	3047	573.0
2024	3048	897.0
2024	3049	1681.0
2024	3050	134.0
2024	3051	49.0
2024	3052	80.0
2024	3053	290.0
2024	3054	454.0
2024	3101	1055.0
2024	3103	2268.0
2024	3105	2348.0
2024	3107	3317.0
2024	3110	247.0
2024	3112	482.0
2024	3114	393.0
2024	3116	198.0
2024	3118	2259.0
2024	3120	344.0
2024	3122	130.0
2024	3124	71.0
2024	3201	6539.0
2024	3203	4519.0
2024	3205	5573.0
2024	3207	3020.0
2024	3209	2733.0
2024	3212	834.0
2024	3214	819.0
2024	3216	984.0
2024	3218	1877.0
2024	3220	623.0
2024	3222	3520.0
2024	3224	1400.0
2024	3226	665.0
2024	3228	1253.0
2024	3230	464.0
2024	3232	1238.0
2024	3234	454.0
2024	3236	290.0
2024	3238	942.0
2024	3240	1373.0
2024	3242	326.0
2024	3301	4358.0
2024	3303	1552.0
2024	3305	1214.0
2024	3310	335.0
2024	3312	1681.0
2024	3314	897.0
2024	3316	573.0
2024	3318	104.0
2024	3320	57.0
2024	3322	134.0
2024	3324	425.0
2024	3326	160.0
2024	3328	506.0
2024	3330	188.0
2024	3332	116.0
2024	3334	134.0
2024	3336	49.0
2024	3338	80.0
2024	3401	1040.0
2024	3403	1895.0
2024	3405	1430.0
2024	3407	1588.0
2024	3411	1300.0
2024	3412	350.0
2024	3413	1025.0
2024	3414	178.0
2024	3415	364.0
2024	3416	223.0
2024	3417	207.0
2024	3418	571.0
2024	3419	168.0
2024	3420	968.0
2024	3421	212.0
2024	3422	477.0
2024	3423	121.0
2024	3424	71.0
2024	3425	305.0
2024	3426	68.0
2024	3427	322.0
2024	3428	90.0
2024	3429	61.0
2024	3430	66.0
2024	3431	83.0
2024	3432	51.0
2024	3433	57.0
2024	3434	68.0
2024	3435	99.0
2024	3436	241.0
2024	3437	828.0
2024	3438	91.0
2024	3439	175.0
2024	3440	209.0
2024	3441	216.0
2024	3442	583.0
2024	3443	638.0
2024	3446	503.0
2024	3447	234.0
2024	3448	219.0
2024	3449	137.0
2024	3450	248.0
2024	3451	523.0
2024	3452	91.0
2024	3453	144.0
2024	3454	324.0
2024	3801	1566.0
2024	3802	1836.0
2024	3803	3353.0
2024	3804	2338.0
2024	3805	1612.0
2024	3806	1988.0
2024	3807	2732.0
2024	3808	697.0
2024	3811	1568.0
2024	3812	111.0
2024	3813	545.0
2024	3814	352.0
2024	3815	147.0
2024	3816	524.0
2024	3817	553.0
2024	3818	248.0
2024	3819	63.0
2024	3820	116.0
2024	3821	108.0
2024	3822	43.0
2024	3823	63.0
2024	3824	95.0
2024	3825	211.0
2024	3901	1566.0
2024	3903	1836.0
2024	3905	3353.0
2024	3907	2338.0
2024	3909	1612.0
2024	3911	1568.0
2024	4001	1988.0
2024	4003	2732.0
2024	4005	697.0
2024	4010	111.0
2024	4012	545.0
2024	4014	352.0
2024	4016	147.0
2024	4018	524.0
2024	4020	553.0
2024	4022	116.0
2024	4024	63.0
2024	4026	248.0
2024	4028	108.0
2024	4030	43.0
2024	4032	63.0
2024	4034	95.0
2024	4036	211.0
2024	4201	285.0
2024	4202	1172.0
2024	4203	1555.0
2024	4204	4483.0
2024	4205	687.0
2024	4206	780.0
2024	4207	251.0
2024	4211	90.0
2024	4212	356.0
2024	4213	298.0
2024	4214	339.0
2024	4215	409.0
2024	4216	289.0
2024	4217	79.0
2024	4218	73.0
2024	4219	426.0
2024	4220	61.0
2024	4221	51.0
2024	4222	61.0
2024	4223	643.0
2024	4224	38.0
2024	4225	925.0
2024	4226	58.0
2024	4227	485.0
2024	4228	48.0
2024	4601	10502.0
2024	4602	749.0
2024	4611	116.0
2024	4612	270.0
2024	4613	590.0
2024	4614	797.0
2024	4615	100.0
2024	4616	86.0
2024	4617	267.0
2024	4618	360.0
2024	4619	40.0
2024	4620	40.0
2024	4621	738.0
2024	4622	228.0
2024	4623	89.0
2024	4624	857.0
2024	4625	149.0
2024	4626	1475.0
2024	4627	1017.0
2024	4628	119.0
2024	4629	11.0
2024	4630	309.0
2024	4631	1191.0
2024	4632	117.0
2024	4633	32.0
2024	4634	56.0
2024	4635	88.0
2024	4636	37.0
2024	4637	39.0
2024	4638	141.0
2024	4639	76.0
2024	4640	672.0
2024	4641	87.0
2024	4642	80.0
2024	4643	131.0
2024	4644	149.0
2024	4645	123.0
2024	4646	78.0
2024	4647	679.0
2024	4648	105.0
2024	4649	242.0
2024	4650	149.0
2024	4651	226.0
2024	5001	9051.0
2024	5004	777.0212765957447
2024	5005	711.1352112676057
2024	5006	913.0
2024	5007	817.0
2024	5011	334.97975708502025
2024	5012	133.99190283400807
2024	5013	191.42301529190945
2024	5014	216.0
2024	5015	201.6734693877551
2024	5016	73.86410303718652
2024	5017	164.3265306122449
2024	5018	114.52447552447553
2024	5019	44.47552447552448
2024	5020	36.0
2024	5021	258.0
2024	5022	93.0
2024	5023	147.72820607437305
2024	5024	354.7300750798217
2024	5025	234.0
2024	5026	51.0
2024	5027	219.0
2024	5028	778.0
2024	5029	403.0
2024	5030	317.21795964762714
2024	5031	991.0
2024	5032	165.0
2024	5033	24.0
2024	5034	78.0
2024	5035	930.0
2024	5036	110.0
2024	5037	843.0
2024	5038	438.0
2024	5039	135.9787234042553
2024	5040	65.59014084507044
2024	5041	420.0
2024	5042	30.0
2024	5043	23.0
2024	5044	50.0
2024	5045	101.0
2024	5046	35.0
2024	5047	167.0
2024	5048	40.274647887323944
2024	5049	51.0
2024	5050	145.25959367945825
2024	5051	179.74040632054175
2024	5052	29.0
2024	5053	285.0
2024	5054	318.0
2024	5055	591.0
2024	5056	236.0
2024	5057	366.0
2024	5058	159.0
2024	5059	626.0
2024	5060	325.0
2024	5061	82.0
2024	5401	3374.0
2024	5402	898.0
2024	5403	1061.0
2024	5404	98.0
2024	5405	507.0
2024	5406	610.0
2024	5411	413.0
2024	5412	498.0
2024	5413	58.0
2024	5414	61.0
2024	5415	38.0
2024	5416	451.0
2024	5417	100.0
2024	5418	676.0
2024	5419	154.0
2024	5420	51.0
2024	5421	609.0
2024	5422	252.0
2024	5423	112.0
2024	5424	133.0
2024	5425	75.0
2024	5426	77.0
2024	5427	138.0
2024	5428	526.0
2024	5429	75.0
2024	5430	105.0
2024	5432	68.0
2024	5433	53.0
2024	5434	63.0
2024	5435	141.0
2024	5436	208.0
2024	5437	140.0
2024	5438	49.0
2024	5439	64.0
2024	5440	53.0
2024	5441	148.0
2024	5442	42.0
2024	5443	96.0
2024	5444	672.0
2024	5501	3374.0
2024	5503	898.0
2024	5510	413.0
2024	5512	498.0
2024	5514	58.0
2024	5516	61.0
2024	5518	38.0
2024	5520	451.0
2024	5522	100.0
2024	5524	676.0
2024	5526	154.0
2024	5528	51.0
2024	5530	609.0
2024	5532	252.0
2024	5534	112.0
2024	5536	133.0
2024	5538	75.0
2024	5540	77.0
2024	5542	138.0
2024	5544	526.0
2024	5546	75.0
2024	5601	1061.0
2024	5603	610.0
2024	5605	672.0
2024	5607	507.0
2024	5610	140.0
2024	5612	105.0
2024	5614	68.0
2024	5616	53.0
2024	5618	63.0
2024	5620	141.0
2024	5622	208.0
2024	5624	49.0
2024	5626	64.0
2024	5628	148.0
2024	5630	53.0
2024	5632	96.0
2024	5634	98.0
2024	5636	42.0
2025	0101	1127.0
2025	0104	1647.2378252168112
2025	0105	2433.0
2025	0106	3441.0
2025	0111	298.0
2025	0118	63.0
2025	0119	147.0
2025	0121	21.984827586206897
2025	0122	247.740297424737
2025	0123	245.64671744649985
2025	0124	581.3173739571998
2025	0125	451.5154153064926
2025	0127	214.0
2025	0128	382.0
2025	0135	481.0
2025	0136	855.7621747831888
2025	0137	403.0
2025	0138	397.7801958650707
2025	0211	1090.0
2025	0213	1914.2194513715715
2025	0214	1876.0
2025	0215	824.0
2025	0216	898.0
2025	0217	1489.7805486284287
2025	0219	6778.0
2025	0220	3084.0671003717475
2025	0221	671.015172413793
2025	0226	1199.8470759760244
2025	0227	803.1871051352666
2025	0228	1563.0
2025	0229	687.0
2025	0230	3976.0
2025	0231	4087.965818888709
2025	0233	1393.0
2025	0234	444.0
2025	0235	3073.0
2025	0236	1323.0
2025	0237	1519.0
2025	0238	1110.0
2025	0239	171.0
2025	0301	34977.0
2025	0402	830.0
2025	0403	1984.0
2025	0412	1483.0
2025	0415	338.0
2025	0417	982.0
2025	0418	219.0
2025	0419	420.0
2025	0420	246.0
2025	0423	234.0
2025	0425	314.0
2025	0426	151.0
2025	0427	1057.0
2025	0428	208.0
2025	0429	320.0
2025	0430	123.0
2025	0432	85.0
2025	0434	181.0
2025	0436	49.0
2025	0437	228.0
2025	0438	92.0
2025	0439	71.0
2025	0441	70.0
2025	0501	1516.0
2025	0502	1622.0
2025	0511	80.0
2025	0512	89.0
2025	0513	53.0
2025	0514	52.0
2025	0515	76.0
2025	0516	184.0
2025	0517	328.0
2025	0519	119.0
2025	0520	281.0
2025	0521	219.0
2025	0522	236.0
2025	0528	567.0
2025	0529	676.0
2025	0532	317.0
2025	0533	458.0
2025	0534	512.0
2025	0536	258.0
2025	0538	250.0
2025	0540	102.0
2025	0541	113.0
2025	0542	239.0
2025	0543	116.0
2025	0544	128.0
2025	0545	244.0
2025	0602	3113.5313863712654
2025	0604	1267.0
2025	0605	1225.0
2025	0612	391.0
2025	0615	49.0
2025	0616	121.0
2025	0617	244.0
2025	0618	139.0
2025	0619	231.0
2025	0620	191.0
2025	0621	113.0
2025	0622	59.0
2025	0623	670.0
2025	0624	1035.0
2025	0625	1089.5468277945622
2025	0626	1597.0
2025	0627	1106.9459107806688
2025	0628	457.98698884758363
2025	0631	149.0
2025	0632	46.0
2025	0633	108.0
2025	0701	1386.0
2025	0702	648.8853383575272
2025	0704	2711.367993029335
2025	0706	1620.3518123667377
2025	0709	1581.245753715499
2025	0710	2610.0
2025	0711	304.9217858341725
2025	0712	1729.0
2025	0713	611.5897023330652
2025	0714	218.5249593094077
2025	0715	867.4102976669349
2025	0716	646.6320069706649
2025	0719	358.0170575692964
2025	0720	631.6311300639658
2025	0722	1188.8804159445408
2025	0723	363.1195840554593
2025	0728	147.75424628450105
2025	0729	1552.0
2025	0805	1801.0
2025	0806	2475.0
2025	0807	599.0
2025	0811	128.0
2025	0814	601.0
2025	0815	384.0
2025	0817	138.0
2025	0819	452.0
2025	0821	418.2109375
2025	0822	178.7890625
2025	0826	236.0
2025	0827	94.0
2025	0828	132.0
2025	0829	113.0
2025	0830	45.0
2025	0831	33.0
2025	0833	76.0
2025	0834	183.0
2025	0901	258.0
2025	0904	1289.0
2025	0906	1687.0
2025	0911	82.0
2025	0912	320.0
2025	0914	341.0
2025	0919	293.0
2025	0926	508.0
2025	0928	232.0
2025	0929	76.0
2025	0935	64.0
2025	0937	148.0
2025	0938	53.0
2025	0940	38.0
2025	0941	51.0
2025	1001	3790.7111403838917
2025	1002	414.76874340021124
2025	1003	438.0
2025	1004	254.0
2025	1014	686.0
2025	1017	373.1742566804667
2025	1018	513.1146029356416
2025	1021	110.80464625131997
2025	1026	35.0
2025	1027	135.2715517241379
2025	1029	183.42661034846884
2025	1032	498.7284482758621
2025	1034	68.0
2025	1037	350.0
2025	1046	81.0
2025	1101	392.0
2025	1102	3508.2420500154367
2025	1103	6465.0
2025	1106	1812.0
2025	1108	3588.0
2025	1111	101.0
2025	1112	140.0
2025	1114	129.0
2025	1119	960.0
2025	1120	1094.0
2025	1121	861.0
2025	1122	512.0
2025	1124	1854.0
2025	1127	646.0
2025	1129	79.75794998456314
2025	1130	429.0
2025	1133	147.0
2025	1134	136.0
2025	1135	114.0
2025	1141	83.80128433820906
2025	1142	195.28005708169826
2025	1144	34.0
2025	1145	35.0
2025	1146	534.0
2025	1149	1262.0
2025	1151	14.0
2025	1160	262.0
2025	1201	11169.0
2025	1211	140.0
2025	1216	231.0
2025	1219	557.0
2025	1221	882.0
2025	1222	111.0
2025	1223	93.0
2025	1224	280.0
2025	1227	26.546961325966848
2025	1228	182.40331491712706
2025	1231	101.04972375690608
2025	1232	24.0
2025	1233	46.0
2025	1234	51.770042194092824
2025	1235	411.2299578059072
2025	1238	214.0
2025	1241	138.73149171270717
2025	1242	80.0
2025	1243	805.2685082872929
2025	1244	185.0
2025	1245	250.94219653179186
2025	1246	1049.394640042039
2025	1247	1186.0
2025	1251	137.0
2025	1252	12.0
2025	1253	260.0
2025	1256	349.6661676646707
2025	1259	196.66316342616915
2025	1260	207.14820359281438
2025	1263	550.1856287425148
2025	1264	110.0
2025	1265	18.0
2025	1266	52.0
2025	1401	437.9195804195804
2025	1411	59.0
2025	1412	16.0
2025	1413	54.0
2025	1416	140.0
2025	1417	73.0
2025	1418	61.60477001703576
2025	1419	134.94378194207835
2025	1420	664.4514480408858
2025	1421	83.0
2025	1422	95.0
2025	1424	107.0
2025	1426	169.0
2025	1428	90.0
2025	1429	90.0
2025	1430	90.21974522292993
2025	1431	72.5828025477707
2025	1432	394.796178343949
2025	1433	81.40127388535032
2025	1438	100.0
2025	1439	239.0804195804196
2025	1441	100.86486486486487
2025	1443	210.13513513513513
2025	1444	49.515789473684215
2025	1445	163.0
2025	1449	212.0
2025	1502	1164.2739726027398
2025	1504	2034.8023994354269
2025	1505	886.0
2025	1506	1328.0
2025	1507	2733.0
2025	1508	2393.0
2025	1511	84.0
2025	1514	76.0
2025	1515	307.0
2025	1516	600.0
2025	1517	561.0
2025	1519	622.4842105263158
2025	1520	290.0
2025	1523	104.15102328863797
2025	1524	50.21186440677966
2025	1525	171.0
2025	1526	28.788135593220343
2025	1528	174.0
2025	1529	242.0546930134086
2025	1531	333.0
2025	1532	327.0
2025	1534	313.41743119266056
2025	1535	215.0
2025	1539	465.0
2025	1543	102.07610350076104
2025	1545	61.64992389649924
2025	1546	38.57445306986591
2025	1547	166.0
2025	1548	297.58441558441564
2025	1551	104.41558441558438
2025	1554	210.0
2025	1557	88.0
2025	1560	219.0
2025	1563	273.0
2025	1566	141.0
2025	1567	46.0
2025	1571	60.08502024291498
2025	1573	85.0
2025	1576	132.0
2025	1577	672.0
2025	1578	79.0
2025	1579	402.0
2025	1580	340.0
2025	1601	9334.0
2025	1612	164.93927125506073
2025	1613	65.97570850202428
2025	1617	132.35465260389154
2025	1620	266.0
2025	1621	208.28571428571428
2025	1622	62.80870179493657
2025	1624	212.57575757575756
2025	1627	169.71428571428572
2025	1630	95.07692307692308
2025	1632	36.92307692307693
2025	1633	22.0
2025	1634	221.0
2025	1635	112.0
2025	1636	125.61740358987313
2025	1638	301.636851830004
2025	1640	228.0
2025	1644	52.0
2025	1648	238.0
2025	1653	880.0
2025	1657	385.0
2025	1662	316.05930264482475
2025	1663	1011.0
2025	1664	138.0
2025	1665	24.0
2025	1702	708.936170212766
2025	1703	632.7971830985916
2025	1711	109.0
2025	1714	831.0
2025	1717	93.0
2025	1718	132.42424242424244
2025	1719	848.0
2025	1721	448.0
2025	1723	37.348837209302346
2025	1724	124.06382978723404
2025	1725	58.36478873239438
2025	1729	254.65116279069767
2025	1736	385.0
2025	1738	39.0
2025	1739	19.0
2025	1740	47.0
2025	1742	100.0
2025	1743	21.0
2025	1744	145.0
2025	1748	35.83802816901409
2025	1749	52.0
2025	1750	146.6004514672686
2025	1751	181.3995485327314
2025	1755	18.0
2025	1756	292.0
2025	1804	2215.0
2025	1805	563.6041896361633
2025	1806	709.0
2025	1811	59.0
2025	1812	67.0
2025	1813	286.0
2025	1815	26.0
2025	1816	10.0
2025	1818	90.0
2025	1820	299.0
2025	1822	96.0
2025	1824	350.0
2025	1825	40.0
2025	1826	35.0
2025	1827	69.0
2025	1828	284.0
2025	1832	141.0
2025	1833	650.0
2025	1834	100.0
2025	1835	43.0
2025	1836	57.0
2025	1837	210.0
2025	1838	112.0
2025	1839	49.0
2025	1840	515.0
2025	1841	744.0
2025	1845	76.0
2025	1848	127.0
2025	1849	73.19563866504136
2025	1850	61.75413450937157
2025	1851	230.0
2025	1852	92.56410256410257
2025	1853	92.0
2025	1854	83.64167585446528
2025	1856	20.0
2025	1857	37.0
2025	1859	105.0
2025	1860	437.0
2025	1865	426.0
2025	1866	542.0
2025	1867	97.0
2025	1868	177.0
2025	1870	491.0
2025	1871	180.0
2025	1874	56.0
2025	1875	153.0
2025	1901	1032.1573705179283
2025	1902	3394.0
2025	1903	1051.0
2025	1911	334.0
2025	1913	192.43589743589746
2025	1915	18.84262948207171
2025	1917	60.0
2025	1919	73.0
2025	1920	28.0
2025	1922	462.0
2025	1923	125.0
2025	1924	728.0
2025	1925	173.0
2025	1926	37.0
2025	1927	78.99603698811097
2025	1928	59.24702774108321
2025	1929	53.236459709379126
2025	1931	458.5204755614266
2025	1933	239.0
2025	1936	101.0
2025	1938	103.0
2025	1939	68.0
2025	1940	94.0
2025	1941	126.0
2025	1942	430.0
2025	1943	68.0
2025	2002	114.0
2025	2003	503.0
2025	2004	458.1317829457365
2025	2011	101.0
2025	2012	913.0
2025	2014	58.0
2025	2015	53.0
2025	2017	64.86821705426357
2025	2018	65.0
2025	2019	152.0
2025	2020	202.0
2025	2021	122.0
2025	2022	47.0
2025	2023	65.0
2025	2024	70.0
2025	2025	135.0
2025	2027	37.0
2025	2028	84.0
2025	2030	464.0
2025	3001	1127.0
2025	3002	2503.0
2025	3003	2433.0
2025	3004	3441.0
2025	3005	4508.0
2025	3006	1267.0
2025	3007	1225.0
2025	3011	298.0
2025	3012	63.0
2025	3013	147.0
2025	3014	1924.0
2025	3015	214.0
2025	3016	382.0
2025	3017	481.0
2025	3018	403.0
2025	3019	1090.0
2025	3020	3404.0
2025	3021	1876.0
2025	3022	824.0
2025	3023	898.0
2025	3024	6778.0
2025	3025	4649.0
2025	3026	693.0
2025	3027	1563.0
2025	3028	687.0
2025	3029	3976.0
2025	3030	6091.0
2025	3031	1393.0
2025	3032	444.0
2025	3033	3073.0
2025	3034	1323.0
2025	3035	1519.0
2025	3036	1110.0
2025	3037	171.0
2025	3038	391.0
2025	3039	49.0
2025	3040	121.0
2025	3041	244.0
2025	3042	139.0
2025	3043	231.0
2025	3044	191.0
2025	3045	113.0
2025	3046	59.0
2025	3047	670.0
2025	3048	1035.0
2025	3049	1597.0
2025	3050	149.0
2025	3051	46.0
2025	3052	108.0
2025	3053	317.0
2025	3054	458.0
2025	3101	1127.0
2025	3103	2503.0
2025	3105	2433.0
2025	3107	3441.0
2025	3110	298.0
2025	3112	481.0
2025	3114	403.0
2025	3116	214.0
2025	3118	1924.0
2025	3120	382.0
2025	3122	147.0
2025	3124	63.0
2025	3201	6778.0
2025	3203	4649.0
2025	3205	6091.0
2025	3207	3404.0
2025	3209	3073.0
2025	3212	898.0
2025	3214	824.0
2025	3216	1090.0
2025	3218	1876.0
2025	3220	687.0
2025	3222	3976.0
2025	3224	1563.0
2025	3226	693.0
2025	3228	1323.0
2025	3230	444.0
2025	3232	1393.0
2025	3234	458.0
2025	3236	317.0
2025	3238	1110.0
2025	3240	1519.0
2025	3242	171.0
2025	3301	4508.0
2025	3303	1267.0
2025	3305	1225.0
2025	3310	391.0
2025	3312	1597.0
2025	3314	1035.0
2025	3316	670.0
2025	3318	59.0
2025	3320	49.0
2025	3322	121.0
2025	3324	244.0
2025	3326	139.0
2025	3328	231.0
2025	3330	191.0
2025	3332	113.0
2025	3334	149.0
2025	3336	46.0
2025	3338	108.0
2025	3401	830.0
2025	3403	1984.0
2025	3405	1516.0
2025	3407	1622.0
2025	3411	1483.0
2025	3412	338.0
2025	3413	982.0
2025	3414	219.0
2025	3415	420.0
2025	3416	246.0
2025	3417	234.0
2025	3418	314.0
2025	3419	151.0
2025	3420	1057.0
2025	3421	208.0
2025	3422	320.0
2025	3423	123.0
2025	3424	85.0
2025	3425	181.0
2025	3426	49.0
2025	3427	228.0
2025	3428	92.0
2025	3429	71.0
2025	3430	70.0
2025	3431	80.0
2025	3432	89.0
2025	3433	53.0
2025	3434	52.0
2025	3435	76.0
2025	3436	184.0
2025	3437	328.0
2025	3438	119.0
2025	3439	281.0
2025	3440	219.0
2025	3441	236.0
2025	3442	567.0
2025	3443	676.0
2025	3446	512.0
2025	3447	258.0
2025	3448	250.0
2025	3449	102.0
2025	3450	113.0
2025	3451	239.0
2025	3452	116.0
2025	3453	128.0
2025	3454	244.0
2025	3801	1386.0
2025	3802	1479.0
2025	3803	3358.0
2025	3804	2610.0
2025	3805	1729.0
2025	3806	1801.0
2025	3807	2475.0
2025	3808	599.0
2025	3811	1552.0
2025	3812	128.0
2025	3813	601.0
2025	3814	384.0
2025	3815	138.0
2025	3816	452.0
2025	3817	597.0
2025	3818	236.0
2025	3819	94.0
2025	3820	132.0
2025	3821	113.0
2025	3822	45.0
2025	3823	33.0
2025	3824	76.0
2025	3825	183.0
2025	3901	1386.0
2025	3903	1479.0
2025	3905	3358.0
2025	3907	2610.0
2025	3909	1729.0
2025	3911	1552.0
2025	4001	1801.0
2025	4003	2475.0
2025	4005	599.0
2025	4010	128.0
2025	4012	601.0
2025	4014	384.0
2025	4016	138.0
2025	4018	452.0
2025	4020	597.0
2025	4022	132.0
2025	4024	94.0
2025	4026	236.0
2025	4028	113.0
2025	4030	45.0
2025	4032	33.0
2025	4034	76.0
2025	4036	183.0
2025	4201	258.0
2025	4202	1289.0
2025	4203	1687.0
2025	4204	4677.0
2025	4205	709.0
2025	4206	438.0
2025	4207	254.0
2025	4211	82.0
2025	4212	320.0
2025	4213	341.0
2025	4214	293.0
2025	4215	508.0
2025	4216	232.0
2025	4217	76.0
2025	4218	64.0
2025	4219	148.0
2025	4220	53.0
2025	4221	38.0
2025	4222	51.0
2025	4223	686.0
2025	4224	35.0
2025	4225	634.0
2025	4226	68.0
2025	4227	350.0
2025	4228	81.0
2025	4601	11169.0
2025	4602	677.0
2025	4611	140.0
2025	4612	231.0
2025	4613	557.0
2025	4614	882.0
2025	4615	111.0
2025	4616	93.0
2025	4617	280.0
2025	4618	310.0
2025	4619	24.0
2025	4620	46.0
2025	4621	463.0
2025	4622	214.0
2025	4623	80.0
2025	4624	944.0
2025	4625	185.0
2025	4626	1497.0
2025	4627	1186.0
2025	4628	137.0
2025	4629	12.0
2025	4630	260.0
2025	4631	1107.0
2025	4632	110.0
2025	4633	18.0
2025	4634	52.0
2025	4635	59.0
2025	4636	16.0
2025	4637	54.0
2025	4638	140.0
2025	4639	73.0
2025	4640	861.0
2025	4641	83.0
2025	4642	95.0
2025	4643	107.0
2025	4644	169.0
2025	4645	90.0
2025	4646	90.0
2025	4647	639.0
2025	4648	100.0
2025	4649	311.0
2025	4650	163.0
2025	4651	212.0
2025	5001	9334.0
2025	5004	708.936170212766
2025	5005	632.7971830985916
2025	5006	833.0
2025	5007	727.0
2025	5011	164.93927125506073
2025	5012	65.97570850202428
2025	5013	132.35465260389154
2025	5014	266.0
2025	5015	208.28571428571428
2025	5016	62.80870179493657
2025	5017	169.71428571428572
2025	5018	95.07692307692308
2025	5019	36.92307692307693
2025	5020	22.0
2025	5021	221.0
2025	5022	112.0
2025	5023	125.61740358987313
2025	5024	301.636851830004
2025	5025	228.0
2025	5026	52.0
2025	5027	238.0
2025	5028	880.0
2025	5029	385.0
2025	5030	316.05930264482475
2025	5031	1011.0
2025	5032	138.0
2025	5033	24.0
2025	5034	109.0
2025	5035	831.0
2025	5036	93.0
2025	5037	848.0
2025	5038	448.0
2025	5039	124.06382978723404
2025	5040	58.36478873239438
2025	5041	385.0
2025	5042	39.0
2025	5043	19.0
2025	5044	47.0
2025	5045	100.0
2025	5046	21.0
2025	5047	145.0
2025	5048	35.83802816901409
2025	5049	52.0
2025	5050	146.6004514672686
2025	5051	181.3995485327314
2025	5052	18.0
2025	5053	292.0
2025	5054	345.0
2025	5055	291.0
2025	5056	225.0
2025	5057	378.0
2025	5058	132.0
2025	5059	604.0
2025	5060	328.0
2025	5061	46.0
2025	5401	3394.0
2025	5402	1051.0
2025	5403	913.0
2025	5404	114.0
2025	5405	503.0
2025	5406	523.0
2025	5411	334.0
2025	5412	285.0
2025	5413	60.0
2025	5414	73.0
2025	5415	28.0
2025	5416	462.0
2025	5417	125.0
2025	5418	728.0
2025	5419	173.0
2025	5420	37.0
2025	5421	650.0
2025	5422	239.0
2025	5423	101.0
2025	5424	103.0
2025	5425	68.0
2025	5426	94.0
2025	5427	126.0
2025	5428	430.0
2025	5429	68.0
2025	5430	101.0
2025	5432	58.0
2025	5433	53.0
2025	5434	65.0
2025	5435	152.0
2025	5436	202.0
2025	5437	122.0
2025	5438	47.0
2025	5439	65.0
2025	5440	70.0
2025	5441	135.0
2025	5442	37.0
2025	5443	84.0
2025	5444	464.0
2025	5501	3394.0
2025	5503	1051.0
2025	5510	334.0
2025	5512	285.0
2025	5514	60.0
2025	5516	73.0
2025	5518	28.0
2025	5520	462.0
2025	5522	125.0
2025	5524	728.0
2025	5526	173.0
2025	5528	37.0
2025	5530	650.0
2025	5532	239.0
2025	5534	101.0
2025	5536	103.0
2025	5538	68.0
2025	5540	94.0
2025	5542	126.0
2025	5544	430.0
2025	5546	68.0
2025	5601	913.0
2025	5603	523.0
2025	5605	464.0
2025	5607	503.0
2025	5610	122.0
2025	5612	101.0
2025	5614	58.0
2025	5616	53.0
2025	5618	65.0
2025	5620	152.0
2025	5622	202.0
2025	5624	47.0
2025	5626	65.0
2025	5628	135.0
2025	5630	70.0
2025	5632	84.0
2025	5634	114.0
2025	5636	37.0
