Year	Code	Value
2011	0101	29220.0
2011	0104	30265.0
2011	0105	52805.0
2011	0106	74579.0
2011	0111	4160.0
2011	0118	1414.0
2011	0119	3476.0
2011	0121	678.0
2011	0122	5142.0
2011	0123	5265.0
2011	0124	14909.0
2011	0125	10940.0
2011	0127	3576.0
2011	0128	7601.0
2011	0135	6946.0
2011	0136	14426.0
2011	0137	4573.0
2011	0138	4852.0
2011	0211	14708.0
2011	0213	28587.0
2011	0214	16733.0
2011	0215	14814.0
2011	0216	17515.0
2011	0217	25072.0
2011	0219	112789.0
2011	0220	55284.0
2011	0221	14632.0
2011	0226	15686.0
2011	0227	10431.0
2011	0228	15920.0
2011	0229	10262.0
2011	0230	33308.0
2011	0231	48752.0
2011	0233	21165.0
2011	0234	5990.0
2011	0235	30081.0
2011	0236	19049.0
2011	0237	21128.0
2011	0238	11128.0
2011	0239	2619.0
2011	0301	599230.0
2011	0402	17436.0
2011	0403	28662.0
2011	0412	32842.0
2011	0415	7353.0
2011	0417	19154.0
2011	0418	5113.0
2011	0419	7831.0
2011	0420	6299.0
2011	0423	5024.0
2011	0425	7597.0
2011	0426	3882.0
2011	0427	19979.0
2011	0428	6754.0
2011	0429	4317.0
2011	0430	2665.0
2011	0432	1974.0
2011	0434	1409.0
2011	0436	1684.0
2011	0437	5495.0
2011	0438	2447.0
2011	0439	1660.0
2011	0441	2045.0
2011	0501	26571.0
2011	0502	28974.0
2011	0511	2748.0
2011	0512	2197.0
2011	0513	2299.0
2011	0514	2401.0
2011	0515	3718.0
2011	0516	5834.0
2011	0517	6004.0
2011	0519	3212.0
2011	0520	4556.0
2011	0521	5092.0
2011	0522	6141.0
2011	0528	14604.0
2011	0529	12803.0
2011	0532	6359.0
2011	0533	8654.0
2011	0534	13434.0
2011	0536	5837.0
2011	0538	6716.0
2011	0540	3164.0
2011	0541	1388.0
2011	0542	6402.0
2011	0543	2217.0
2011	0544	3171.0
2011	0545	1591.0
2011	0602	63582.0
2011	0604	25090.0
2011	0605	28946.0
2011	0612	6140.0
2011	0615	1000.0
2011	0616	3445.0
2011	0617	4572.0
2011	0618	2140.0
2011	0619	4713.0
2011	0620	4453.0
2011	0621	3524.0
2011	0622	2164.0
2011	0623	12940.0
2011	0624	16987.0
2011	0625	22917.0
2011	0626	23580.0
2011	0627	19264.0
2011	0628	9155.0
2011	0631	2592.0
2011	0632	1382.0
2011	0633	2524.0
2011	0701	26036.0
2011	0702	10152.0
2011	0704	39758.0
2011	0706	43648.0
2011	0709	42638.0
2011	0710	60149.0
2011	0711	6494.0
2011	0712	45058.0
2011	0713	8529.0
2011	0714	3073.0
2011	0715	13225.0
2011	0716	8821.0
2011	0719	5372.0
2011	0720	11129.0
2011	0722	20897.0
2011	0723	4738.0
2011	0728	2420.0
2011	0729	25635.0
2011	0805	35043.0
2011	0806	52077.0
2011	0807	12396.0
2011	0811	2419.0
2011	0814	14030.0
2011	0815	10695.0
2011	0817	4124.0
2011	0819	6561.0
2011	0821	5659.0
2011	0822	4358.0
2011	0826	6037.0
2011	0827	1597.0
2011	0828	2955.0
2011	0829	2501.0
2011	0830	1405.0
2011	0831	1351.0
2011	0833	2316.0
2011	0834	3661.0
2011	0901	6871.0
2011	0904	20823.0
2011	0906	42229.0
2011	0911	2497.0
2011	0912	1922.0
2011	0914	5969.0
2011	0919	5127.0
2011	0926	9713.0
2011	0928	4776.0
2011	0929	1829.0
2011	0935	1305.0
2011	0937	3475.0
2011	0938	1239.0
2011	0940	1284.0
2011	0941	989.0
2011	1001	82394.0
2011	1002	14960.0
2011	1003	9415.0
2011	1004	9013.0
2011	1014	13334.0
2011	1017	5999.0
2011	1018	10709.0
2011	1021	2227.0
2011	1026	912.0
2011	1027	1660.0
2011	1029	4724.0
2011	1032	7815.0
2011	1034	1639.0
2011	1037	5816.0
2011	1046	1791.0
2011	1101	14346.0
2011	1102	66245.0
2011	1103	126021.0
2011	1106	34619.0
2011	1108	67411.0
2011	1111	3265.0
2011	1112	3186.0
2011	1114	2651.0
2011	1119	16822.0
2011	1120	17397.0
2011	1121	16450.0
2011	1122	10508.0
2011	1124	23350.0
2011	1127	10061.0
2011	1129	1166.0
2011	1130	11379.0
2011	1133	2814.0
2011	1134	3850.0
2011	1135	4703.0
2011	1141	2919.0
2011	1142	4202.0
2011	1144	528.0
2011	1145	837.0
2011	1146	10191.0
2011	1149	40063.0
2011	1151	216.0
2011	1160	8298.0
2011	1201	260392.0
2011	1211	3909.0
2011	1216	5138.0
2011	1219	11421.0
2011	1221	17804.0
2011	1222	2929.0
2011	1223	2756.0
2011	1224	13243.0
2011	1227	1041.0
2011	1228	6985.0
2011	1231	3405.0
2011	1232	959.0
2011	1233	1118.0
2011	1234	947.0
2011	1235	13957.0
2011	1238	8442.0
2011	1241	3851.0
2011	1242	2394.0
2011	1243	17210.0
2011	1244	4680.0
2011	1245	6265.0
2011	1246	22220.0
2011	1247	25602.0
2011	1251	4153.0
2011	1252	370.0
2011	1253	7465.0
2011	1256	6824.0
2011	1259	4300.0
2011	1260	4896.0
2011	1263	14516.0
2011	1264	2789.0
2011	1265	587.0
2011	1266	1672.0
2011	1401	11588.0
2011	1411	2299.0
2011	1412	862.0
2011	1413	1483.0
2011	1416	4280.0
2011	1417	2758.0
2011	1418	1343.0
2011	1419	2225.0
2011	1420	7160.0
2011	1421	1689.0
2011	1422	2224.0
2011	1424	5601.0
2011	1426	5023.0
2011	1428	3000.0
2011	1429	2909.0
2011	1430	2798.0
2011	1431	3021.0
2011	1432	12207.0
2011	1433	2687.0
2011	1438	3910.0
2011	1439	6030.0
2011	1441	2810.0
2011	1443	5905.0
2011	1444	1207.0
2011	1445	5705.0
2011	1449	7018.0
2011	1502	25089.0
2011	1504	43670.0
2011	1505	23570.0
2011	1506	30045.0
2011	1507	60058.0
2011	1508	51777.525152506416
2011	1511	3417.0
2011	1514	2625.0
2011	1515	8533.0
2011	1516	7751.0
2011	1517	4932.0
2011	1519	8655.0
2011	1520	10373.0
2011	1523	2120.0
2011	1524	1761.0
2011	1525	4575.0
2011	1526	1022.0
2011	1528	7662.0
2011	1529	4079.0
2011	1531	8096.0
2011	1532	7149.0
2011	1534	8857.0
2011	1535	6504.0
2011	1539	7400.0
2011	1543	2988.0
2011	1545	1968.0
2011	1546	1332.0
2011	1547	3249.0
2011	1548	9324.0
2011	1551	3438.0
2011	1554	5520.0
2011	1557	2582.0
2011	1560	3065.0
2011	1563	7267.0
2011	1566	5949.0
2011	1567	2061.0
2011	1571	1661.0
2011	1573	2137.0
2011	1576	3523.0
2011	1577	9862.0
2011	1578	2783.0
2011	1579	12762.0
2011	1580	8280.474847493591
2011	1601	173486.0
2011	1612	4232.0
2011	1613	992.0
2011	1617	4340.0
2011	1620	4326.0
2011	1621	5133.0
2011	1622	1745.0
2011	1624	6543.0
2011	1627	4570.0
2011	1630	3229.0
2011	1632	994.0
2011	1633	1025.0
2011	1634	6691.0
2011	1635	2629.0
2011	1636	3903.0
2011	1638	11365.0
2011	1640	5581.0
2011	1644	2048.0
2011	1648	6015.0
2011	1653	15028.0
2011	1657	6756.0
2011	1662	5894.0
2011	1663	12677.0
2011	1664	3996.0
2011	1665	868.0
2011	1702	21151.0
2011	1703	12906.0
2011	1711	2503.0
2011	1714	21659.0
2011	1717	2538.0
2011	1718	3522.0
2011	1719	18741.0
2011	1721	14334.0
2011	1723	811.0
2011	1724	2609.0
2011	1725	1707.0
2011	1729	5906.0
2011	1736	2172.0
2011	1738	1406.0
2011	1739	499.0
2011	1740	928.0
2011	1742	2357.0
2011	1743	1270.0
2011	1744	3636.0
2011	1748	653.0
2011	1749	1109.0
2011	1750	4135.0
2011	1751	4999.0
2011	1755	589.0
2011	1756	6717.0
2011	1804	47847.0
2011	1805	18380.0
2011	1806	23002.0
2011	1811	1592.0
2011	1812	2025.0
2011	1813	7719.0
2011	1815	1270.0
2011	1816	520.0
2011	1818	1649.0
2011	1820	7296.0
2011	1822	2160.0
2011	1824	13307.0
2011	1825	1487.0
2011	1826	1463.0
2011	1827	1449.0
2011	1828	1808.0
2011	1832	4600.0
2011	1833	25499.0
2011	1834	1912.0
2011	1835	490.0
2011	1836	1294.0
2011	1837	6650.0
2011	1838	2020.0
2011	1839	1103.0
2011	1840	4672.0
2011	1841	9533.0
2011	1845	1989.0
2011	1848	2619.0
2011	1849	1771.0
2011	1850	2002.0
2011	1851	2196.0
2011	1852	1325.0
2011	1853	1342.0
2011	1854	2620.0
2011	1856	605.0
2011	1857	748.0
2011	1859	1360.0
2011	1860	10780.0
2011	1865	9023.0
2011	1866	7924.0
2011	1867	2790.0
2011	1868	4432.0
2011	1870	9856.0
2011	1871	5033.0
2011	1874	1120.0
2011	1875	3773.0
2011	1901	23423.0
2011	1902	68239.0
2011	1903	23899.0
2011	1911	3050.0
2011	1913	2896.0
2011	1915	476.0
2011	1917	1419.0
2011	1919	1115.0
2011	1920	1003.0
2011	1922	3942.0
2011	1923	2179.0
2011	1924	6563.0
2011	1925	3371.0
2011	1926	1205.0
2011	1927	1538.0
2011	1928	911.0
2011	1929	907.0
2011	1931	11294.0
2011	1933	5517.0
2011	1936	2357.0
2011	1938	3086.0
2011	1939	1894.0
2011	1940	2185.0
2011	1941	2885.0
2011	1942	4805.0
2011	1943	1294.0
2011	2002	2111.0
2011	2003	6095.0
2011	2004	9912.0
2011	2011	2935.0
2011	2012	19071.0
2011	2014	1078.0
2011	2015	972.0
2011	2017	998.0
2011	2018	1228.0
2011	2019	3224.0
2011	2020	3980.0
2011	2021	2768.0
2011	2022	1336.0
2011	2023	991.0
2011	2024	1031.0
2011	2025	2897.0
2011	2027	893.0
2011	2028	2071.0
2011	2030	9826.0
2011	3001	29220.0
2011	3002	44691.0
2011	3003	52805.0
2011	3004	74579.0
2011	3005	92993.0
2011	3006	25090.0
2011	3007	28946.0
2011	3011	4160.0
2011	3012	1414.0
2011	3013	3476.0
2011	3014	41108.0
2011	3015	3576.0
2011	3016	7601.0
2011	3017	6946.0
2011	3018	4573.0
2011	3019	14708.0
2011	3020	53659.0
2011	3021	16733.0
2011	3022	14814.0
2011	3023	17515.0
2011	3024	112789.0
2011	3025	83703.0
2011	3026	15310.0
2011	3027	15920.0
2011	3028	10262.0
2011	3029	33308.0
2011	3030	74869.0
2011	3031	21165.0
2011	3032	5990.0
2011	3033	30081.0
2011	3034	19049.0
2011	3035	21128.0
2011	3036	11128.0
2011	3037	2619.0
2011	3038	6140.0
2011	3039	1000.0
2011	3040	3445.0
2011	3041	4572.0
2011	3042	2140.0
2011	3043	4713.0
2011	3044	4453.0
2011	3045	3524.0
2011	3046	2164.0
2011	3047	12940.0
2011	3048	16987.0
2011	3049	23580.0
2011	3050	2592.0
2011	3051	1382.0
2011	3052	2524.0
2011	3053	6359.0
2011	3054	8654.0
2011	3101	29220.0
2011	3103	44691.0
2011	3105	52805.0
2011	3107	74579.0
2011	3110	4160.0
2011	3112	6946.0
2011	3114	4573.0
2011	3116	3576.0
2011	3118	41108.0
2011	3120	7601.0
2011	3122	3476.0
2011	3124	1414.0
2011	3201	112789.0
2011	3203	83703.0
2011	3205	74869.0
2011	3207	53659.0
2011	3209	30081.0
2011	3212	17515.0
2011	3214	14814.0
2011	3216	14708.0
2011	3218	16733.0
2011	3220	10262.0
2011	3222	33308.0
2011	3224	15920.0
2011	3226	15310.0
2011	3228	19049.0
2011	3230	5990.0
2011	3232	21165.0
2011	3234	8654.0
2011	3236	6359.0
2011	3238	11128.0
2011	3240	21128.0
2011	3242	2619.0
2011	3301	92993.0
2011	3303	25090.0
2011	3305	28946.0
2011	3310	6140.0
2011	3312	23580.0
2011	3314	16987.0
2011	3316	12940.0
2011	3318	2164.0
2011	3320	1000.0
2011	3322	3445.0
2011	3324	4572.0
2011	3326	2140.0
2011	3328	4713.0
2011	3330	4453.0
2011	3332	3524.0
2011	3334	2592.0
2011	3336	1382.0
2011	3338	2524.0
2011	3401	17436.0
2011	3403	28662.0
2011	3405	26571.0
2011	3407	28974.0
2011	3411	32842.0
2011	3412	7353.0
2011	3413	19154.0
2011	3414	5113.0
2011	3415	7831.0
2011	3416	6299.0
2011	3417	5024.0
2011	3418	7597.0
2011	3419	3882.0
2011	3420	19979.0
2011	3421	6754.0
2011	3422	4317.0
2011	3423	2665.0
2011	3424	1974.0
2011	3425	1409.0
2011	3426	1684.0
2011	3427	5495.0
2011	3428	2447.0
2011	3429	1660.0
2011	3430	2045.0
2011	3431	2748.0
2011	3432	2197.0
2011	3433	2299.0
2011	3434	2401.0
2011	3435	3718.0
2011	3436	5834.0
2011	3437	6004.0
2011	3438	3212.0
2011	3439	4556.0
2011	3440	5092.0
2011	3441	6141.0
2011	3442	14604.0
2011	3443	12803.0
2011	3446	13434.0
2011	3447	5837.0
2011	3448	6716.0
2011	3449	3164.0
2011	3450	1388.0
2011	3451	6402.0
2011	3452	2217.0
2011	3453	3171.0
2011	3454	1591.0
2011	3801	26036.0
2011	3802	21754.0
2011	3803	48579.0
2011	3804	60149.0
2011	3805	45058.0
2011	3806	35043.0
2011	3807	52077.0
2011	3808	12396.0
2011	3811	25635.0
2011	3812	2419.0
2011	3813	14030.0
2011	3814	10695.0
2011	3815	4124.0
2011	3816	6561.0
2011	3817	10017.0
2011	3818	6037.0
2011	3819	1597.0
2011	3820	2955.0
2011	3821	2501.0
2011	3822	1405.0
2011	3823	1351.0
2011	3824	2316.0
2011	3825	3661.0
2011	3901	26036.0
2011	3903	21754.0
2011	3905	48579.0
2011	3907	60149.0
2011	3909	45058.0
2011	3911	25635.0
2011	4001	35043.0
2011	4003	52077.0
2011	4005	12396.0
2011	4010	2419.0
2011	4012	14030.0
2011	4014	10695.0
2011	4016	4124.0
2011	4018	6561.0
2011	4020	10017.0
2011	4022	2955.0
2011	4024	1597.0
2011	4026	6037.0
2011	4028	2501.0
2011	4030	1405.0
2011	4032	1351.0
2011	4034	2316.0
2011	4036	3661.0
2011	4201	6871.0
2011	4202	20823.0
2011	4203	42229.0
2011	4204	99102.0
2011	4205	21911.0
2011	4206	9415.0
2011	4207	9013.0
2011	4211	2497.0
2011	4212	1922.0
2011	4213	5969.0
2011	4214	5127.0
2011	4215	9713.0
2011	4216	4776.0
2011	4217	1829.0
2011	4218	1305.0
2011	4219	3475.0
2011	4220	1239.0
2011	4221	1284.0
2011	4222	989.0
2011	4223	13334.0
2011	4224	912.0
2011	4225	9475.0
2011	4226	1639.0
2011	4227	5816.0
2011	4228	1791.0
2011	4601	260392.0
2011	4602	17618.0
2011	4611	3909.0
2011	4612	5138.0
2011	4613	11421.0
2011	4614	17804.0
2011	4615	2929.0
2011	4616	2756.0
2011	4617	13243.0
2011	4618	11431.0
2011	4619	959.0
2011	4620	1118.0
2011	4621	14904.0
2011	4622	8442.0
2011	4623	2394.0
2011	4624	21061.0
2011	4625	4680.0
2011	4626	32785.0
2011	4627	25602.0
2011	4628	4153.0
2011	4629	370.0
2011	4630	7465.0
2011	4631	26236.0
2011	4632	2789.0
2011	4633	587.0
2011	4634	1672.0
2011	4635	2299.0
2011	4636	862.0
2011	4637	1483.0
2011	4638	4280.0
2011	4639	2758.0
2011	4640	10728.0
2011	4641	1689.0
2011	4642	2224.0
2011	4643	5601.0
2011	4644	5023.0
2011	4645	3000.0
2011	4646	2909.0
2011	4647	20713.0
2011	4648	3910.0
2011	4649	8715.0
2011	4650	5705.0
2011	4651	7018.0
2011	5001	173486.0
2011	5004	21151.0
2011	5005	12906.0
2011	5006	23760.0
2011	5007	15266.0
2011	5011	4232.0
2011	5012	992.0
2011	5013	4340.0
2011	5014	4326.0
2011	5015	5133.0
2011	5016	1745.0
2011	5017	4570.0
2011	5018	3229.0
2011	5019	994.0
2011	5020	1025.0
2011	5021	6691.0
2011	5022	2629.0
2011	5023	3903.0
2011	5024	11365.0
2011	5025	5581.0
2011	5026	2048.0
2011	5027	6015.0
2011	5028	15028.0
2011	5029	6756.0
2011	5030	5894.0
2011	5031	12677.0
2011	5032	3996.0
2011	5033	868.0
2011	5034	2503.0
2011	5035	21659.0
2011	5036	2538.0
2011	5037	18741.0
2011	5038	14334.0
2011	5039	2609.0
2011	5040	1707.0
2011	5041	2172.0
2011	5042	1406.0
2011	5043	499.0
2011	5044	928.0
2011	5045	2357.0
2011	5046	1270.0
2011	5047	3636.0
2011	5048	653.0
2011	5049	1109.0
2011	5050	4135.0
2011	5051	4999.0
2011	5052	589.0
2011	5053	6717.0
2011	5054	10065.0
2011	5055	6885.0
2011	5056	5332.0
2011	5057	9703.0
2011	5058	4223.0
2011	5059	18005.0
2011	5060	9134.0
2011	5061	2061.0
2011	5401	68239.0
2011	5402	23899.0
2011	5403	19071.0
2011	5404	2111.0
2011	5405	6095.0
2011	5406	10910.0
2011	5411	3050.0
2011	5412	4221.0
2011	5413	1419.0
2011	5414	1115.0
2011	5415	1003.0
2011	5416	3942.0
2011	5417	2179.0
2011	5418	6563.0
2011	5419	3371.0
2011	5420	1205.0
2011	5421	14650.0
2011	5422	5517.0
2011	5423	2357.0
2011	5424	3086.0
2011	5425	1894.0
2011	5426	2185.0
2011	5427	2885.0
2011	5428	4805.0
2011	5429	1294.0
2011	5430	2935.0
2011	5432	1078.0
2011	5433	972.0
2011	5434	1228.0
2011	5435	3224.0
2011	5436	3980.0
2011	5437	2768.0
2011	5438	1336.0
2011	5439	991.0
2011	5440	1031.0
2011	5441	2897.0
2011	5442	893.0
2011	5443	2071.0
2011	5444	9826.0
2011	5501	68239.0
2011	5503	23899.0
2011	5510	3050.0
2011	5512	4221.0
2011	5514	1419.0
2011	5516	1115.0
2011	5518	1003.0
2011	5520	3942.0
2011	5522	2179.0
2011	5524	6563.0
2011	5526	3371.0
2011	5528	1205.0
2011	5530	14650.0
2011	5532	5517.0
2011	5534	2357.0
2011	5536	3086.0
2011	5538	1894.0
2011	5540	2185.0
2011	5542	2885.0
2011	5544	4805.0
2011	5546	1294.0
2011	5601	19071.0
2011	5603	10910.0
2011	5605	9826.0
2011	5607	6095.0
2011	5610	2768.0
2011	5612	2935.0
2011	5614	1078.0
2011	5616	972.0
2011	5618	1228.0
2011	5620	3224.0
2011	5622	3980.0
2011	5624	1336.0
2011	5626	991.0
2011	5628	2897.0
2011	5630	1031.0
2011	5632	2071.0
2011	5634	2111.0
2011	5636	893.0
2012	0101	29543.0
2012	0104	30723.0
2012	0105	53333.0
2012	0106	75583.0
2012	0111	4206.0
2012	0118	1423.0
2012	0119	3518.0
2012	0121	688.0
2012	0122	5219.0
2012	0123	5348.0
2012	0124	15096.0
2012	0125	11049.0
2012	0127	3631.0
2012	0128	7698.0
2012	0135	6987.0
2012	0136	14691.0
2012	0137	4705.0
2012	0138	4911.0
2012	0211	15143.0
2012	0213	28970.0
2012	0214	17284.0
2012	0215	15154.0
2012	0216	17809.0
2012	0217	25520.0
2012	0219	114489.0
2012	0220	56447.0
2012	0221	14905.0
2012	0226	16091.0
2012	0227	10626.0
2012	0228	16170.0
2012	0229	10487.0
2012	0230	33709.0
2012	0231	49698.0
2012	0233	21454.0
2012	0234	6152.0
2012	0235	31044.0
2012	0236	19462.0
2012	0237	21621.0
2012	0238	11362.0
2012	0239	2657.0
2012	0301	613285.0
2012	0402	17522.0
2012	0403	29045.0
2012	0412	33191.0
2012	0415	7477.0
2012	0417	19190.0
2012	0418	5141.0
2012	0419	7859.0
2012	0420	6288.0
2012	0423	5003.0
2012	0425	7606.0
2012	0426	3844.0
2012	0427	20152.0
2012	0428	6752.0
2012	0429	4337.0
2012	0430	2678.0
2012	0432	1959.0
2012	0434	1390.0
2012	0436	1681.0
2012	0437	5564.0
2012	0438	2431.0
2012	0439	1641.0
2012	0441	2040.0
2012	0501	26765.0
2012	0502	29202.0
2012	0511	2742.0
2012	0512	2195.0
2012	0513	2307.0
2012	0514	2382.0
2012	0515	3739.0
2012	0516	5830.0
2012	0517	5992.0
2012	0519	3208.0
2012	0520	4561.0
2012	0521	5095.0
2012	0522	6160.0
2012	0528	14747.0
2012	0529	12928.0
2012	0532	6483.0
2012	0533	8776.0
2012	0534	13493.0
2012	0536	5761.0
2012	0538	6768.0
2012	0540	3154.0
2012	0541	1408.0
2012	0542	6428.0
2012	0543	2232.0
2012	0544	3174.0
2012	0545	1617.0
2012	0602	64597.0
2012	0604	25479.0
2012	0605	29236.0
2012	0612	6322.0
2012	0615	1034.0
2012	0616	3452.0
2012	0617	4581.0
2012	0618	2228.0
2012	0619	4741.0
2012	0620	4457.0
2012	0621	3535.0
2012	0622	2186.0
2012	0623	13116.0
2012	0624	17421.0
2012	0625	23262.0
2012	0626	24177.0
2012	0627	19594.0
2012	0628	9185.0
2012	0631	2638.0
2012	0632	1383.0
2012	0633	2540.0
2012	0701	26307.0
2012	0702	10251.0
2012	0704	40677.0
2012	0706	44150.0
2012	0709	42947.0
2012	0710	60776.0
2012	0711	6581.0
2012	0712	45360.0
2012	0713	8680.0
2012	0714	3048.0
2012	0715	13299.0
2012	0716	8936.0
2012	0719	5448.0
2012	0720	11178.0
2012	0722	20995.0
2012	0723	4813.0
2012	0728	2413.0
2012	0729	25808.0
2012	0805	35219.0
2012	0806	52509.0
2012	0807	12469.0
2012	0811	2432.0
2012	0814	14106.0
2012	0815	10710.0
2012	0817	4126.0
2012	0819	6579.0
2012	0821	5766.0
2012	0822	4314.0
2012	0826	5982.0
2012	0827	1602.0
2012	0828	2959.0
2012	0829	2498.0
2012	0830	1430.0
2012	0831	1335.0
2012	0833	2287.0
2012	0834	3700.0
2012	0901	6899.0
2012	0904	21301.0
2012	0906	42801.0
2012	0911	2478.0
2012	0912	1933.0
2012	0914	6019.0
2012	0919	5257.0
2012	0926	9878.0
2012	0928	4828.0
2012	0929	1825.0
2012	0935	1298.0
2012	0937	3496.0
2012	0938	1219.0
2012	0940	1293.0
2012	0941	970.0
2012	1001	83243.0
2012	1002	15149.0
2012	1003	9433.0
2012	1004	9046.0
2012	1014	13583.0
2012	1017	6165.0
2012	1018	10855.0
2012	1021	2286.0
2012	1026	912.0
2012	1027	1689.0
2012	1029	4753.0
2012	1032	7895.0
2012	1034	1665.0
2012	1037	5834.0
2012	1046	1816.0
2012	1101	14475.0
2012	1102	67814.0
2012	1103	127506.0
2012	1106	35099.0
2012	1108	69004.0
2012	1111	3257.0
2012	1112	3183.0
2012	1114	2739.0
2012	1119	17244.0
2012	1120	17746.0
2012	1121	16769.0
2012	1122	10778.0
2012	1124	23877.0
2012	1127	10265.0
2012	1129	1190.0
2012	1130	11533.0
2012	1133	2807.0
2012	1134	3845.0
2012	1135	4754.0
2012	1141	2955.0
2012	1142	4388.0
2012	1144	519.0
2012	1145	851.0
2012	1146	10320.0
2012	1149	40536.0
2012	1151	218.0
2012	1160	8447.0
2012	1201	263762.0
2012	1211	3963.0
2012	1216	5228.0
2012	1219	11503.0
2012	1221	17957.0
2012	1222	2944.0
2012	1223	2766.0
2012	1224	13318.0
2012	1227	1050.0
2012	1228	6946.0
2012	1231	3417.0
2012	1232	957.0
2012	1233	1112.0
2012	1234	923.0
2012	1235	13978.0
2012	1238	8522.0
2012	1241	3811.0
2012	1242	2417.0
2012	1243	17726.0
2012	1244	4792.0
2012	1245	6409.0
2012	1246	22720.0
2012	1247	26210.0
2012	1251	4138.0
2012	1252	370.0
2012	1253	7521.0
2012	1256	7036.0
2012	1259	4419.0
2012	1260	4952.0
2012	1263	14668.0
2012	1264	2776.0
2012	1265	576.0
2012	1266	1683.0
2012	1401	11654.0
2012	1411	2310.0
2012	1412	851.0
2012	1413	1461.0
2012	1416	4216.0
2012	1417	2748.0
2012	1418	1338.0
2012	1419	2236.0
2012	1420	7348.0
2012	1421	1712.0
2012	1422	2205.0
2012	1424	5572.0
2012	1426	5026.0
2012	1428	3010.0
2012	1429	2832.0
2012	1430	2848.0
2012	1431	3052.0
2012	1432	12307.0
2012	1433	2710.0
2012	1438	3891.0
2012	1439	6129.0
2012	1441	2831.0
2012	1443	5950.0
2012	1444	1220.0
2012	1445	5679.0
2012	1449	7065.0
2012	1502	25488.0
2012	1504	44416.0
2012	1505	23813.0
2012	1506	30480.0
2012	1507	61090.0
2012	1508	52667.23852886571
2012	1511	3388.0
2012	1514	2588.0
2012	1515	8727.0
2012	1516	7828.0
2012	1517	5000.0
2012	1519	8693.0
2012	1520	10398.0
2012	1523	2202.0
2012	1524	1738.0
2012	1525	4602.0
2012	1526	1026.0
2012	1528	7664.0
2012	1529	4184.0
2012	1531	8256.0
2012	1532	7312.0
2012	1534	8973.0
2012	1535	6539.0
2012	1539	7428.0
2012	1543	3004.0
2012	1545	1988.0
2012	1546	1315.0
2012	1547	3289.0
2012	1548	9484.0
2012	1551	3442.0
2012	1554	5593.0
2012	1557	2579.0
2012	1560	3101.0
2012	1563	7196.0
2012	1566	5952.0
2012	1567	2088.0
2012	1571	1641.0
2012	1573	2182.0
2012	1576	3511.0
2012	1577	9913.0
2012	1578	2764.0
2012	1579	12926.0
2012	1580	8422.761471134294
2012	1601	176348.0
2012	1612	4221.0
2012	1613	981.0
2012	1617	4399.0
2012	1620	4369.0
2012	1621	5119.0
2012	1622	1715.0
2012	1624	6543.0
2012	1627	4584.0
2012	1630	3257.0
2012	1632	987.0
2012	1633	1020.0
2012	1634	6755.0
2012	1635	2569.0
2012	1636	3924.0
2012	1638	11429.0
2012	1640	5604.0
2012	1644	2013.0
2012	1648	6153.0
2012	1653	15392.0
2012	1657	6941.0
2012	1662	5930.0
2012	1663	12785.0
2012	1664	4042.0
2012	1665	870.0
2012	1702	21303.0
2012	1703	12953.0
2012	1711	2513.0
2012	1714	22058.0
2012	1717	2618.0
2012	1718	3527.0
2012	1719	18922.0
2012	1721	14387.0
2012	1723	806.7741551287777
2012	1724	2705.0
2012	1725	1694.0
2012	1729	5875.225844871223
2012	1736	2164.0
2012	1738	1410.0
2012	1739	494.0
2012	1740	916.0
2012	1742	2409.0
2012	1743	1264.0
2012	1744	3679.0
2012	1748	668.0
2012	1749	1141.0
2012	1750	4241.0
2012	1751	5069.0
2012	1755	573.0
2012	1756	6682.0
2012	1804	48422.0
2012	1805	18473.0
2012	1806	23045.0
2012	1811	1562.0
2012	1812	2038.0
2012	1813	7778.0
2012	1815	1256.0
2012	1816	511.0
2012	1818	1711.0
2012	1820	7372.0
2012	1822	2107.0
2012	1824	13258.0
2012	1825	1455.0
2012	1826	1456.0
2012	1827	1433.0
2012	1828	1813.0
2012	1832	4585.0
2012	1833	25652.0
2012	1834	1937.0
2012	1835	497.0
2012	1836	1320.0
2012	1837	6657.0
2012	1838	2000.0
2012	1839	1097.0
2012	1840	4710.0
2012	1841	9513.0
2012	1845	2003.0
2012	1848	2609.0
2012	1849	1783.0
2012	1850	1956.0
2012	1851	2179.0
2012	1852	1284.0
2012	1853	1359.0
2012	1854	2616.0
2012	1856	595.0
2012	1857	751.0
2012	1859	1383.0
2012	1860	10848.0
2012	1865	9086.0
2012	1866	7937.0
2012	1867	2720.0
2012	1868	4467.0
2012	1870	9983.0
2012	1871	5032.0
2012	1874	1116.0
2012	1875	3739.0
2012	1901	23640.0
2012	1902	69116.0
2012	1903	24095.0
2012	1911	3025.0
2012	1913	2972.0
2012	1915	455.0
2012	1917	1410.0
2012	1919	1136.0
2012	1920	1016.0
2012	1922	3875.0
2012	1923	2214.0
2012	1924	6599.0
2012	1925	3381.0
2012	1926	1188.0
2012	1927	1524.0
2012	1928	892.0
2012	1929	887.0
2012	1931	11345.0
2012	1933	5502.0
2012	1936	2355.0
2012	1938	3028.0
2012	1939	1909.0
2012	1940	2210.0
2012	1941	2880.0
2012	1942	4807.0
2012	1943	1284.0
2012	2002	2122.0
2012	2003	6125.0
2012	2004	9934.0
2012	2011	2927.0
2012	2012	19282.0
2012	2014	1087.0
2012	2015	995.0
2012	2017	1010.0
2012	2018	1243.0
2012	2019	3228.0
2012	2020	3946.0
2012	2021	2763.0
2012	2022	1356.0
2012	2023	1008.0
2012	2024	1015.0
2012	2025	2896.0
2012	2027	901.0
2012	2028	2089.0
2012	2030	9860.0
2012	3001	29543.0
2012	3002	45414.0
2012	3003	53333.0
2012	3004	75583.0
2012	3005	94440.0
2012	3006	25479.0
2012	3007	29236.0
2012	3011	4206.0
2012	3012	1423.0
2012	3013	3518.0
2012	3014	41623.0
2012	3015	3631.0
2012	3016	7698.0
2012	3017	6987.0
2012	3018	4705.0
2012	3019	15143.0
2012	3020	54490.0
2012	3021	17284.0
2012	3022	15154.0
2012	3023	17809.0
2012	3024	114489.0
2012	3025	85226.0
2012	3026	15593.0
2012	3027	16170.0
2012	3028	10487.0
2012	3029	33709.0
2012	3030	76415.0
2012	3031	21454.0
2012	3032	6152.0
2012	3033	31044.0
2012	3034	19462.0
2012	3035	21621.0
2012	3036	11362.0
2012	3037	2657.0
2012	3038	6322.0
2012	3039	1034.0
2012	3040	3452.0
2012	3041	4581.0
2012	3042	2228.0
2012	3043	4741.0
2012	3044	4457.0
2012	3045	3535.0
2012	3046	2186.0
2012	3047	13116.0
2012	3048	17421.0
2012	3049	24177.0
2012	3050	2638.0
2012	3051	1383.0
2012	3052	2540.0
2012	3053	6483.0
2012	3054	8776.0
2012	3101	29543.0
2012	3103	45414.0
2012	3105	53333.0
2012	3107	75583.0
2012	3110	4206.0
2012	3112	6987.0
2012	3114	4705.0
2012	3116	3631.0
2012	3118	41623.0
2012	3120	7698.0
2012	3122	3518.0
2012	3124	1423.0
2012	3201	114489.0
2012	3203	85226.0
2012	3205	76415.0
2012	3207	54490.0
2012	3209	31044.0
2012	3212	17809.0
2012	3214	15154.0
2012	3216	15143.0
2012	3218	17284.0
2012	3220	10487.0
2012	3222	33709.0
2012	3224	16170.0
2012	3226	15593.0
2012	3228	19462.0
2012	3230	6152.0
2012	3232	21454.0
2012	3234	8776.0
2012	3236	6483.0
2012	3238	11362.0
2012	3240	21621.0
2012	3242	2657.0
2012	3301	94440.0
2012	3303	25479.0
2012	3305	29236.0
2012	3310	6322.0
2012	3312	24177.0
2012	3314	17421.0
2012	3316	13116.0
2012	3318	2186.0
2012	3320	1034.0
2012	3322	3452.0
2012	3324	4581.0
2012	3326	2228.0
2012	3328	4741.0
2012	3330	4457.0
2012	3332	3535.0
2012	3334	2638.0
2012	3336	1383.0
2012	3338	2540.0
2012	3401	17522.0
2012	3403	29045.0
2012	3405	26765.0
2012	3407	29202.0
2012	3411	33191.0
2012	3412	7477.0
2012	3413	19190.0
2012	3414	5141.0
2012	3415	7859.0
2012	3416	6288.0
2012	3417	5003.0
2012	3418	7606.0
2012	3419	3844.0
2012	3420	20152.0
2012	3421	6752.0
2012	3422	4337.0
2012	3423	2678.0
2012	3424	1959.0
2012	3425	1390.0
2012	3426	1681.0
2012	3427	5564.0
2012	3428	2431.0
2012	3429	1641.0
2012	3430	2040.0
2012	3431	2742.0
2012	3432	2195.0
2012	3433	2307.0
2012	3434	2382.0
2012	3435	3739.0
2012	3436	5830.0
2012	3437	5992.0
2012	3438	3208.0
2012	3439	4561.0
2012	3440	5095.0
2012	3441	6160.0
2012	3442	14747.0
2012	3443	12928.0
2012	3446	13493.0
2012	3447	5761.0
2012	3448	6768.0
2012	3449	3154.0
2012	3450	1408.0
2012	3451	6428.0
2012	3452	2232.0
2012	3453	3174.0
2012	3454	1617.0
2012	3801	26307.0
2012	3802	21979.0
2012	3803	49613.0
2012	3804	60776.0
2012	3805	45360.0
2012	3806	35219.0
2012	3807	52509.0
2012	3808	12469.0
2012	3811	25808.0
2012	3812	2432.0
2012	3813	14106.0
2012	3814	10710.0
2012	3815	4126.0
2012	3816	6579.0
2012	3817	10080.0
2012	3818	5982.0
2012	3819	1602.0
2012	3820	2959.0
2012	3821	2498.0
2012	3822	1430.0
2012	3823	1335.0
2012	3824	2287.0
2012	3825	3700.0
2012	3901	26307.0
2012	3903	21979.0
2012	3905	49613.0
2012	3907	60776.0
2012	3909	45360.0
2012	3911	25808.0
2012	4001	35219.0
2012	4003	52509.0
2012	4005	12469.0
2012	4010	2432.0
2012	4012	14106.0
2012	4014	10710.0
2012	4016	4126.0
2012	4018	6579.0
2012	4020	10080.0
2012	4022	2959.0
2012	4024	1602.0
2012	4026	5982.0
2012	4028	2498.0
2012	4030	1430.0
2012	4032	1335.0
2012	4034	2287.0
2012	4036	3700.0
2012	4201	6899.0
2012	4202	21301.0
2012	4203	42801.0
2012	4204	100263.0
2012	4205	22188.0
2012	4206	9433.0
2012	4207	9046.0
2012	4211	2478.0
2012	4212	1933.0
2012	4213	6019.0
2012	4214	5257.0
2012	4215	9878.0
2012	4216	4828.0
2012	4217	1825.0
2012	4218	1298.0
2012	4219	3496.0
2012	4220	1219.0
2012	4221	1293.0
2012	4222	970.0
2012	4223	13583.0
2012	4224	912.0
2012	4225	9584.0
2012	4226	1665.0
2012	4227	5834.0
2012	4228	1816.0
2012	4601	263762.0
2012	4602	17783.0
2012	4611	3963.0
2012	4612	5228.0
2012	4613	11503.0
2012	4614	17957.0
2012	4615	2944.0
2012	4616	2766.0
2012	4617	13318.0
2012	4618	11413.0
2012	4619	957.0
2012	4620	1112.0
2012	4621	14901.0
2012	4622	8522.0
2012	4623	2417.0
2012	4624	21537.0
2012	4625	4792.0
2012	4626	33548.0
2012	4627	26210.0
2012	4628	4138.0
2012	4629	370.0
2012	4630	7521.0
2012	4631	26656.0
2012	4632	2776.0
2012	4633	576.0
2012	4634	1683.0
2012	4635	2310.0
2012	4636	851.0
2012	4637	1461.0
2012	4638	4216.0
2012	4639	2748.0
2012	4640	10922.0
2012	4641	1712.0
2012	4642	2205.0
2012	4643	5572.0
2012	4644	5026.0
2012	4645	3010.0
2012	4646	2832.0
2012	4647	20917.0
2012	4648	3891.0
2012	4649	8781.0
2012	4650	5679.0
2012	4651	7065.0
2012	5001	176348.0
2012	5004	21303.0
2012	5005	12953.0
2012	5006	24008.0
2012	5007	15315.0
2012	5011	4221.0
2012	5012	981.0
2012	5013	4399.0
2012	5014	4369.0
2012	5015	5119.0
2012	5016	1715.0
2012	5017	4584.0
2012	5018	3257.0
2012	5019	987.0
2012	5020	1020.0
2012	5021	6755.0
2012	5022	2569.0
2012	5023	3924.0
2012	5024	11429.0
2012	5025	5604.0
2012	5026	2013.0
2012	5027	6153.0
2012	5028	15392.0
2012	5029	6941.0
2012	5030	5930.0
2012	5031	12785.0
2012	5032	4042.0
2012	5033	870.0
2012	5034	2513.0
2012	5035	22058.0
2012	5036	2618.0
2012	5037	18922.0
2012	5038	14387.0
2012	5039	2705.0
2012	5040	1694.0
2012	5041	2164.0
2012	5042	1410.0
2012	5043	494.0
2012	5044	916.0
2012	5045	2409.0
2012	5046	1264.0
2012	5047	3679.0
2012	5048	668.0
2012	5049	1141.0
2012	5050	4241.0
2012	5051	5069.0
2012	5052	573.0
2012	5053	6682.0
2012	5054	10070.0
2012	5055	6843.0
2012	5056	5380.0
2012	5057	9703.0
2012	5058	4244.0
2012	5059	18049.0
2012	5060	9310.0
2012	5061	2088.0
2012	5401	69116.0
2012	5402	24095.0
2012	5403	19282.0
2012	5404	2122.0
2012	5405	6125.0
2012	5406	10944.0
2012	5411	3025.0
2012	5412	4256.0
2012	5413	1410.0
2012	5414	1136.0
2012	5415	1016.0
2012	5416	3875.0
2012	5417	2214.0
2012	5418	6599.0
2012	5419	3381.0
2012	5420	1188.0
2012	5421	14648.0
2012	5422	5502.0
2012	5423	2355.0
2012	5424	3028.0
2012	5425	1909.0
2012	5426	2210.0
2012	5427	2880.0
2012	5428	4807.0
2012	5429	1284.0
2012	5430	2927.0
2012	5432	1087.0
2012	5433	995.0
2012	5434	1243.0
2012	5435	3228.0
2012	5436	3946.0
2012	5437	2763.0
2012	5438	1356.0
2012	5439	1008.0
2012	5440	1015.0
2012	5441	2896.0
2012	5442	901.0
2012	5443	2089.0
2012	5444	9860.0
2012	5501	69116.0
2012	5503	24095.0
2012	5510	3025.0
2012	5512	4256.0
2012	5514	1410.0
2012	5516	1136.0
2012	5518	1016.0
2012	5520	3875.0
2012	5522	2214.0
2012	5524	6599.0
2012	5526	3381.0
2012	5528	1188.0
2012	5530	14648.0
2012	5532	5502.0
2012	5534	2355.0
2012	5536	3028.0
2012	5538	1909.0
2012	5540	2210.0
2012	5542	2880.0
2012	5544	4807.0
2012	5546	1284.0
2012	5601	19282.0
2012	5603	10944.0
2012	5605	9860.0
2012	5607	6125.0
2012	5610	2763.0
2012	5612	2927.0
2012	5614	1087.0
2012	5616	995.0
2012	5618	1243.0
2012	5620	3228.0
2012	5622	3946.0
2012	5624	1356.0
2012	5626	1008.0
2012	5628	2896.0
2012	5630	1015.0
2012	5632	2089.0
2012	5634	2122.0
2012	5636	901.0
2013	0101	29880.0
2013	0104	30988.0
2013	0105	53696.0
2013	0106	76807.0
2013	0111	4284.0
2013	0118	1425.0
2013	0119	3587.0
2013	0121	691.0
2013	0122	5273.0
2013	0123	5474.0
2013	0124	15315.0
2013	0125	11195.0
2013	0127	3668.0
2013	0128	7860.0
2013	0135	7053.0
2013	0136	14967.0
2013	0137	4857.0
2013	0138	4980.0
2013	0211	15605.0
2013	0213	29307.0
2013	0214	17568.0
2013	0215	15469.0
2013	0216	17998.0
2013	0217	25963.0
2013	0219	116677.0
2013	0220	57418.0
2013	0221	15260.0
2013	0226	16363.0
2013	0227	10810.0
2013	0228	16420.0
2013	0229	10560.0
2013	0230	34320.0
2013	0231	50532.0
2013	0233	21971.0
2013	0234	6264.0
2013	0235	31743.0
2013	0236	19819.0
2013	0237	22142.0
2013	0238	11505.0
2013	0239	2685.0
2013	0301	623966.0
2013	0402	17638.0
2013	0403	29353.0
2013	0412	33406.0
2013	0415	7479.0
2013	0417	19407.0
2013	0418	5190.0
2013	0419	7806.0
2013	0420	6282.0
2013	0423	4997.0
2013	0425	7600.0
2013	0426	3826.0
2013	0427	20343.0
2013	0428	6689.0
2013	0429	4387.0
2013	0430	2641.0
2013	0432	1910.0
2013	0434	1376.0
2013	0436	1681.0
2013	0437	5570.0
2013	0438	2449.0
2013	0439	1654.0
2013	0441	2035.0
2013	0501	26850.0
2013	0502	29407.0
2013	0511	2727.0
2013	0512	2145.0
2013	0513	2279.0
2013	0514	2364.0
2013	0515	3716.0
2013	0516	5827.0
2013	0517	5952.0
2013	0519	3193.0
2013	0520	4496.0
2013	0521	5102.0
2013	0522	6141.0
2013	0528	14766.0
2013	0529	12999.0
2013	0532	6444.0
2013	0533	8880.0
2013	0534	13550.0
2013	0536	5703.0
2013	0538	6758.0
2013	0540	3147.0
2013	0541	1399.0
2013	0542	6396.0
2013	0543	2219.0
2013	0544	3197.0
2013	0545	1597.0
2013	0602	65473.0
2013	0604	25887.0
2013	0605	29400.0
2013	0612	6463.0
2013	0615	1050.0
2013	0616	3435.0
2013	0617	4667.0
2013	0618	2224.0
2013	0619	4761.0
2013	0620	4448.0
2013	0621	3538.0
2013	0622	2223.0
2013	0623	13337.0
2013	0624	17752.0
2013	0625	23640.0
2013	0626	24763.0
2013	0627	20078.0
2013	0628	9321.0
2013	0631	2657.0
2013	0632	1355.0
2013	0633	2531.0
2013	0701	26595.0
2013	0702	10350.0
2013	0704	41239.0
2013	0706	44629.0
2013	0709	43132.0
2013	0710	61573.0
2013	0711	6570.0
2013	0712	45567.0
2013	0713	8835.0
2013	0714	3060.0
2013	0715	13410.0
2013	0716	8994.0
2013	0719	5546.0
2013	0720	11398.0
2013	0722	21100.0
2013	0723	4865.0
2013	0728	2435.0
2013	0729	25965.0
2013	0805	35392.0
2013	0806	53015.0
2013	0807	12497.0
2013	0811	2426.0
2013	0814	14129.0
2013	0815	10700.0
2013	0817	4139.0
2013	0819	6625.0
2013	0821	5791.0
2013	0822	4369.0
2013	0826	5973.0
2013	0827	1609.0
2013	0828	2945.0
2013	0829	2507.0
2013	0830	1430.0
2013	0831	1350.0
2013	0833	2284.0
2013	0834	3721.0
2013	0901	6848.0
2013	0904	21594.0
2013	0906	43336.0
2013	0911	2484.0
2013	0912	1986.0
2013	0914	6064.0
2013	0919	5425.0
2013	0926	10032.0
2013	0928	4936.0
2013	0929	1815.0
2013	0935	1283.0
2013	0937	3556.0
2013	0938	1207.0
2013	0940	1277.0
2013	0941	929.0
2013	1001	84476.0
2013	1002	15237.0
2013	1003	9441.0
2013	1004	9060.0
2013	1014	13756.0
2013	1017	6285.0
2013	1018	10960.0
2013	1021	2292.0
2013	1026	912.0
2013	1027	1728.0
2013	1029	4796.0
2013	1032	8011.0
2013	1034	1669.0
2013	1037	5899.0
2013	1046	1831.0
2013	1101	14636.0
2013	1102	70046.0
2013	1103	129191.0
2013	1106	35753.0
2013	1108	71273.0
2013	1111	3286.0
2013	1112	3173.0
2013	1114	2779.0
2013	1119	17635.0
2013	1120	18227.0
2013	1121	17437.0
2013	1122	11039.0
2013	1124	24579.0
2013	1127	10397.0
2013	1129	1227.0
2013	1130	11882.0
2013	1133	2799.0
2013	1134	3872.0
2013	1135	4745.0
2013	1141	3015.0
2013	1142	4619.0
2013	1144	528.0
2013	1145	865.0
2013	1146	10487.0
2013	1149	41118.0
2013	1151	209.0
2013	1160	8615.0
2013	1201	267950.0
2013	1211	4040.0
2013	1216	5400.0
2013	1219	11638.0
2013	1221	18161.0
2013	1222	2980.0
2013	1223	2736.0
2013	1224	13305.0
2013	1227	1046.0
2013	1228	6988.0
2013	1231	3403.0
2013	1232	952.0
2013	1233	1113.0
2013	1234	904.0
2013	1235	14061.0
2013	1238	8584.0
2013	1241	3818.0
2013	1242	2434.0
2013	1243	18142.0
2013	1244	4838.0
2013	1245	6514.0
2013	1246	23277.0
2013	1247	26831.0
2013	1251	4132.0
2013	1252	383.0
2013	1253	7674.0
2013	1256	7347.0
2013	1259	4563.0
2013	1260	5003.0
2013	1263	14820.0
2013	1264	2833.0
2013	1265	569.0
2013	1266	1696.0
2013	1401	11697.0
2013	1411	2305.0
2013	1412	842.0
2013	1413	1428.0
2013	1416	4222.0
2013	1417	2731.0
2013	1418	1337.0
2013	1419	2255.0
2013	1420	7477.0
2013	1421	1714.0
2013	1422	2176.0
2013	1424	5521.0
2013	1426	5041.0
2013	1428	3018.0
2013	1429	2871.0
2013	1430	2923.0
2013	1431	3078.0
2013	1432	12559.0
2013	1433	2713.0
2013	1438	3945.0
2013	1439	6119.0
2013	1441	2789.0
2013	1443	5920.0
2013	1444	1238.0
2013	1445	5676.0
2013	1449	7105.0
2013	1502	25936.0
2013	1504	45033.0
2013	1505	24131.0
2013	1506	30941.0
2013	1507	61893.0
2013	1508	53359.52519671117
2013	1511	3336.0
2013	1514	2628.0
2013	1515	8847.0
2013	1516	7927.0
2013	1517	5057.0
2013	1519	8827.0
2013	1520	10456.0
2013	1523	2267.0
2013	1524	1739.0
2013	1525	4610.0
2013	1526	1052.0
2013	1528	7673.0
2013	1529	4282.0
2013	1531	8397.0
2013	1532	7541.0
2013	1534	9020.0
2013	1535	6626.0
2013	1539	7421.0
2013	1543	2995.0
2013	1545	2010.0
2013	1546	1291.0
2013	1547	3339.0
2013	1548	9614.0
2013	1551	3476.0
2013	1554	5651.0
2013	1557	2557.0
2013	1560	3116.0
2013	1563	7205.0
2013	1566	5927.0
2013	1567	2061.0
2013	1571	1606.0
2013	1573	2180.0
2013	1576	3570.0
2013	1577	10065.0
2013	1578	2791.0
2013	1579	13090.0
2013	1580	8533.474803288835
2013	1601	179692.0
2013	1612	4228.0
2013	1613	985.0
2013	1617	4477.0
2013	1620	4506.0
2013	1621	5155.0
2013	1622	1712.0
2013	1624	6652.0
2013	1627	4665.0
2013	1630	3237.0
2013	1632	996.0
2013	1633	1010.0
2013	1634	6794.0
2013	1635	2534.0
2013	1636	3967.0
2013	1638	11519.0
2013	1640	5589.0
2013	1644	2030.0
2013	1648	6266.0
2013	1653	15679.0
2013	1657	7143.0
2013	1662	5939.0
2013	1663	13085.0
2013	1664	4030.0
2013	1665	865.0
2013	1702	21392.0
2013	1703	12988.0
2013	1711	2510.0
2013	1714	22379.0
2013	1717	2627.0
2013	1718	3531.0
2013	1719	19078.0
2013	1721	14539.0
2013	1723	807.9815393776984
2013	1724	2834.0
2013	1725	1699.0
2013	1729	5884.018460622302
2013	1736	2154.0
2013	1738	1401.0
2013	1739	503.0
2013	1740	902.0
2013	1742	2465.0
2013	1743	1263.0
2013	1744	3688.0
2013	1748	669.0
2013	1749	1158.0
2013	1750	4300.0
2013	1751	5097.0
2013	1755	574.0
2013	1756	6692.0
2013	1804	49203.0
2013	1805	18509.0
2013	1806	23086.0
2013	1811	1545.0
2013	1812	2033.0
2013	1813	7859.0
2013	1815	1238.0
2013	1816	500.0
2013	1818	1759.0
2013	1820	7361.0
2013	1822	2144.0
2013	1824	13252.0
2013	1825	1459.0
2013	1826	1471.0
2013	1827	1431.0
2013	1828	1875.0
2013	1832	4620.0
2013	1833	25752.0
2013	1834	1916.0
2013	1835	506.0
2013	1836	1310.0
2013	1837	6582.0
2013	1838	2006.0
2013	1839	1075.0
2013	1840	4745.0
2013	1841	9513.0
2013	1845	1981.0
2013	1848	2552.0
2013	1849	1791.0
2013	1850	1978.0
2013	1851	2220.0
2013	1852	1278.0
2013	1853	1376.0
2013	1854	2599.0
2013	1856	565.0
2013	1857	754.0
2013	1859	1376.0
2013	1860	10870.0
2013	1865	9207.0
2013	1866	8050.0
2013	1867	2654.0
2013	1868	4472.0
2013	1870	10082.0
2013	1871	5024.0
2013	1874	1118.0
2013	1875	3769.0
2013	1901	23832.29881718199
2013	1902	70358.0
2013	1903	24291.0
2013	1911	3082.0
2013	1913	2940.0
2013	1915	458.70118281801206
2013	1917	1421.0
2013	1919	1119.0
2013	1920	1012.0
2013	1922	3933.0
2013	1923	2220.0
2013	1924	6630.0
2013	1925	3407.0
2013	1926	1190.0
2013	1927	1514.0
2013	1928	880.0
2013	1929	924.0
2013	1931	11455.0
2013	1933	5562.0
2013	1936	2317.0
2013	1938	3013.0
2013	1939	1942.0
2013	1940	2208.0
2013	1941	2905.0
2013	1942	4850.0
2013	1943	1245.0
2013	2002	2128.0
2013	2003	6163.0
2013	2004	10072.0
2013	2011	2923.0
2013	2012	19646.0
2013	2014	1070.0
2013	2015	1023.0
2013	2017	1036.0
2013	2018	1240.0
2013	2019	3205.0
2013	2020	3968.0
2013	2021	2721.0
2013	2022	1339.0
2013	2023	1063.0
2013	2024	1025.0
2013	2025	2900.0
2013	2027	882.0
2013	2028	2162.0
2013	2030	9968.0
2013	3001	29880.0
2013	3002	45955.0
2013	3003	53696.0
2013	3004	76807.0
2013	3005	95683.0
2013	3006	25887.0
2013	3007	29400.0
2013	3011	4284.0
2013	3012	1425.0
2013	3013	3587.0
2013	3014	42237.0
2013	3015	3668.0
2013	3016	7860.0
2013	3017	7053.0
2013	3018	4857.0
2013	3019	15605.0
2013	3020	55270.0
2013	3021	17568.0
2013	3022	15469.0
2013	3023	17998.0
2013	3024	116677.0
2013	3025	86817.0
2013	3026	15951.0
2013	3027	16420.0
2013	3028	10560.0
2013	3029	34320.0
2013	3030	77705.0
2013	3031	21971.0
2013	3032	6264.0
2013	3033	31743.0
2013	3034	19819.0
2013	3035	22142.0
2013	3036	11505.0
2013	3037	2685.0
2013	3038	6463.0
2013	3039	1050.0
2013	3040	3435.0
2013	3041	4667.0
2013	3042	2224.0
2013	3043	4761.0
2013	3044	4448.0
2013	3045	3538.0
2013	3046	2223.0
2013	3047	13337.0
2013	3048	17752.0
2013	3049	24763.0
2013	3050	2657.0
2013	3051	1355.0
2013	3052	2531.0
2013	3053	6444.0
2013	3054	8880.0
2013	3101	29880.0
2013	3103	45955.0
2013	3105	53696.0
2013	3107	76807.0
2013	3110	4284.0
2013	3112	7053.0
2013	3114	4857.0
2013	3116	3668.0
2013	3118	42237.0
2013	3120	7860.0
2013	3122	3587.0
2013	3124	1425.0
2013	3201	116677.0
2013	3203	86817.0
2013	3205	77705.0
2013	3207	55270.0
2013	3209	31743.0
2013	3212	17998.0
2013	3214	15469.0
2013	3216	15605.0
2013	3218	17568.0
2013	3220	10560.0
2013	3222	34320.0
2013	3224	16420.0
2013	3226	15951.0
2013	3228	19819.0
2013	3230	6264.0
2013	3232	21971.0
2013	3234	8880.0
2013	3236	6444.0
2013	3238	11505.0
2013	3240	22142.0
2013	3242	2685.0
2013	3301	95683.0
2013	3303	25887.0
2013	3305	29400.0
2013	3310	6463.0
2013	3312	24763.0
2013	3314	17752.0
2013	3316	13337.0
2013	3318	2223.0
2013	3320	1050.0
2013	3322	3435.0
2013	3324	4667.0
2013	3326	2224.0
2013	3328	4761.0
2013	3330	4448.0
2013	3332	3538.0
2013	3334	2657.0
2013	3336	1355.0
2013	3338	2531.0
2013	3401	17638.0
2013	3403	29353.0
2013	3405	26850.0
2013	3407	29407.0
2013	3411	33406.0
2013	3412	7479.0
2013	3413	19407.0
2013	3414	5190.0
2013	3415	7806.0
2013	3416	6282.0
2013	3417	4997.0
2013	3418	7600.0
2013	3419	3826.0
2013	3420	20343.0
2013	3421	6689.0
2013	3422	4387.0
2013	3423	2641.0
2013	3424	1910.0
2013	3425	1376.0
2013	3426	1681.0
2013	3427	5570.0
2013	3428	2449.0
2013	3429	1654.0
2013	3430	2035.0
2013	3431	2727.0
2013	3432	2145.0
2013	3433	2279.0
2013	3434	2364.0
2013	3435	3716.0
2013	3436	5827.0
2013	3437	5952.0
2013	3438	3193.0
2013	3439	4496.0
2013	3440	5102.0
2013	3441	6141.0
2013	3442	14766.0
2013	3443	12999.0
2013	3446	13550.0
2013	3447	5703.0
2013	3448	6758.0
2013	3449	3147.0
2013	3450	1399.0
2013	3451	6396.0
2013	3452	2219.0
2013	3453	3197.0
2013	3454	1597.0
2013	3801	26595.0
2013	3802	22245.0
2013	3803	50233.0
2013	3804	61573.0
2013	3805	45567.0
2013	3806	35392.0
2013	3807	53015.0
2013	3808	12497.0
2013	3811	25965.0
2013	3812	2426.0
2013	3813	14129.0
2013	3814	10700.0
2013	3815	4139.0
2013	3816	6625.0
2013	3817	10160.0
2013	3818	5973.0
2013	3819	1609.0
2013	3820	2945.0
2013	3821	2507.0
2013	3822	1430.0
2013	3823	1350.0
2013	3824	2284.0
2013	3825	3721.0
2013	3901	26595.0
2013	3903	22245.0
2013	3905	50233.0
2013	3907	61573.0
2013	3909	45567.0
2013	3911	25965.0
2013	4001	35392.0
2013	4003	53015.0
2013	4005	12497.0
2013	4010	2426.0
2013	4012	14129.0
2013	4014	10700.0
2013	4016	4139.0
2013	4018	6625.0
2013	4020	10160.0
2013	4022	2945.0
2013	4024	1609.0
2013	4026	5973.0
2013	4028	2507.0
2013	4030	1430.0
2013	4032	1350.0
2013	4034	2284.0
2013	4036	3721.0
2013	4201	6848.0
2013	4202	21594.0
2013	4203	43336.0
2013	4204	101721.0
2013	4205	22325.0
2013	4206	9441.0
2013	4207	9060.0
2013	4211	2484.0
2013	4212	1986.0
2013	4213	6064.0
2013	4214	5425.0
2013	4215	10032.0
2013	4216	4936.0
2013	4217	1815.0
2013	4218	1283.0
2013	4219	3556.0
2013	4220	1207.0
2013	4221	1277.0
2013	4222	929.0
2013	4223	13756.0
2013	4224	912.0
2013	4225	9739.0
2013	4226	1669.0
2013	4227	5899.0
2013	4228	1831.0
2013	4601	267950.0
2013	4602	17816.0
2013	4611	4040.0
2013	4612	5400.0
2013	4613	11638.0
2013	4614	18161.0
2013	4615	2980.0
2013	4616	2736.0
2013	4617	13305.0
2013	4618	11437.0
2013	4619	952.0
2013	4620	1113.0
2013	4621	14965.0
2013	4622	8584.0
2013	4623	2434.0
2013	4624	21960.0
2013	4625	4838.0
2013	4626	34354.0
2013	4627	26831.0
2013	4628	4132.0
2013	4629	383.0
2013	4630	7674.0
2013	4631	27170.0
2013	4632	2833.0
2013	4633	569.0
2013	4634	1696.0
2013	4635	2305.0
2013	4636	842.0
2013	4637	1428.0
2013	4638	4222.0
2013	4639	2731.0
2013	4640	11069.0
2013	4641	1714.0
2013	4642	2176.0
2013	4643	5521.0
2013	4644	5041.0
2013	4645	3018.0
2013	4646	2871.0
2013	4647	21273.0
2013	4648	3945.0
2013	4649	8709.0
2013	4650	5676.0
2013	4651	7105.0
2013	5001	179692.0
2013	5004	21392.0
2013	5005	12988.0
2013	5006	24226.0
2013	5007	15356.0
2013	5011	4228.0
2013	5012	985.0
2013	5013	4477.0
2013	5014	4506.0
2013	5015	5155.0
2013	5016	1712.0
2013	5017	4665.0
2013	5018	3237.0
2013	5019	996.0
2013	5020	1010.0
2013	5021	6794.0
2013	5022	2534.0
2013	5023	3967.0
2013	5024	11519.0
2013	5025	5589.0
2013	5026	2030.0
2013	5027	6266.0
2013	5028	15679.0
2013	5029	7143.0
2013	5030	5939.0
2013	5031	13085.0
2013	5032	4030.0
2013	5033	865.0
2013	5034	2510.0
2013	5035	22379.0
2013	5036	2627.0
2013	5037	19078.0
2013	5038	14539.0
2013	5039	2834.0
2013	5040	1699.0
2013	5041	2154.0
2013	5042	1401.0
2013	5043	503.0
2013	5044	902.0
2013	5045	2465.0
2013	5046	1263.0
2013	5047	3688.0
2013	5048	669.0
2013	5049	1158.0
2013	5050	4300.0
2013	5051	5097.0
2013	5052	574.0
2013	5053	6692.0
2013	5054	10183.0
2013	5055	6819.0
2013	5056	5462.0
2013	5057	9820.0
2013	5058	4233.0
2013	5059	18183.0
2013	5060	9397.0
2013	5061	2061.0
2013	5401	70358.0
2013	5402	24291.0
2013	5403	19646.0
2013	5404	2128.0
2013	5405	6163.0
2013	5406	11108.0
2013	5411	3082.0
2013	5412	4218.0
2013	5413	1421.0
2013	5414	1119.0
2013	5415	1012.0
2013	5416	3933.0
2013	5417	2220.0
2013	5418	6630.0
2013	5419	3407.0
2013	5420	1190.0
2013	5421	14773.0
2013	5422	5562.0
2013	5423	2317.0
2013	5424	3013.0
2013	5425	1942.0
2013	5426	2208.0
2013	5427	2905.0
2013	5428	4850.0
2013	5429	1245.0
2013	5430	2923.0
2013	5432	1070.0
2013	5433	1023.0
2013	5434	1240.0
2013	5435	3205.0
2013	5436	3968.0
2013	5437	2721.0
2013	5438	1339.0
2013	5439	1063.0
2013	5440	1025.0
2013	5441	2900.0
2013	5442	882.0
2013	5443	2162.0
2013	5444	9968.0
2013	5501	70358.0
2013	5503	24291.0
2013	5510	3082.0
2013	5512	4218.0
2013	5514	1421.0
2013	5516	1119.0
2013	5518	1012.0
2013	5520	3933.0
2013	5522	2220.0
2013	5524	6630.0
2013	5526	3407.0
2013	5528	1190.0
2013	5530	14773.0
2013	5532	5562.0
2013	5534	2317.0
2013	5536	3013.0
2013	5538	1942.0
2013	5540	2208.0
2013	5542	2905.0
2013	5544	4850.0
2013	5546	1245.0
2013	5601	19646.0
2013	5603	11108.0
2013	5605	9968.0
2013	5607	6163.0
2013	5610	2721.0
2013	5612	2923.0
2013	5614	1070.0
2013	5616	1023.0
2013	5618	1240.0
2013	5620	3205.0
2013	5622	3968.0
2013	5624	1339.0
2013	5626	1063.0
2013	5628	2900.0
2013	5630	1025.0
2013	5632	2162.0
2013	5634	2128.0
2013	5636	882.0
2014	0101	30132.0
2014	0104	31308.0
2014	0105	54059.0
2014	0106	77591.0
2014	0111	4386.0
2014	0118	1408.0
2014	0119	3596.0
2014	0121	672.0
2014	0122	5366.0
2014	0123	5620.0
2014	0124	15430.0
2014	0125	11323.0
2014	0127	3727.0
2014	0128	7974.0
2014	0135	7104.0
2014	0136	15101.0
2014	0137	4978.0
2014	0138	5187.0
2014	0211	15944.0
2014	0213	29542.0
2014	0214	17969.0
2014	0215	15671.0
2014	0216	18297.0
2014	0217	26255.0
2014	0219	118588.0
2014	0220	58338.0
2014	0221	15500.0
2014	0226	16918.0
2014	0227	11048.0
2014	0228	16806.0
2014	0229	10626.0
2014	0230	34697.0
2014	0231	51188.0
2014	0233	22385.0
2014	0234	6292.0
2014	0235	32438.0
2014	0236	20164.0
2014	0237	22689.0
2014	0238	11707.0
2014	0239	2695.0
2014	0301	634463.0
2014	0402	17825.0
2014	0403	29520.0
2014	0412	33463.0
2014	0415	7546.0
2014	0417	19737.0
2014	0418	5118.0
2014	0419	7847.0
2014	0420	6253.0
2014	0423	4948.0
2014	0425	7544.0
2014	0426	3783.0
2014	0427	20563.0
2014	0428	6621.0
2014	0429	4455.0
2014	0430	2699.0
2014	0432	1883.0
2014	0434	1345.0
2014	0436	1658.0
2014	0437	5549.0
2014	0438	2432.0
2014	0439	1631.0
2014	0441	2013.0
2014	0501	27028.0
2014	0502	29668.0
2014	0511	2704.0
2014	0512	2076.0
2014	0513	2264.0
2014	0514	2361.0
2014	0515	3686.0
2014	0516	5765.0
2014	0517	5974.0
2014	0519	3191.0
2014	0520	4495.0
2014	0521	5090.0
2014	0522	6237.0
2014	0528	14777.0
2014	0529	13075.0
2014	0532	6516.0
2014	0533	8952.0
2014	0534	13607.0
2014	0536	5701.0
2014	0538	6700.0
2014	0540	3133.0
2014	0541	1408.0
2014	0542	6417.0
2014	0543	2187.0
2014	0544	3206.0
2014	0545	1602.0
2014	0602	66214.0
2014	0604	26406.0
2014	0605	29624.0
2014	0612	6595.0
2014	0615	1033.0
2014	0616	3445.0
2014	0617	4631.0
2014	0618	2295.0
2014	0619	4713.0
2014	0620	4452.0
2014	0621	3509.0
2014	0622	2265.0
2014	0623	13581.0
2014	0624	17919.0
2014	0625	23811.0
2014	0626	25175.0
2014	0627	20621.0
2014	0628	9330.0
2014	0631	2683.0
2014	0632	1369.0
2014	0633	2557.0
2014	0701	26751.0
2014	0702	10456.0
2014	0704	41550.0
2014	0706	44976.0
2014	0709	43258.0
2014	0710	62204.0
2014	0711	6580.0
2014	0712	45718.0
2014	0713	9036.0
2014	0714	3091.0
2014	0715	13547.0
2014	0716	9144.0
2014	0719	5719.0
2014	0720	11509.0
2014	0722	21403.0
2014	0723	4927.0
2014	0728	2460.0
2014	0729	26330.0
2014	0805	35516.0
2014	0806	53439.0
2014	0807	12609.0
2014	0811	2404.0
2014	0814	14193.0
2014	0815	10621.0
2014	0817	4135.0
2014	0819	6643.0
2014	0821	5834.0
2014	0822	4325.0
2014	0826	5957.0
2014	0827	1602.0
2014	0828	2989.0
2014	0829	2468.0
2014	0830	1451.0
2014	0831	1303.0
2014	0833	2257.0
2014	0834	3723.0
2014	0901	6899.0
2014	0904	21783.0
2014	0906	43841.0
2014	0911	2489.0
2014	0912	2000.0
2014	0914	6059.0
2014	0919	5486.0
2014	0926	10106.0
2014	0928	4993.0
2014	0929	1810.0
2014	0935	1314.0
2014	0937	3549.0
2014	0938	1200.0
2014	0940	1270.0
2014	0941	948.0
2014	1001	85983.0
2014	1002	15349.0
2014	1003	9516.0
2014	1004	9013.0
2014	1014	13986.0
2014	1017	6303.0
2014	1018	11005.0
2014	1021	2290.0
2014	1026	923.0
2014	1027	1743.0
2014	1029	4853.0
2014	1032	8102.0
2014	1034	1690.0
2014	1037	5891.0
2014	1046	1831.0
2014	1101	14811.0
2014	1102	71900.0
2014	1103	130754.0
2014	1106	36099.0
2014	1108	73142.0
2014	1111	3303.0
2014	1112	3225.0
2014	1114	2820.0
2014	1119	18115.0
2014	1120	18485.0
2014	1121	17897.0
2014	1122	11317.0
2014	1124	25083.0
2014	1127	10416.0
2014	1129	1242.0
2014	1130	12139.0
2014	1133	2787.0
2014	1134	3881.0
2014	1135	4760.0
2014	1141	3058.0
2014	1142	4755.0
2014	1144	531.0
2014	1145	868.0
2014	1146	10668.0
2014	1149	41753.0
2014	1151	211.0
2014	1160	8747.0
2014	1201	271949.0
2014	1211	4057.0
2014	1216	5463.0
2014	1219	11749.0
2014	1221	18425.0
2014	1222	3009.0
2014	1223	2745.0
2014	1224	13232.0
2014	1227	1094.0
2014	1228	7006.0
2014	1231	3369.0
2014	1232	950.0
2014	1233	1094.0
2014	1234	911.0
2014	1235	14168.0
2014	1238	8584.0
2014	1241	3829.0
2014	1242	2436.0
2014	1243	18678.0
2014	1244	4924.0
2014	1245	6635.0
2014	1246	23852.0
2014	1247	27346.0
2014	1251	4140.0
2014	1252	372.0
2014	1253	7786.0
2014	1256	7544.0
2014	1259	4704.0
2014	1260	5039.0
2014	1263	15069.0
2014	1264	2833.0
2014	1265	561.0
2014	1266	1693.0
2014	1401	11779.0
2014	1411	2315.0
2014	1412	815.0
2014	1413	1391.0
2014	1416	4183.0
2014	1417	2688.0
2014	1418	1306.0
2014	1419	2268.0
2014	1420	7623.0
2014	1421	1715.0
2014	1422	2174.0
2014	1424	5496.0
2014	1426	5089.0
2014	1428	3011.0
2014	1429	2853.0
2014	1430	2928.0
2014	1431	3070.0
2014	1432	12685.0
2014	1433	2776.0
2014	1438	3950.0
2014	1439	6091.0
2014	1441	2782.0
2014	1443	5926.0
2014	1444	1223.0
2014	1445	5694.0
2014	1449	7134.0
2014	1502	26048.0
2014	1504	45747.0
2014	1505	24395.0
2014	1506	31085.0
2014	1507	62804.0
2014	1508	54144.921403943066
2014	1511	3302.0
2014	1514	2636.0
2014	1515	8847.0
2014	1516	8092.0
2014	1517	5021.0
2014	1519	8909.0
2014	1520	10536.0
2014	1523	2301.0
2014	1524	1685.0
2014	1525	4616.0
2014	1526	1035.0
2014	1528	7730.0
2014	1529	4387.0
2014	1531	8651.0
2014	1532	7739.0
2014	1534	9084.0
2014	1535	6615.0
2014	1539	7453.0
2014	1543	3001.0
2014	1545	2036.0
2014	1546	1285.0
2014	1547	3377.0
2014	1548	9720.0
2014	1551	3471.0
2014	1554	5687.0
2014	1557	2565.0
2014	1560	3064.0
2014	1563	7171.0
2014	1566	5954.0
2014	1567	2046.0
2014	1571	1581.0
2014	1573	2166.0
2014	1576	3577.0
2014	1577	10132.0
2014	1578	2720.0
2014	1579	13191.0
2014	1580	8659.078596056936
2014	1601	182035.0
2014	1612	4224.0
2014	1613	980.0
2014	1617	4522.0
2014	1620	4547.0
2014	1621	5164.0
2014	1622	1744.0
2014	1624	6646.0
2014	1627	4711.0
2014	1630	3242.0
2014	1632	986.0
2014	1633	997.0
2014	1634	6814.0
2014	1635	2556.0
2014	1636	3962.0
2014	1638	11628.0
2014	1640	5583.0
2014	1644	2024.0
2014	1648	6361.0
2014	1653	15844.0
2014	1657	7392.0
2014	1662	5970.0
2014	1663	13371.0
2014	1664	4030.0
2014	1665	864.0
2014	1702	21555.0
2014	1703	13083.0
2014	1711	2553.0
2014	1714	22683.0
2014	1717	2653.0
2014	1718	3555.0
2014	1719	19212.0
2014	1721	14788.0
2014	1723	811.3622152746761
2014	1724	2562.0
2014	1725	1676.0
2014	1729	5908.637784725324
2014	1736	2156.0
2014	1738	1385.0
2014	1739	498.0
2014	1740	922.0
2014	1742	2449.0
2014	1743	1257.0
2014	1744	3732.0
2014	1748	642.0
2014	1749	1120.0
2014	1750	4321.0
2014	1751	5064.0
2014	1755	556.0
2014	1756	6720.0
2014	1804	49731.0
2014	1805	18705.0
2014	1806	23296.0
2014	1811	1503.0
2014	1812	2047.0
2014	1813	7897.0
2014	1815	1223.0
2014	1816	495.0
2014	1818	1733.0
2014	1820	7394.0
2014	1822	2188.0
2014	1824	13286.0
2014	1825	1465.0
2014	1826	1500.0
2014	1827	1420.0
2014	1828	1902.0
2014	1832	4553.0
2014	1833	25943.0
2014	1834	1901.0
2014	1835	489.0
2014	1836	1305.0
2014	1837	6491.0
2014	1838	2023.0
2014	1839	1088.0
2014	1840	4690.0
2014	1841	9556.0
2014	1845	1987.0
2014	1848	2579.0
2014	1849	1820.0
2014	1850	2000.0
2014	1851	2248.0
2014	1852	1256.0
2014	1853	1391.0
2014	1854	2591.0
2014	1856	566.0
2014	1857	777.0
2014	1859	1368.0
2014	1860	10997.0
2014	1865	9223.0
2014	1866	8112.0
2014	1867	2642.0
2014	1868	4562.0
2014	1870	10129.0
2014	1871	4993.0
2014	1874	1108.0
2014	1875	3820.0
2014	1901	23979.466279311062
2014	1902	71590.0
2014	1903	24441.0
2014	1911	3107.0
2014	1913	2951.0
2014	1915	461.53372068893964
2014	1917	1436.0
2014	1919	1135.0
2014	1920	1014.0
2014	1922	3985.0
2014	1923	2223.0
2014	1924	6634.0
2014	1925	3450.0
2014	1926	1171.0
2014	1927	1510.0
2014	1928	878.0
2014	1929	918.0
2014	1931	11557.0
2014	1933	5593.0
2014	1936	2334.0
2014	1938	2992.0
2014	1939	1941.0
2014	1940	2221.0
2014	1941	2881.0
2014	1942	4854.0
2014	1943	1234.0
2014	2002	2119.0
2014	2003	6223.0
2014	2004	10287.0
2014	2011	2931.0
2014	2012	19822.0
2014	2014	1027.0
2014	2015	1037.0
2014	2017	1051.0
2014	2018	1241.0
2014	2019	3213.0
2014	2020	3963.0
2014	2021	2698.0
2014	2022	1341.0
2014	2023	1098.0
2014	2024	1057.0
2014	2025	2883.0
2014	2027	919.0
2014	2028	2207.0
2014	2030	10090.0
2014	3001	30132.0
2014	3002	46409.0
2014	3003	54059.0
2014	3004	77591.0
2014	3005	96605.0
2014	3006	26406.0
2014	3007	29624.0
2014	3011	4386.0
2014	3012	1408.0
2014	3013	3596.0
2014	3014	42926.0
2014	3015	3727.0
2014	3016	7974.0
2014	3017	7104.0
2014	3018	4978.0
2014	3019	15944.0
2014	3020	55797.0
2014	3021	17969.0
2014	3022	15671.0
2014	3023	18297.0
2014	3024	118588.0
2014	3025	88289.0
2014	3026	16172.0
2014	3027	16806.0
2014	3028	10626.0
2014	3029	34697.0
2014	3030	79154.0
2014	3031	22385.0
2014	3032	6292.0
2014	3033	32438.0
2014	3034	20164.0
2014	3035	22689.0
2014	3036	11707.0
2014	3037	2695.0
2014	3038	6595.0
2014	3039	1033.0
2014	3040	3445.0
2014	3041	4631.0
2014	3042	2295.0
2014	3043	4713.0
2014	3044	4452.0
2014	3045	3509.0
2014	3046	2265.0
2014	3047	13581.0
2014	3048	17919.0
2014	3049	25175.0
2014	3050	2683.0
2014	3051	1369.0
2014	3052	2557.0
2014	3053	6516.0
2014	3054	8952.0
2014	3101	30132.0
2014	3103	46409.0
2014	3105	54059.0
2014	3107	77591.0
2014	3110	4386.0
2014	3112	7104.0
2014	3114	4978.0
2014	3116	3727.0
2014	3118	42926.0
2014	3120	7974.0
2014	3122	3596.0
2014	3124	1408.0
2014	3201	118588.0
2014	3203	88289.0
2014	3205	79154.0
2014	3207	55797.0
2014	3209	32438.0
2014	3212	18297.0
2014	3214	15671.0
2014	3216	15944.0
2014	3218	17969.0
2014	3220	10626.0
2014	3222	34697.0
2014	3224	16806.0
2014	3226	16172.0
2014	3228	20164.0
2014	3230	6292.0
2014	3232	22385.0
2014	3234	8952.0
2014	3236	6516.0
2014	3238	11707.0
2014	3240	22689.0
2014	3242	2695.0
2014	3301	96605.0
2014	3303	26406.0
2014	3305	29624.0
2014	3310	6595.0
2014	3312	25175.0
2014	3314	17919.0
2014	3316	13581.0
2014	3318	2265.0
2014	3320	1033.0
2014	3322	3445.0
2014	3324	4631.0
2014	3326	2295.0
2014	3328	4713.0
2014	3330	4452.0
2014	3332	3509.0
2014	3334	2683.0
2014	3336	1369.0
2014	3338	2557.0
2014	3401	17825.0
2014	3403	29520.0
2014	3405	27028.0
2014	3407	29668.0
2014	3411	33463.0
2014	3412	7546.0
2014	3413	19737.0
2014	3414	5118.0
2014	3415	7847.0
2014	3416	6253.0
2014	3417	4948.0
2014	3418	7544.0
2014	3419	3783.0
2014	3420	20563.0
2014	3421	6621.0
2014	3422	4455.0
2014	3423	2699.0
2014	3424	1883.0
2014	3425	1345.0
2014	3426	1658.0
2014	3427	5549.0
2014	3428	2432.0
2014	3429	1631.0
2014	3430	2013.0
2014	3431	2704.0
2014	3432	2076.0
2014	3433	2264.0
2014	3434	2361.0
2014	3435	3686.0
2014	3436	5765.0
2014	3437	5974.0
2014	3438	3191.0
2014	3439	4495.0
2014	3440	5090.0
2014	3441	6237.0
2014	3442	14777.0
2014	3443	13075.0
2014	3446	13607.0
2014	3447	5701.0
2014	3448	6700.0
2014	3449	3133.0
2014	3450	1408.0
2014	3451	6417.0
2014	3452	2187.0
2014	3453	3206.0
2014	3454	1602.0
2014	3801	26751.0
2014	3802	22583.0
2014	3803	50694.0
2014	3804	62204.0
2014	3805	45718.0
2014	3806	35516.0
2014	3807	53439.0
2014	3808	12609.0
2014	3811	26330.0
2014	3812	2404.0
2014	3813	14193.0
2014	3814	10621.0
2014	3815	4135.0
2014	3816	6643.0
2014	3817	10159.0
2014	3818	5957.0
2014	3819	1602.0
2014	3820	2989.0
2014	3821	2468.0
2014	3822	1451.0
2014	3823	1303.0
2014	3824	2257.0
2014	3825	3723.0
2014	3901	26751.0
2014	3903	22583.0
2014	3905	50694.0
2014	3907	62204.0
2014	3909	45718.0
2014	3911	26330.0
2014	4001	35516.0
2014	4003	53439.0
2014	4005	12609.0
2014	4010	2404.0
2014	4012	14193.0
2014	4014	10621.0
2014	4016	4135.0
2014	4018	6643.0
2014	4020	10159.0
2014	4022	2989.0
2014	4024	1602.0
2014	4026	5957.0
2014	4028	2468.0
2014	4030	1451.0
2014	4032	1303.0
2014	4034	2257.0
2014	4036	3723.0
2014	4201	6899.0
2014	4202	21783.0
2014	4203	43841.0
2014	4204	103291.0
2014	4205	22492.0
2014	4206	9516.0
2014	4207	9013.0
2014	4211	2489.0
2014	4212	2000.0
2014	4213	6059.0
2014	4214	5486.0
2014	4215	10106.0
2014	4216	4993.0
2014	4217	1810.0
2014	4218	1314.0
2014	4219	3549.0
2014	4220	1200.0
2014	4221	1270.0
2014	4222	948.0
2014	4223	13986.0
2014	4224	923.0
2014	4225	9845.0
2014	4226	1690.0
2014	4227	5891.0
2014	4228	1831.0
2014	4601	271949.0
2014	4602	17870.0
2014	4611	4057.0
2014	4612	5463.0
2014	4613	11749.0
2014	4614	18425.0
2014	4615	3009.0
2014	4616	2745.0
2014	4617	13232.0
2014	4618	11469.0
2014	4619	950.0
2014	4620	1094.0
2014	4621	15079.0
2014	4622	8584.0
2014	4623	2436.0
2014	4624	22507.0
2014	4625	4924.0
2014	4626	35191.0
2014	4627	27346.0
2014	4628	4140.0
2014	4629	372.0
2014	4630	7786.0
2014	4631	27652.0
2014	4632	2833.0
2014	4633	561.0
2014	4634	1693.0
2014	4635	2315.0
2014	4636	815.0
2014	4637	1391.0
2014	4638	4183.0
2014	4639	2688.0
2014	4640	11197.0
2014	4641	1715.0
2014	4642	2174.0
2014	4643	5496.0
2014	4644	5089.0
2014	4645	3011.0
2014	4646	2853.0
2014	4647	21459.0
2014	4648	3950.0
2014	4649	8708.0
2014	4650	5694.0
2014	4651	7134.0
2014	5001	182035.0
2014	5004	21555.0
2014	5005	13083.0
2014	5006	24117.0
2014	5007	15401.0
2014	5011	4224.0
2014	5012	980.0
2014	5013	4522.0
2014	5014	4547.0
2014	5015	5164.0
2014	5016	1744.0
2014	5017	4711.0
2014	5018	3242.0
2014	5019	986.0
2014	5020	997.0
2014	5021	6814.0
2014	5022	2556.0
2014	5023	3962.0
2014	5024	11628.0
2014	5025	5583.0
2014	5026	2024.0
2014	5027	6361.0
2014	5028	15844.0
2014	5029	7392.0
2014	5030	5970.0
2014	5031	13371.0
2014	5032	4030.0
2014	5033	864.0
2014	5034	2553.0
2014	5035	22683.0
2014	5036	2653.0
2014	5037	19212.0
2014	5038	14788.0
2014	5039	2562.0
2014	5040	1676.0
2014	5041	2156.0
2014	5042	1385.0
2014	5043	498.0
2014	5044	922.0
2014	5045	2449.0
2014	5046	1257.0
2014	5047	3732.0
2014	5048	642.0
2014	5049	1120.0
2014	5050	4321.0
2014	5051	5064.0
2014	5052	556.0
2014	5053	6720.0
2014	5054	10201.0
2014	5055	6785.0
2014	5056	5502.0
2014	5057	9875.0
2014	5058	4228.0
2014	5059	18314.0
2014	5060	9385.0
2014	5061	2046.0
2014	5401	71590.0
2014	5402	24441.0
2014	5403	19822.0
2014	5404	2119.0
2014	5405	6223.0
2014	5406	11338.0
2014	5411	3107.0
2014	5412	4207.0
2014	5413	1436.0
2014	5414	1135.0
2014	5415	1014.0
2014	5416	3985.0
2014	5417	2223.0
2014	5418	6634.0
2014	5419	3450.0
2014	5420	1171.0
2014	5421	14863.0
2014	5422	5593.0
2014	5423	2334.0
2014	5424	2992.0
2014	5425	1941.0
2014	5426	2221.0
2014	5427	2881.0
2014	5428	4854.0
2014	5429	1234.0
2014	5430	2931.0
2014	5432	1027.0
2014	5433	1037.0
2014	5434	1241.0
2014	5435	3213.0
2014	5436	3963.0
2014	5437	2698.0
2014	5438	1341.0
2014	5439	1098.0
2014	5440	1057.0
2014	5441	2883.0
2014	5442	919.0
2014	5443	2207.0
2014	5444	10090.0
2014	5501	71590.0
2014	5503	24441.0
2014	5510	3107.0
2014	5512	4207.0
2014	5514	1436.0
2014	5516	1135.0
2014	5518	1014.0
2014	5520	3985.0
2014	5522	2223.0
2014	5524	6634.0
2014	5526	3450.0
2014	5528	1171.0
2014	5530	14863.0
2014	5532	5593.0
2014	5534	2334.0
2014	5536	2992.0
2014	5538	1941.0
2014	5540	2221.0
2014	5542	2881.0
2014	5544	4854.0
2014	5546	1234.0
2014	5601	19822.0
2014	5603	11338.0
2014	5605	10090.0
2014	5607	6223.0
2014	5610	2698.0
2014	5612	2931.0
2014	5614	1027.0
2014	5616	1037.0
2014	5618	1241.0
2014	5620	3213.0
2014	5622	3963.0
2014	5624	1341.0
2014	5626	1098.0
2014	5628	2883.0
2014	5630	1057.0
2014	5632	2207.0
2014	5634	2119.0
2014	5636	919.0
2015	0101	30328.0
2015	0104	31802.0
2015	0105	54192.0
2015	0106	78159.0
2015	0111	4480.0
2015	0118	1406.0
2015	0119	3613.0
2015	0121	672.0
2015	0122	5346.0
2015	0123	5692.0
2015	0124	15513.0
2015	0125	11353.0
2015	0127	3731.0
2015	0128	8020.0
2015	0135	7206.0
2015	0136	15242.0
2015	0137	5100.0
2015	0138	5343.0
2015	0211	16310.0
2015	0213	29775.0
2015	0214	18503.0
2015	0215	15656.0
2015	0216	18372.0
2015	0217	26580.0
2015	0219	120685.0
2015	0220	59571.0
2015	0221	15726.0
2015	0226	17089.0
2015	0227	11199.0
2015	0228	17185.0
2015	0229	10760.0
2015	0230	35139.0
2015	0231	51725.0
2015	0233	22706.0
2015	0234	6326.0
2015	0235	33310.0
2015	0236	20410.0
2015	0237	23238.0
2015	0238	11882.0
2015	0239	2752.0
2015	0301	647676.0
2015	0402	17881.0
2015	0403	29847.0
2015	0412	33603.0
2015	0415	7552.0
2015	0417	20013.0
2015	0418	5128.0
2015	0419	7800.0
2015	0420	6219.0
2015	0423	4853.0
2015	0425	7561.0
2015	0426	3790.0
2015	0427	20794.0
2015	0428	6569.0
2015	0429	4456.0
2015	0430	2619.0
2015	0432	1885.0
2015	0434	1359.0
2015	0436	1656.0
2015	0437	5562.0
2015	0438	2418.0
2015	0439	1597.0
2015	0441	1991.0
2015	0501	27300.0
2015	0502	30063.0
2015	0511	2745.0
2015	0512	2059.0
2015	0513	2245.0
2015	0514	2356.0
2015	0515	3675.0
2015	0516	5754.0
2015	0517	5965.0
2015	0519	3204.0
2015	0520	4459.0
2015	0521	5065.0
2015	0522	6210.0
2015	0528	14796.0
2015	0529	13152.0
2015	0532	6599.0
2015	0533	9003.0
2015	0534	13685.0
2015	0536	5772.0
2015	0538	6740.0
2015	0540	3094.0
2015	0541	1402.0
2015	0542	6466.0
2015	0543	2180.0
2015	0544	3199.0
2015	0545	1619.0
2015	0602	67016.0
2015	0604	26711.0
2015	0605	29712.0
2015	0612	6698.0
2015	0615	1033.0
2015	0616	3414.0
2015	0617	4588.0
2015	0618	2344.0
2015	0619	4716.0
2015	0620	4471.0
2015	0621	3520.0
2015	0622	2268.0
2015	0623	13685.0
2015	0624	18039.0
2015	0625	24154.0
2015	0626	25378.0
2015	0627	21038.0
2015	0628	9365.0
2015	0631	2671.0
2015	0632	1375.0
2015	0633	2541.0
2015	0701	26903.0
2015	0702	10661.0
2015	0704	41920.0
2015	0706	45281.0
2015	0709	43506.0
2015	0710	62647.0
2015	0711	6601.0
2015	0712	45969.0
2015	0713	9149.0
2015	0714	3114.0
2015	0715	13775.0
2015	0716	9253.0
2015	0719	5860.0
2015	0720	11506.0
2015	0722	21483.0
2015	0723	4962.0
2015	0728	2463.0
2015	0729	26445.0
2015	0805	35755.0
2015	0806	53745.0
2015	0807	12599.0
2015	0811	2361.0
2015	0814	14140.0
2015	0815	10636.0
2015	0817	4111.0
2015	0819	6630.0
2015	0821	5977.0
2015	0822	4346.0
2015	0826	5913.0
2015	0827	1594.0
2015	0828	3002.0
2015	0829	2466.0
2015	0830	1439.0
2015	0831	1298.0
2015	0833	2252.0
2015	0834	3689.0
2015	0901	6909.0
2015	0904	22098.0
2015	0906	44219.0
2015	0911	2481.0
2015	0912	2018.0
2015	0914	6048.0
2015	0919	5532.0
2015	0926	10340.0
2015	0928	5035.0
2015	0929	1832.0
2015	0935	1315.0
2015	0937	3567.0
2015	0938	1189.0
2015	0940	1251.0
2015	0941	933.0
2015	1001	87446.0
2015	1002	15437.0
2015	1003	9596.0
2015	1004	9069.0
2015	1014	14095.0
2015	1017	6354.0
2015	1018	11217.0
2015	1021	2294.0
2015	1026	925.0
2015	1027	1750.0
2015	1029	4880.0
2015	1032	8335.0
2015	1034	1693.0
2015	1037	5948.0
2015	1046	1838.0
2015	1101	14916.0
2015	1102	73624.0
2015	1103	132102.0
2015	1106	36538.0
2015	1108	74832.0
2015	1111	3309.0
2015	1112	3247.0
2015	1114	2861.0
2015	1119	18528.0
2015	1120	18741.0
2015	1121	18306.0
2015	1122	11600.0
2015	1124	25708.0
2015	1127	10556.0
2015	1129	1208.0
2015	1130	12395.0
2015	1133	2785.0
2015	1134	3892.0
2015	1135	4756.0
2015	1141	3147.0
2015	1142	4794.0
2015	1144	534.0
2015	1145	865.0
2015	1146	10857.0
2015	1149	42062.0
2015	1151	206.0
2015	1160	8765.0
2015	1201	275112.0
2015	1211	4103.0
2015	1216	5509.0
2015	1219	11761.0
2015	1221	18685.0
2015	1222	3093.0
2015	1223	2782.0
2015	1224	13234.0
2015	1227	1100.0
2015	1228	6952.0
2015	1231	3411.0
2015	1232	950.0
2015	1233	1107.0
2015	1234	921.0
2015	1235	14347.0
2015	1238	8539.0
2015	1241	3838.0
2015	1242	2443.0
2015	1243	19097.0
2015	1244	5012.0
2015	1245	6752.0
2015	1246	24427.0
2015	1247	27858.0
2015	1251	4096.0
2015	1252	378.0
2015	1253	7842.0
2015	1256	7736.0
2015	1259	4733.0
2015	1260	5014.0
2015	1263	15402.0
2015	1264	2856.0
2015	1265	563.0
2015	1266	1704.0
2015	1401	11862.0
2015	1411	2335.0
2015	1412	800.0
2015	1413	1405.0
2015	1416	4169.0
2015	1417	2678.0
2015	1418	1304.0
2015	1419	2276.0
2015	1420	7677.0
2015	1421	1738.0
2015	1422	2146.0
2015	1424	5429.0
2015	1426	5118.0
2015	1428	3008.0
2015	1429	2823.0
2015	1430	2960.0
2015	1431	3026.0
2015	1432	12801.0
2015	1433	2777.0
2015	1438	3890.0
2015	1439	6082.0
2015	1441	2752.0
2015	1443	5987.0
2015	1444	1221.0
2015	1445	5751.0
2015	1449	7155.0
2015	1502	26392.0
2015	1504	46316.0
2015	1505	24507.0
2015	1506	31435.0
2015	1507	63457.0
2015	1508	54707.88926708514
2015	1511	3258.0
2015	1514	2635.0
2015	1515	8934.0
2015	1516	8292.0
2015	1517	5065.0
2015	1519	8977.0
2015	1520	10589.0
2015	1523	2294.0
2015	1524	1676.0
2015	1525	4605.0
2015	1526	1043.0
2015	1528	7707.0
2015	1529	4465.0
2015	1531	8855.0
2015	1532	7924.0
2015	1534	9120.0
2015	1535	6708.0
2015	1539	7445.0
2015	1543	2975.0
2015	1545	2068.0
2015	1546	1262.0
2015	1547	3466.0
2015	1548	9787.0
2015	1551	3463.0
2015	1554	5794.0
2015	1557	2580.0
2015	1560	3090.0
2015	1563	7155.0
2015	1566	5976.0
2015	1567	2038.0
2015	1571	1563.0
2015	1573	2146.0
2015	1576	3549.0
2015	1577	10198.0
2015	1578	2719.0
2015	1579	13250.0
2015	1580	8749.110732914862
2015	1601	184960.0
2015	1612	4254.0
2015	1613	982.0
2015	1617	4569.0
2015	1620	4634.0
2015	1621	5183.0
2015	1622	1770.0
2015	1624	6676.0
2015	1627	4715.0
2015	1630	3248.0
2015	1632	977.0
2015	1633	1010.0
2015	1634	6852.0
2015	1635	2567.0
2015	1636	3967.0
2015	1638	11722.0
2015	1640	5593.0
2015	1644	2014.0
2015	1648	6336.0
2015	1653	15916.0
2015	1657	7668.0
2015	1662	5995.0
2015	1663	13498.0
2015	1664	4078.0
2015	1665	863.0
2015	1702	21650.0
2015	1703	13026.0
2015	1711	2558.0
2015	1714	22957.0
2015	1717	2624.0
2015	1718	3506.0
2015	1719	19474.0
2015	1721	14809.0
2015	1723	817.3991365192794
2015	1724	2547.0
2015	1725	1644.0
2015	1729	5952.60086348072
2015	1736	2153.0
2015	1738	1394.0
2015	1739	475.0
2015	1740	892.0
2015	1742	2489.0
2015	1743	1252.0
2015	1744	3751.0
2015	1748	630.0
2015	1749	1119.0
2015	1750	4363.0
2015	1751	5081.0
2015	1755	574.0
2015	1756	6770.0
2015	1804	50185.0
2015	1805	18853.0
2015	1806	23430.0
2015	1811	1482.0
2015	1812	2063.0
2015	1813	7934.0
2015	1815	1225.0
2015	1816	510.0
2015	1818	1737.0
2015	1820	7454.0
2015	1822	2188.0
2015	1824	13352.0
2015	1825	1458.0
2015	1826	1533.0
2015	1827	1407.0
2015	1828	1871.0
2015	1832	4528.0
2015	1833	26078.0
2015	1834	1917.0
2015	1835	486.0
2015	1836	1269.0
2015	1837	6454.0
2015	1838	2014.0
2015	1839	1058.0
2015	1840	4734.0
2015	1841	9622.0
2015	1845	1953.0
2015	1848	2507.0
2015	1849	1811.0
2015	1850	1996.0
2015	1851	2160.0
2015	1852	1280.0
2015	1853	1385.0
2015	1854	2581.0
2015	1856	545.0
2015	1857	780.0
2015	1859	1358.0
2015	1860	11140.0
2015	1865	9285.0
2015	1866	8057.0
2015	1867	2642.0
2015	1868	4563.0
2015	1870	10166.0
2015	1871	4991.0
2015	1874	1070.0
2015	1875	3807.0
2015	1901	24210.02863664661
2015	1902	72681.0
2015	1903	24676.0
2015	1911	3076.0
2015	1913	2988.0
2015	1915	465.97136335339286
2015	1917	1410.0
2015	1919	1137.0
2015	1920	1008.0
2015	1922	4078.0
2015	1923	2219.0
2015	1924	6693.0
2015	1925	3451.0
2015	1926	1154.0
2015	1927	1544.0
2015	1928	884.0
2015	1929	905.0
2015	1931	11535.0
2015	1933	5720.0
2015	1936	2289.0
2015	1938	2922.0
2015	1939	1898.0
2015	1940	2182.0
2015	1941	2895.0
2015	1942	4882.0
2015	1943	1226.0
2015	2002	2128.0
2015	2003	6239.0
2015	2004	10417.0
2015	2011	2914.0
2015	2012	19898.0
2015	2014	989.0
2015	2015	1041.0
2015	2017	1049.0
2015	2018	1241.0
2015	2019	3278.0
2015	2020	3925.0
2015	2021	2708.0
2015	2022	1343.0
2015	2023	1116.0
2015	2024	1020.0
2015	2025	2909.0
2015	2027	934.0
2015	2028	2235.0
2015	2030	10221.0
2015	3001	30328.0
2015	3002	47044.0
2015	3003	54192.0
2015	3004	78159.0
2015	3005	97771.0
2015	3006	26711.0
2015	3007	29712.0
2015	3011	4480.0
2015	3012	1406.0
2015	3013	3613.0
2015	3014	43247.0
2015	3015	3731.0
2015	3016	8020.0
2015	3017	7206.0
2015	3018	5100.0
2015	3019	16310.0
2015	3020	56355.0
2015	3021	18503.0
2015	3022	15656.0
2015	3023	18372.0
2015	3024	120685.0
2015	3025	89974.0
2015	3026	16398.0
2015	3027	17185.0
2015	3028	10760.0
2015	3029	35139.0
2015	3030	80013.0
2015	3031	22706.0
2015	3032	6326.0
2015	3033	33310.0
2015	3034	20410.0
2015	3035	23238.0
2015	3036	11882.0
2015	3037	2752.0
2015	3038	6698.0
2015	3039	1033.0
2015	3040	3414.0
2015	3041	4588.0
2015	3042	2344.0
2015	3043	4716.0
2015	3044	4471.0
2015	3045	3520.0
2015	3046	2268.0
2015	3047	13685.0
2015	3048	18039.0
2015	3049	25378.0
2015	3050	2671.0
2015	3051	1375.0
2015	3052	2541.0
2015	3053	6599.0
2015	3054	9003.0
2015	3101	30328.0
2015	3103	47044.0
2015	3105	54192.0
2015	3107	78159.0
2015	3110	4480.0
2015	3112	7206.0
2015	3114	5100.0
2015	3116	3731.0
2015	3118	43247.0
2015	3120	8020.0
2015	3122	3613.0
2015	3124	1406.0
2015	3201	120685.0
2015	3203	89974.0
2015	3205	80013.0
2015	3207	56355.0
2015	3209	33310.0
2015	3212	18372.0
2015	3214	15656.0
2015	3216	16310.0
2015	3218	18503.0
2015	3220	10760.0
2015	3222	35139.0
2015	3224	17185.0
2015	3226	16398.0
2015	3228	20410.0
2015	3230	6326.0
2015	3232	22706.0
2015	3234	9003.0
2015	3236	6599.0
2015	3238	11882.0
2015	3240	23238.0
2015	3242	2752.0
2015	3301	97771.0
2015	3303	26711.0
2015	3305	29712.0
2015	3310	6698.0
2015	3312	25378.0
2015	3314	18039.0
2015	3316	13685.0
2015	3318	2268.0
2015	3320	1033.0
2015	3322	3414.0
2015	3324	4588.0
2015	3326	2344.0
2015	3328	4716.0
2015	3330	4471.0
2015	3332	3520.0
2015	3334	2671.0
2015	3336	1375.0
2015	3338	2541.0
2015	3401	17881.0
2015	3403	29847.0
2015	3405	27300.0
2015	3407	30063.0
2015	3411	33603.0
2015	3412	7552.0
2015	3413	20013.0
2015	3414	5128.0
2015	3415	7800.0
2015	3416	6219.0
2015	3417	4853.0
2015	3418	7561.0
2015	3419	3790.0
2015	3420	20794.0
2015	3421	6569.0
2015	3422	4456.0
2015	3423	2619.0
2015	3424	1885.0
2015	3425	1359.0
2015	3426	1656.0
2015	3427	5562.0
2015	3428	2418.0
2015	3429	1597.0
2015	3430	1991.0
2015	3431	2745.0
2015	3432	2059.0
2015	3433	2245.0
2015	3434	2356.0
2015	3435	3675.0
2015	3436	5754.0
2015	3437	5965.0
2015	3438	3204.0
2015	3439	4459.0
2015	3440	5065.0
2015	3441	6210.0
2015	3442	14796.0
2015	3443	13152.0
2015	3446	13685.0
2015	3447	5772.0
2015	3448	6740.0
2015	3449	3094.0
2015	3450	1402.0
2015	3451	6466.0
2015	3452	2180.0
2015	3453	3199.0
2015	3454	1619.0
2015	3801	26903.0
2015	3802	22924.0
2015	3803	51173.0
2015	3804	62647.0
2015	3805	45969.0
2015	3806	35755.0
2015	3807	53745.0
2015	3808	12599.0
2015	3811	26445.0
2015	3812	2361.0
2015	3813	14140.0
2015	3814	10636.0
2015	3815	4111.0
2015	3816	6630.0
2015	3817	10323.0
2015	3818	5913.0
2015	3819	1594.0
2015	3820	3002.0
2015	3821	2466.0
2015	3822	1439.0
2015	3823	1298.0
2015	3824	2252.0
2015	3825	3689.0
2015	3901	26903.0
2015	3903	22924.0
2015	3905	51173.0
2015	3907	62647.0
2015	3909	45969.0
2015	3911	26445.0
2015	4001	35755.0
2015	4003	53745.0
2015	4005	12599.0
2015	4010	2361.0
2015	4012	14140.0
2015	4014	10636.0
2015	4016	4111.0
2015	4018	6630.0
2015	4020	10323.0
2015	4022	3002.0
2015	4024	1594.0
2015	4026	5913.0
2015	4028	2466.0
2015	4030	1439.0
2015	4032	1298.0
2015	4034	2252.0
2015	4036	3689.0
2015	4201	6909.0
2015	4202	22098.0
2015	4203	44219.0
2015	4204	105017.0
2015	4205	22611.0
2015	4206	9596.0
2015	4207	9069.0
2015	4211	2481.0
2015	4212	2018.0
2015	4213	6048.0
2015	4214	5532.0
2015	4215	10340.0
2015	4216	5035.0
2015	4217	1832.0
2015	4218	1315.0
2015	4219	3567.0
2015	4220	1189.0
2015	4221	1251.0
2015	4222	933.0
2015	4223	14095.0
2015	4224	925.0
2015	4225	10085.0
2015	4226	1693.0
2015	4227	5948.0
2015	4228	1838.0
2015	4601	275112.0
2015	4602	17944.0
2015	4611	4103.0
2015	4612	5509.0
2015	4613	11761.0
2015	4614	18685.0
2015	4615	3093.0
2015	4616	2782.0
2015	4617	13234.0
2015	4618	11463.0
2015	4619	950.0
2015	4620	1107.0
2015	4621	15268.0
2015	4622	8539.0
2015	4623	2443.0
2015	4624	22935.0
2015	4625	5012.0
2015	4626	35912.0
2015	4627	27858.0
2015	4628	4096.0
2015	4629	378.0
2015	4630	7842.0
2015	4631	28152.0
2015	4632	2856.0
2015	4633	563.0
2015	4634	1704.0
2015	4635	2335.0
2015	4636	800.0
2015	4637	1405.0
2015	4638	4169.0
2015	4639	2678.0
2015	4640	11257.0
2015	4641	1738.0
2015	4642	2146.0
2015	4643	5429.0
2015	4644	5118.0
2015	4645	3008.0
2015	4646	2823.0
2015	4647	21564.0
2015	4648	3890.0
2015	4649	8739.0
2015	4650	5751.0
2015	4651	7155.0
2015	5001	184960.0
2015	5004	21650.0
2015	5005	13026.0
2015	5006	24197.0
2015	5007	15300.0
2015	5011	4254.0
2015	5012	982.0
2015	5013	4569.0
2015	5014	4634.0
2015	5015	5183.0
2015	5016	1770.0
2015	5017	4715.0
2015	5018	3248.0
2015	5019	977.0
2015	5020	1010.0
2015	5021	6852.0
2015	5022	2567.0
2015	5023	3967.0
2015	5024	11722.0
2015	5025	5593.0
2015	5026	2014.0
2015	5027	6336.0
2015	5028	15916.0
2015	5029	7668.0
2015	5030	5995.0
2015	5031	13498.0
2015	5032	4078.0
2015	5033	863.0
2015	5034	2558.0
2015	5035	22957.0
2015	5036	2624.0
2015	5037	19474.0
2015	5038	14809.0
2015	5039	2547.0
2015	5040	1644.0
2015	5041	2153.0
2015	5042	1394.0
2015	5043	475.0
2015	5044	892.0
2015	5045	2489.0
2015	5046	1252.0
2015	5047	3751.0
2015	5048	630.0
2015	5049	1119.0
2015	5050	4363.0
2015	5051	5081.0
2015	5052	574.0
2015	5053	6770.0
2015	5054	10182.0
2015	5055	6799.0
2015	5056	5551.0
2015	5057	9898.0
2015	5058	4225.0
2015	5059	18441.0
2015	5060	9444.0
2015	5061	2038.0
2015	5401	72681.0
2015	5402	24676.0
2015	5403	19898.0
2015	5404	2128.0
2015	5405	6239.0
2015	5406	11466.0
2015	5411	3076.0
2015	5412	4268.0
2015	5413	1410.0
2015	5414	1137.0
2015	5415	1008.0
2015	5416	4078.0
2015	5417	2219.0
2015	5418	6693.0
2015	5419	3451.0
2015	5420	1154.0
2015	5421	14868.0
2015	5422	5720.0
2015	5423	2289.0
2015	5424	2922.0
2015	5425	1898.0
2015	5426	2182.0
2015	5427	2895.0
2015	5428	4882.0
2015	5429	1226.0
2015	5430	2914.0
2015	5432	989.0
2015	5433	1041.0
2015	5434	1241.0
2015	5435	3278.0
2015	5436	3925.0
2015	5437	2708.0
2015	5438	1343.0
2015	5439	1116.0
2015	5440	1020.0
2015	5441	2909.0
2015	5442	934.0
2015	5443	2235.0
2015	5444	10221.0
2015	5501	72681.0
2015	5503	24676.0
2015	5510	3076.0
2015	5512	4268.0
2015	5514	1410.0
2015	5516	1137.0
2015	5518	1008.0
2015	5520	4078.0
2015	5522	2219.0
2015	5524	6693.0
2015	5526	3451.0
2015	5528	1154.0
2015	5530	14868.0
2015	5532	5720.0
2015	5534	2289.0
2015	5536	2922.0
2015	5538	1898.0
2015	5540	2182.0
2015	5542	2895.0
2015	5544	4882.0
2015	5546	1226.0
2015	5601	19898.0
2015	5603	11466.0
2015	5605	10221.0
2015	5607	6239.0
2015	5610	2708.0
2015	5612	2914.0
2015	5614	989.0
2015	5616	1041.0
2015	5618	1241.0
2015	5620	3278.0
2015	5622	3925.0
2015	5624	1343.0
2015	5626	1116.0
2015	5628	2909.0
2015	5630	1020.0
2015	5632	2235.0
2015	5634	2128.0
2015	5636	934.0
2016	0101	30544.0
2016	0104	32182.0
2016	0105	54678.0
2016	0106	78967.0
2016	0111	4511.0
2016	0118	1404.0
2016	0119	3610.0
2016	0121	672.0
2016	0122	5343.0
2016	0123	5736.0
2016	0124	15615.0
2016	0125	11396.0
2016	0127	3742.0
2016	0128	8084.0
2016	0135	7357.0
2016	0136	15458.0
2016	0137	5186.0
2016	0138	5382.0
2016	0211	16732.0
2016	0213	30261.0
2016	0214	18992.0
2016	0215	15695.0
2016	0216	18623.0
2016	0217	26792.0
2016	0219	122348.0
2016	0220	60106.0
2016	0221	15914.0
2016	0226	17443.0
2016	0227	11374.0
2016	0228	17426.0
2016	0229	10870.0
2016	0230	36368.0
2016	0231	52522.0
2016	0233	22857.0
2016	0234	6323.0
2016	0235	34189.0
2016	0236	20783.0
2016	0237	23811.0
2016	0238	12267.0
2016	0239	2837.0
2016	0301	658390.0
2016	0402	17835.0
2016	0403	30120.0
2016	0412	33597.0
2016	0415	7588.0
2016	0417	20119.0
2016	0418	5131.0
2016	0419	7901.0
2016	0420	6142.0
2016	0423	4763.0
2016	0425	7456.0
2016	0426	3760.0
2016	0427	21030.0
2016	0428	6525.0
2016	0429	4429.0
2016	0430	2600.0
2016	0432	1881.0
2016	0434	1305.0
2016	0436	1620.0
2016	0437	5580.0
2016	0438	2426.0
2016	0439	1592.0
2016	0441	1956.0
2016	0501	27476.0
2016	0502	30137.0
2016	0511	2701.0
2016	0512	2055.0
2016	0513	2204.0
2016	0514	2347.0
2016	0515	3664.0
2016	0516	5741.0
2016	0517	5935.0
2016	0519	3154.0
2016	0520	4462.0
2016	0521	5072.0
2016	0522	6227.0
2016	0528	14906.0
2016	0529	13180.0
2016	0532	6629.0
2016	0533	9044.0
2016	0534	13695.0
2016	0536	5758.0
2016	0538	6751.0
2016	0540	3058.0
2016	0541	1321.0
2016	0542	6458.0
2016	0543	2168.0
2016	0544	3220.0
2016	0545	1590.0
2016	0602	67895.0
2016	0604	27013.0
2016	0605	29801.0
2016	0612	6767.0
2016	0615	1074.0
2016	0616	3422.0
2016	0617	4578.0
2016	0618	2422.0
2016	0619	4711.0
2016	0620	4497.0
2016	0621	3512.0
2016	0622	2275.0
2016	0623	13794.0
2016	0624	18205.0
2016	0625	24431.0
2016	0626	25731.0
2016	0627	21492.0
2016	0628	9413.0
2016	0631	2699.0
2016	0632	1404.0
2016	0633	2548.0
2016	0701	27178.0
2016	0702	10741.0
2016	0704	42276.0
2016	0706	45820.0
2016	0709	43867.0
2016	0710	63414.0
2016	0711	6604.0
2016	0712	46341.0
2016	0713	9297.0
2016	0714	3163.0
2016	0715	13904.0
2016	0716	9361.0
2016	0719	5937.0
2016	0720	11657.0
2016	0722	21621.0
2016	0723	4971.0
2016	0728	2474.0
2016	0729	26592.0
2016	0805	35955.0
2016	0806	53952.0
2016	0807	12717.0
2016	0811	2335.0
2016	0814	14088.0
2016	0815	10607.0
2016	0817	4136.0
2016	0819	6534.0
2016	0821	6101.0
2016	0822	4338.0
2016	0826	5940.0
2016	0827	1613.0
2016	0828	2991.0
2016	0829	2448.0
2016	0830	1443.0
2016	0831	1323.0
2016	0833	2246.0
2016	0834	3727.0
2016	0901	6920.0
2016	0904	22550.0
2016	0906	44313.0
2016	0911	2473.0
2016	0912	2036.0
2016	0914	6014.0
2016	0919	5618.0
2016	0926	10577.0
2016	0928	5147.0
2016	0929	1847.0
2016	0935	1317.0
2016	0937	3582.0
2016	0938	1204.0
2016	0940	1242.0
2016	0941	945.0
2016	1001	88447.0
2016	1002	15529.0
2016	1003	9705.0
2016	1004	9096.0
2016	1014	14308.0
2016	1017	6419.0
2016	1018	11260.0
2016	1021	2290.0
2016	1026	942.0
2016	1027	1750.0
2016	1029	4943.0
2016	1032	8497.0
2016	1034	1702.0
2016	1037	5981.0
2016	1046	1832.0
2016	1101	14942.0
2016	1102	74820.0
2016	1103	132644.0
2016	1106	36951.0
2016	1108	76058.0
2016	1111	3313.0
2016	1112	3243.0
2016	1114	2825.0
2016	1119	18591.0
2016	1120	18970.0
2016	1121	18572.0
2016	1122	11853.0
2016	1124	26096.0
2016	1127	10737.0
2016	1129	1238.0
2016	1130	12464.0
2016	1133	2737.0
2016	1134	3903.0
2016	1135	4710.0
2016	1141	3221.0
2016	1142	4856.0
2016	1144	524.0
2016	1145	865.0
2016	1146	10925.0
2016	1149	42187.0
2016	1151	200.0
2016	1160	8788.0
2016	1201	277391.0
2016	1211	4106.0
2016	1216	5593.0
2016	1219	11778.0
2016	1221	18775.0
2016	1222	3140.0
2016	1223	2797.0
2016	1224	13271.0
2016	1227	1104.0
2016	1228	6930.0
2016	1231	3401.0
2016	1232	925.0
2016	1233	1116.0
2016	1234	920.0
2016	1235	14425.0
2016	1238	8475.0
2016	1241	3876.0
2016	1242	2443.0
2016	1243	19742.0
2016	1244	5118.0
2016	1245	6975.0
2016	1246	24870.0
2016	1247	28380.0
2016	1251	4125.0
2016	1252	381.0
2016	1253	7957.0
2016	1256	7812.0
2016	1259	4852.0
2016	1260	5077.0
2016	1263	15607.0
2016	1264	2858.0
2016	1265	576.0
2016	1266	1701.0
2016	1401	11923.0
2016	1411	2370.0
2016	1412	785.0
2016	1413	1395.0
2016	1416	4161.0
2016	1417	2689.0
2016	1418	1294.0
2016	1419	2298.0
2016	1420	7839.0
2016	1421	1764.0
2016	1422	2172.0
2016	1424	5359.0
2016	1426	5093.0
2016	1428	3023.0
2016	1429	2830.0
2016	1430	2942.0
2016	1431	3020.0
2016	1432	12900.0
2016	1433	2840.0
2016	1438	3846.0
2016	1439	6046.0
2016	1441	2774.0
2016	1443	6015.0
2016	1444	1200.0
2016	1445	5784.0
2016	1449	7168.0
2016	1502	26732.0
2016	1504	46747.0
2016	1505	24526.0
2016	1506	31790.0
2016	1507	64147.0
2016	1508	55302.755768720715
2016	1511	3256.0
2016	1514	2559.0
2016	1515	8972.0
2016	1516	8430.0
2016	1517	5189.0
2016	1519	9037.0
2016	1520	10677.0
2016	1523	2310.0
2016	1524	1652.0
2016	1525	4598.0
2016	1526	1020.0
2016	1528	7675.0
2016	1529	4620.0
2016	1531	8952.0
2016	1532	8094.0
2016	1534	9200.0
2016	1535	6611.0
2016	1539	7492.0
2016	1543	2970.0
2016	1545	2088.0
2016	1546	1270.0
2016	1547	3518.0
2016	1548	9717.0
2016	1551	3467.0
2016	1554	5826.0
2016	1557	2593.0
2016	1560	3103.0
2016	1563	7160.0
2016	1566	5969.0
2016	1567	2036.0
2016	1571	1547.0
2016	1573	2141.0
2016	1576	3536.0
2016	1577	10237.0
2016	1578	2672.0
2016	1579	13184.0
2016	1580	8844.244231279286
2016	1601	187353.0
2016	1612	4260.0
2016	1613	978.0
2016	1617	4622.0
2016	1620	4799.0
2016	1621	5209.0
2016	1622	1733.0
2016	1624	6644.0
2016	1627	4779.0
2016	1630	3272.0
2016	1632	961.0
2016	1633	976.0
2016	1634	6886.0
2016	1635	2562.0
2016	1636	3954.0
2016	1638	11779.0
2016	1640	5635.0
2016	1644	2031.0
2016	1648	6298.0
2016	1653	16096.0
2016	1657	7755.0
2016	1662	6067.0
2016	1663	13738.0
2016	1664	4132.0
2016	1665	851.0
2016	1702	21781.0
2016	1703	13010.0
2016	1711	2523.0
2016	1714	23308.0
2016	1717	2631.0
2016	1718	3531.0
2016	1719	19610.0
2016	1721	14885.0
2016	1723	817.2783980943874
2016	1724	2527.0
2016	1725	1622.0
2016	1729	5951.721601905612
2016	1736	2139.0
2016	1738	1375.0
2016	1739	469.0
2016	1740	867.0
2016	1742	2466.0
2016	1743	1250.0
2016	1744	3825.0
2016	1748	633.0
2016	1749	1103.0
2016	1750	4387.0
2016	1751	5126.0
2016	1755	562.0
2016	1756	6769.0
2016	1804	50488.0
2016	1805	18787.0
2016	1806	23317.0
2016	1811	1465.0
2016	1812	2031.0
2016	1813	7962.0
2016	1815	1244.0
2016	1816	507.0
2016	1818	1743.0
2016	1820	7437.0
2016	1822	2216.0
2016	1824	13427.0
2016	1825	1462.0
2016	1826	1465.0
2016	1827	1402.0
2016	1828	1838.0
2016	1832	4486.0
2016	1833	26039.0
2016	1834	1923.0
2016	1835	478.0
2016	1836	1268.0
2016	1837	6471.0
2016	1838	2043.0
2016	1839	1034.0
2016	1840	4700.0
2016	1841	9604.0
2016	1845	1963.0
2016	1848	2543.0
2016	1849	1824.0
2016	1850	1974.0
2016	1851	2144.0
2016	1852	1283.0
2016	1853	1400.0
2016	1854	2556.0
2016	1856	551.0
2016	1857	765.0
2016	1859	1336.0
2016	1860	11198.0
2016	1865	9350.0
2016	1866	8082.0
2016	1867	2632.0
2016	1868	4529.0
2016	1870	10214.0
2016	1871	4980.0
2016	1874	1062.0
2016	1875	3798.0
2016	1901	24228.66984851629
2016	1902	73480.0
2016	1903	24695.0
2016	1911	3029.0
2016	1913	3041.0
2016	1915	466.33015148371027
2016	1917	1403.0
2016	1919	1137.0
2016	1920	1051.0
2016	1922	4019.0
2016	1923	2230.0
2016	1924	6741.0
2016	1925	3452.0
2016	1926	1158.0
2016	1927	1543.0
2016	1928	913.0
2016	1929	915.0
2016	1931	11618.0
2016	1933	5701.0
2016	1936	2282.0
2016	1938	2861.0
2016	1939	1865.0
2016	1940	2150.0
2016	1941	2920.0
2016	1942	4895.0
2016	1943	1231.0
2016	2002	2137.0
2016	2003	6160.0
2016	2004	10455.0
2016	2011	2956.0
2016	2012	20097.0
2016	2014	951.0
2016	2015	1054.0
2016	2017	1035.0
2016	2018	1215.0
2016	2019	3276.0
2016	2020	3978.0
2016	2021	2668.0
2016	2022	1318.0
2016	2023	1139.0
2016	2024	1000.0
2016	2025	2922.0
2016	2027	959.0
2016	2028	2211.0
2016	2030	10227.0
2016	3001	30544.0
2016	3002	47640.0
2016	3003	54678.0
2016	3004	78967.0
2016	3005	98930.0
2016	3006	27013.0
2016	3007	29801.0
2016	3011	4511.0
2016	3012	1404.0
2016	3013	3610.0
2016	3014	43472.0
2016	3015	3742.0
2016	3016	8084.0
2016	3017	7357.0
2016	3018	5186.0
2016	3019	16732.0
2016	3020	57053.0
2016	3021	18992.0
2016	3022	15695.0
2016	3023	18623.0
2016	3024	122348.0
2016	3025	91011.0
2016	3026	16586.0
2016	3027	17426.0
2016	3028	10870.0
2016	3029	36368.0
2016	3030	81339.0
2016	3031	22857.0
2016	3032	6323.0
2016	3033	34189.0
2016	3034	20783.0
2016	3035	23811.0
2016	3036	12267.0
2016	3037	2837.0
2016	3038	6767.0
2016	3039	1074.0
2016	3040	3422.0
2016	3041	4578.0
2016	3042	2422.0
2016	3043	4711.0
2016	3044	4497.0
2016	3045	3512.0
2016	3046	2275.0
2016	3047	13794.0
2016	3048	18205.0
2016	3049	25731.0
2016	3050	2699.0
2016	3051	1404.0
2016	3052	2548.0
2016	3053	6629.0
2016	3054	9044.0
2016	3101	30544.0
2016	3103	47640.0
2016	3105	54678.0
2016	3107	78967.0
2016	3110	4511.0
2016	3112	7357.0
2016	3114	5186.0
2016	3116	3742.0
2016	3118	43472.0
2016	3120	8084.0
2016	3122	3610.0
2016	3124	1404.0
2016	3201	122348.0
2016	3203	91011.0
2016	3205	81339.0
2016	3207	57053.0
2016	3209	34189.0
2016	3212	18623.0
2016	3214	15695.0
2016	3216	16732.0
2016	3218	18992.0
2016	3220	10870.0
2016	3222	36368.0
2016	3224	17426.0
2016	3226	16586.0
2016	3228	20783.0
2016	3230	6323.0
2016	3232	22857.0
2016	3234	9044.0
2016	3236	6629.0
2016	3238	12267.0
2016	3240	23811.0
2016	3242	2837.0
2016	3301	98930.0
2016	3303	27013.0
2016	3305	29801.0
2016	3310	6767.0
2016	3312	25731.0
2016	3314	18205.0
2016	3316	13794.0
2016	3318	2275.0
2016	3320	1074.0
2016	3322	3422.0
2016	3324	4578.0
2016	3326	2422.0
2016	3328	4711.0
2016	3330	4497.0
2016	3332	3512.0
2016	3334	2699.0
2016	3336	1404.0
2016	3338	2548.0
2016	3401	17835.0
2016	3403	30120.0
2016	3405	27476.0
2016	3407	30137.0
2016	3411	33597.0
2016	3412	7588.0
2016	3413	20119.0
2016	3414	5131.0
2016	3415	7901.0
2016	3416	6142.0
2016	3417	4763.0
2016	3418	7456.0
2016	3419	3760.0
2016	3420	21030.0
2016	3421	6525.0
2016	3422	4429.0
2016	3423	2600.0
2016	3424	1881.0
2016	3425	1305.0
2016	3426	1620.0
2016	3427	5580.0
2016	3428	2426.0
2016	3429	1592.0
2016	3430	1956.0
2016	3431	2701.0
2016	3432	2055.0
2016	3433	2204.0
2016	3434	2347.0
2016	3435	3664.0
2016	3436	5741.0
2016	3437	5935.0
2016	3438	3154.0
2016	3439	4462.0
2016	3440	5072.0
2016	3441	6227.0
2016	3442	14906.0
2016	3443	13180.0
2016	3446	13695.0
2016	3447	5758.0
2016	3448	6751.0
2016	3449	3058.0
2016	3450	1321.0
2016	3451	6458.0
2016	3452	2168.0
2016	3453	3220.0
2016	3454	1590.0
2016	3801	27178.0
2016	3802	23201.0
2016	3803	51637.0
2016	3804	63414.0
2016	3805	46341.0
2016	3806	35955.0
2016	3807	53952.0
2016	3808	12717.0
2016	3811	26592.0
2016	3812	2335.0
2016	3813	14088.0
2016	3814	10607.0
2016	3815	4136.0
2016	3816	6534.0
2016	3817	10439.0
2016	3818	5940.0
2016	3819	1613.0
2016	3820	2991.0
2016	3821	2448.0
2016	3822	1443.0
2016	3823	1323.0
2016	3824	2246.0
2016	3825	3727.0
2016	3901	27178.0
2016	3903	23201.0
2016	3905	51637.0
2016	3907	63414.0
2016	3909	46341.0
2016	3911	26592.0
2016	4001	35955.0
2016	4003	53952.0
2016	4005	12717.0
2016	4010	2335.0
2016	4012	14088.0
2016	4014	10607.0
2016	4016	4136.0
2016	4018	6534.0
2016	4020	10439.0
2016	4022	2991.0
2016	4024	1613.0
2016	4026	5940.0
2016	4028	2448.0
2016	4030	1443.0
2016	4032	1323.0
2016	4034	2246.0
2016	4036	3727.0
2016	4201	6920.0
2016	4202	22550.0
2016	4203	44313.0
2016	4204	106126.0
2016	4205	22762.0
2016	4206	9705.0
2016	4207	9096.0
2016	4211	2473.0
2016	4212	2036.0
2016	4213	6014.0
2016	4214	5618.0
2016	4215	10577.0
2016	4216	5147.0
2016	4217	1847.0
2016	4218	1317.0
2016	4219	3582.0
2016	4220	1204.0
2016	4221	1242.0
2016	4222	945.0
2016	4223	14308.0
2016	4224	942.0
2016	4225	10247.0
2016	4226	1702.0
2016	4227	5981.0
2016	4228	1832.0
2016	4601	277391.0
2016	4602	17969.0
2016	4611	4106.0
2016	4612	5593.0
2016	4613	11778.0
2016	4614	18775.0
2016	4615	3140.0
2016	4616	2797.0
2016	4617	13271.0
2016	4618	11435.0
2016	4619	925.0
2016	4620	1116.0
2016	4621	15345.0
2016	4622	8475.0
2016	4623	2443.0
2016	4624	23618.0
2016	4625	5118.0
2016	4626	36697.0
2016	4627	28380.0
2016	4628	4125.0
2016	4629	381.0
2016	4630	7957.0
2016	4631	28496.0
2016	4632	2858.0
2016	4633	576.0
2016	4634	1701.0
2016	4635	2370.0
2016	4636	785.0
2016	4637	1395.0
2016	4638	4161.0
2016	4639	2689.0
2016	4640	11431.0
2016	4641	1764.0
2016	4642	2172.0
2016	4643	5359.0
2016	4644	5093.0
2016	4645	3023.0
2016	4646	2830.0
2016	4647	21702.0
2016	4648	3846.0
2016	4649	8789.0
2016	4650	5784.0
2016	4651	7168.0
2016	5001	187353.0
2016	5004	21781.0
2016	5005	13010.0
2016	5006	24308.0
2016	5007	15265.0
2016	5011	4260.0
2016	5012	978.0
2016	5013	4622.0
2016	5014	4799.0
2016	5015	5209.0
2016	5016	1733.0
2016	5017	4779.0
2016	5018	3272.0
2016	5019	961.0
2016	5020	976.0
2016	5021	6886.0
2016	5022	2562.0
2016	5023	3954.0
2016	5024	11779.0
2016	5025	5635.0
2016	5026	2031.0
2016	5027	6298.0
2016	5028	16096.0
2016	5029	7755.0
2016	5030	6067.0
2016	5031	13738.0
2016	5032	4132.0
2016	5033	851.0
2016	5034	2523.0
2016	5035	23308.0
2016	5036	2631.0
2016	5037	19610.0
2016	5038	14885.0
2016	5039	2527.0
2016	5040	1622.0
2016	5041	2139.0
2016	5042	1375.0
2016	5043	469.0
2016	5044	867.0
2016	5045	2466.0
2016	5046	1250.0
2016	5047	3825.0
2016	5048	633.0
2016	5049	1103.0
2016	5050	4387.0
2016	5051	5126.0
2016	5052	562.0
2016	5053	6769.0
2016	5054	10175.0
2016	5055	6785.0
2016	5056	5600.0
2016	5057	9988.0
2016	5058	4233.0
2016	5059	18444.0
2016	5060	9513.0
2016	5061	2036.0
2016	5401	73480.0
2016	5402	24695.0
2016	5403	20097.0
2016	5404	2137.0
2016	5405	6160.0
2016	5406	11490.0
2016	5411	3029.0
2016	5412	4324.0
2016	5413	1403.0
2016	5414	1137.0
2016	5415	1051.0
2016	5416	4019.0
2016	5417	2230.0
2016	5418	6741.0
2016	5419	3452.0
2016	5420	1158.0
2016	5421	14989.0
2016	5422	5701.0
2016	5423	2282.0
2016	5424	2861.0
2016	5425	1865.0
2016	5426	2150.0
2016	5427	2920.0
2016	5428	4895.0
2016	5429	1231.0
2016	5430	2956.0
2016	5432	951.0
2016	5433	1054.0
2016	5434	1215.0
2016	5435	3276.0
2016	5436	3978.0
2016	5437	2668.0
2016	5438	1318.0
2016	5439	1139.0
2016	5440	1000.0
2016	5441	2922.0
2016	5442	959.0
2016	5443	2211.0
2016	5444	10227.0
2016	5501	73480.0
2016	5503	24695.0
2016	5510	3029.0
2016	5512	4324.0
2016	5514	1403.0
2016	5516	1137.0
2016	5518	1051.0
2016	5520	4019.0
2016	5522	2230.0
2016	5524	6741.0
2016	5526	3452.0
2016	5528	1158.0
2016	5530	14989.0
2016	5532	5701.0
2016	5534	2282.0
2016	5536	2861.0
2016	5538	1865.0
2016	5540	2150.0
2016	5542	2920.0
2016	5544	4895.0
2016	5546	1231.0
2016	5601	20097.0
2016	5603	11490.0
2016	5605	10227.0
2016	5607	6160.0
2016	5610	2668.0
2016	5612	2956.0
2016	5614	951.0
2016	5616	1054.0
2016	5618	1215.0
2016	5620	3276.0
2016	5622	3978.0
2016	5624	1318.0
2016	5626	1139.0
2016	5628	2922.0
2016	5630	1000.0
2016	5632	2211.0
2016	5634	2137.0
2016	5636	959.0
2017	0101	30790.0
2017	0104	32407.0
2017	0105	55127.0
2017	0106	80121.0
2017	0111	4517.0
2017	0118	1398.0
2017	0119	3597.0
2017	0121	685.0
2017	0122	5367.0
2017	0123	5765.0
2017	0124	15720.0
2017	0125	11406.0
2017	0127	3783.0
2017	0128	8173.0
2017	0135	7398.0
2017	0136	15747.0
2017	0137	5335.0
2017	0138	5557.0
2017	0211	17188.0
2017	0213	30698.0
2017	0214	19288.0
2017	0215	15743.0
2017	0216	18869.0
2017	0217	26988.0
2017	0219	124008.0
2017	0220	60781.0
2017	0221	16162.0
2017	0226	17665.0
2017	0227	11555.0
2017	0228	17730.0
2017	0229	10927.0
2017	0230	37406.0
2017	0231	53276.0
2017	0233	23213.0
2017	0234	6546.0
2017	0235	35102.0
2017	0236	21241.0
2017	0237	24415.0
2017	0238	12657.0
2017	0239	2910.0
2017	0301	666759.0
2017	0402	17857.0
2017	0403	30598.0
2017	0412	33842.0
2017	0415	7633.0
2017	0417	20317.0
2017	0418	5100.0
2017	0419	7866.0
2017	0420	6127.0
2017	0423	4777.0
2017	0425	7329.0
2017	0426	3743.0
2017	0427	21086.0
2017	0428	6550.0
2017	0429	4518.0
2017	0430	2530.0
2017	0432	1858.0
2017	0434	1274.0
2017	0436	1620.0
2017	0437	5584.0
2017	0438	2441.0
2017	0439	1577.0
2017	0441	1963.0
2017	0501	27781.0
2017	0502	30319.0
2017	0511	2675.0
2017	0512	2048.0
2017	0513	2202.0
2017	0514	2360.0
2017	0515	3640.0
2017	0516	5723.0
2017	0517	5916.0
2017	0519	3163.0
2017	0520	4502.0
2017	0521	5082.0
2017	0522	6204.0
2017	0528	14887.0
2017	0529	13179.0
2017	0532	6696.0
2017	0533	9080.0
2017	0534	13707.0
2017	0536	5717.0
2017	0538	6773.0
2017	0540	3026.0
2017	0541	1351.0
2017	0542	6490.0
2017	0543	2114.0
2017	0544	3248.0
2017	0545	1596.0
2017	0602	68363.0
2017	0604	27216.0
2017	0605	30034.0
2017	0612	6772.0
2017	0615	1081.0
2017	0616	3357.0
2017	0617	4612.0
2017	0618	2442.0
2017	0619	4719.0
2017	0620	4535.0
2017	0621	3502.0
2017	0622	2257.0
2017	0623	13786.0
2017	0624	18562.0
2017	0625	24718.0
2017	0626	25740.0
2017	0627	21931.0
2017	0628	9462.0
2017	0631	2696.0
2017	0632	1399.0
2017	0633	2530.0
2017	0701	27202.0
2017	0702	10861.0
2017	0704	44922.0
2017	0706	44812.03803576498
2017	0709	44082.0
2017	0710	62019.0
2017	0711	6653.0
2017	0712	46557.0
2017	0713	9496.0
2017	0714	3176.0
2017	0715	14037.0
2017	0716	9486.0
2017	0719	5806.396111268805
2017	0720	11400.565852966223
2017	0722	21748.0
2017	0723	4928.0
2017	0728	2475.0
2017	0729	26676.0
2017	0805	36198.0
2017	0806	54316.0
2017	0807	12757.0
2017	0811	2357.0
2017	0814	14138.0
2017	0815	10586.0
2017	0817	4148.0
2017	0819	6585.0
2017	0821	6262.0
2017	0822	4303.0
2017	0826	5894.0
2017	0827	1593.0
2017	0828	2979.0
2017	0829	2442.0
2017	0830	1476.0
2017	0831	1319.0
2017	0833	2228.0
2017	0834	3726.0
2017	0901	6936.0
2017	0904	22692.0
2017	0906	44576.0
2017	0911	2511.0
2017	0912	2104.0
2017	0914	6051.0
2017	0919	5713.0
2017	0926	10702.0
2017	0928	5178.0
2017	0929	1856.0
2017	0935	1342.0
2017	0937	3614.0
2017	0938	1200.0
2017	0940	1246.0
2017	0941	952.0
2017	1001	89268.0
2017	1002	15600.0
2017	1003	9769.0
2017	1004	9090.0
2017	1014	14425.0
2017	1017	6568.0
2017	1018	11321.0
2017	1021	2309.0
2017	1026	937.0
2017	1027	1765.0
2017	1029	4950.0
2017	1032	8588.0
2017	1034	1702.0
2017	1037	5988.0
2017	1046	1836.0
2017	1101	14899.0
2017	1102	75497.0
2017	1103	132729.0
2017	1106	37166.0
2017	1108	76742.0
2017	1111	3316.0
2017	1112	3259.0
2017	1114	2826.0
2017	1119	18800.0
2017	1120	19042.0
2017	1121	18656.0
2017	1122	11902.0
2017	1124	26016.0
2017	1127	10873.0
2017	1129	1245.0
2017	1130	12662.0
2017	1133	2708.0
2017	1134	3853.0
2017	1135	4760.0
2017	1141	3235.0
2017	1142	4892.0
2017	1144	534.0
2017	1145	855.0
2017	1146	11041.0
2017	1149	42229.0
2017	1151	201.0
2017	1160	8828.0
2017	1201	278556.0
2017	1211	4135.0
2017	1216	5656.0
2017	1219	11806.0
2017	1221	18821.0
2017	1222	3189.0
2017	1223	2847.0
2017	1224	13241.0
2017	1227	1108.0
2017	1228	7025.0
2017	1231	3377.0
2017	1232	921.0
2017	1233	1131.0
2017	1234	933.0
2017	1235	14514.0
2017	1238	8423.0
2017	1241	3895.0
2017	1242	2488.0
2017	1243	20152.0
2017	1244	5156.0
2017	1245	7058.0
2017	1246	25204.0
2017	1247	28821.0
2017	1251	4123.0
2017	1252	383.0
2017	1253	8026.0
2017	1256	8021.0
2017	1259	4913.0
2017	1260	5128.0
2017	1263	15731.0
2017	1264	2884.0
2017	1265	587.0
2017	1266	1710.0
2017	1401	11999.0
2017	1411	2371.0
2017	1412	794.0
2017	1413	1438.0
2017	1416	4190.0
2017	1417	2722.0
2017	1418	1288.0
2017	1419	2332.0
2017	1420	7941.0
2017	1421	1787.0
2017	1422	2159.0
2017	1424	5363.0
2017	1426	5151.0
2017	1428	3065.0
2017	1429	2862.0
2017	1430	2966.0
2017	1431	3049.0
2017	1432	13009.0
2017	1433	2848.0
2017	1438	3847.0
2017	1439	6031.0
2017	1441	2791.0
2017	1443	6064.0
2017	1444	1198.0
2017	1445	5783.0
2017	1449	7218.0
2017	1502	26822.0
2017	1504	47199.0
2017	1505	24442.0
2017	1506	31870.0
2017	1507	64720.0
2017	1508	55796.753602687655
2017	1511	3203.0
2017	1514	2540.0
2017	1515	8957.0
2017	1516	8457.0
2017	1517	5185.0
2017	1519	9102.0
2017	1520	10744.0
2017	1523	2296.0
2017	1524	1663.0
2017	1525	4623.0
2017	1526	1005.0
2017	1528	7695.0
2017	1529	4667.0
2017	1531	9007.0
2017	1532	8176.0
2017	1534	9312.0
2017	1535	6577.0
2017	1539	7503.0
2017	1543	2963.0
2017	1545	2085.0
2017	1546	1246.0
2017	1547	3547.0
2017	1548	9741.0
2017	1551	3454.0
2017	1554	5856.0
2017	1557	2611.0
2017	1560	3109.0
2017	1563	7126.0
2017	1566	5986.0
2017	1567	2026.0
2017	1571	1599.0
2017	1573	2160.0
2017	1576	3590.0
2017	1577	10300.0
2017	1578	2668.0
2017	1579	13195.0
2017	1580	8923.24639731235
2017	1601	190464.0
2017	1612	4259.0
2017	1613	982.0
2017	1617	4659.0
2017	1620	4937.0
2017	1621	5291.0
2017	1622	1711.0
2017	1624	6628.0
2017	1627	4822.0
2017	1630	3263.0
2017	1632	959.0
2017	1633	978.0
2017	1634	6973.0
2017	1635	2556.0
2017	1636	3960.0
2017	1638	11891.0
2017	1640	5623.0
2017	1644	2046.0
2017	1648	6319.0
2017	1653	16213.0
2017	1657	8000.0
2017	1662	6050.0
2017	1663	13820.0
2017	1664	4098.0
2017	1665	861.0
2017	1702	21972.0
2017	1703	13051.0
2017	1711	2508.0
2017	1714	23625.0
2017	1717	2630.0
2017	1718	3480.0
2017	1719	19892.0
2017	1721	14849.0
2017	1723	821.0212892660414
2017	1724	2515.0
2017	1725	1593.0
2017	1729	5978.978710733958
2017	1736	2159.0
2017	1738	1389.0
2017	1739	469.0
2017	1740	872.0
2017	1742	2467.0
2017	1743	1264.0
2017	1744	3840.0
2017	1748	628.0
2017	1749	1090.0
2017	1750	4418.0
2017	1751	5138.0
2017	1755	584.0
2017	1756	6800.0
2017	1804	51022.0
2017	1805	18756.0
2017	1806	23270.0
2017	1811	1473.0
2017	1812	2047.0
2017	1813	7956.0
2017	1815	1234.0
2017	1816	528.0
2017	1818	1788.0
2017	1820	7428.0
2017	1822	2278.0
2017	1824	13465.0
2017	1825	1469.0
2017	1826	1414.0
2017	1827	1410.0
2017	1828	1837.0
2017	1832	4524.0
2017	1833	26101.0
2017	1834	1920.0
2017	1835	465.0
2017	1836	1267.0
2017	1837	6435.0
2017	1838	2024.0
2017	1839	1043.0
2017	1840	4702.0
2017	1841	9729.0
2017	1845	1958.0
2017	1848	2543.0
2017	1849	1810.0
2017	1850	1960.0
2017	1851	2134.0
2017	1852	1252.0
2017	1853	1402.0
2017	1854	2554.0
2017	1856	535.0
2017	1857	744.0
2017	1859	1349.0
2017	1860	11294.0
2017	1865	9444.0
2017	1866	8009.0
2017	1867	2624.0
2017	1868	4580.0
2017	1870	10378.0
2017	1871	4908.0
2017	1874	1073.0
2017	1875	3770.0
2017	1901	24375.837310645362
2017	1902	74541.0
2017	1903	24845.0
2017	1911	2986.0
2017	1913	3048.0
2017	1915	469.16268935463785
2017	1917	1394.0
2017	1919	1121.0
2017	1920	1076.0
2017	1922	3994.0
2017	1923	2220.0
2017	1924	6781.0
2017	1925	3496.0
2017	1926	1138.0
2017	1927	1540.0
2017	1928	921.0
2017	1929	914.0
2017	1931	11697.0
2017	1933	5685.0
2017	1936	2273.0
2017	1938	2876.0
2017	1939	1890.0
2017	1940	2132.0
2017	1941	2912.0
2017	1942	4919.0
2017	1943	1233.0
2017	2002	2104.0
2017	2003	6154.0
2017	2004	10527.0
2017	2011	2938.0
2017	2012	20446.0
2017	2014	968.0
2017	2015	1037.0
2017	2017	1027.0
2017	2018	1204.0
2017	2019	3291.0
2017	2020	3971.0
2017	2021	2696.0
2017	2022	1330.0
2017	2023	1137.0
2017	2024	991.0
2017	2025	2911.0
2017	2027	951.0
2017	2028	2267.0
2017	2030	10199.0
2017	3001	30790.0
2017	3002	48154.0
2017	3003	55127.0
2017	3004	80121.0
2017	3005	99734.0
2017	3006	27216.0
2017	3007	30034.0
2017	3011	4517.0
2017	3012	1398.0
2017	3013	3597.0
2017	3014	43815.0
2017	3015	3783.0
2017	3016	8173.0
2017	3017	7398.0
2017	3018	5335.0
2017	3019	17188.0
2017	3020	57686.0
2017	3021	19288.0
2017	3022	15743.0
2017	3023	18869.0
2017	3024	124008.0
2017	3025	92174.0
2017	3026	16847.0
2017	3027	17730.0
2017	3028	10927.0
2017	3029	37406.0
2017	3030	82496.0
2017	3031	23213.0
2017	3032	6546.0
2017	3033	35102.0
2017	3034	21241.0
2017	3035	24415.0
2017	3036	12657.0
2017	3037	2910.0
2017	3038	6772.0
2017	3039	1081.0
2017	3040	3357.0
2017	3041	4612.0
2017	3042	2442.0
2017	3043	4719.0
2017	3044	4535.0
2017	3045	3502.0
2017	3046	2257.0
2017	3047	13786.0
2017	3048	18562.0
2017	3049	25740.0
2017	3050	2696.0
2017	3051	1399.0
2017	3052	2530.0
2017	3053	6696.0
2017	3054	9080.0
2017	3101	30790.0
2017	3103	48154.0
2017	3105	55127.0
2017	3107	80121.0
2017	3110	4517.0
2017	3112	7398.0
2017	3114	5335.0
2017	3116	3783.0
2017	3118	43815.0
2017	3120	8173.0
2017	3122	3597.0
2017	3124	1398.0
2017	3201	124008.0
2017	3203	92174.0
2017	3205	82496.0
2017	3207	57686.0
2017	3209	35102.0
2017	3212	18869.0
2017	3214	15743.0
2017	3216	17188.0
2017	3218	19288.0
2017	3220	10927.0
2017	3222	37406.0
2017	3224	17730.0
2017	3226	16847.0
2017	3228	21241.0
2017	3230	6546.0
2017	3232	23213.0
2017	3234	9080.0
2017	3236	6696.0
2017	3238	12657.0
2017	3240	24415.0
2017	3242	2910.0
2017	3301	99734.0
2017	3303	27216.0
2017	3305	30034.0
2017	3310	6772.0
2017	3312	25740.0
2017	3314	18562.0
2017	3316	13786.0
2017	3318	2257.0
2017	3320	1081.0
2017	3322	3357.0
2017	3324	4612.0
2017	3326	2442.0
2017	3328	4719.0
2017	3330	4535.0
2017	3332	3502.0
2017	3334	2696.0
2017	3336	1399.0
2017	3338	2530.0
2017	3401	17857.0
2017	3403	30598.0
2017	3405	27781.0
2017	3407	30319.0
2017	3411	33842.0
2017	3412	7633.0
2017	3413	20317.0
2017	3414	5100.0
2017	3415	7866.0
2017	3416	6127.0
2017	3417	4777.0
2017	3418	7329.0
2017	3419	3743.0
2017	3420	21086.0
2017	3421	6550.0
2017	3422	4518.0
2017	3423	2530.0
2017	3424	1858.0
2017	3425	1274.0
2017	3426	1620.0
2017	3427	5584.0
2017	3428	2441.0
2017	3429	1577.0
2017	3430	1963.0
2017	3431	2675.0
2017	3432	2048.0
2017	3433	2202.0
2017	3434	2360.0
2017	3435	3640.0
2017	3436	5723.0
2017	3437	5916.0
2017	3438	3163.0
2017	3439	4502.0
2017	3440	5082.0
2017	3441	6204.0
2017	3442	14887.0
2017	3443	13179.0
2017	3446	13707.0
2017	3447	5717.0
2017	3448	6773.0
2017	3449	3026.0
2017	3450	1351.0
2017	3451	6490.0
2017	3452	2114.0
2017	3453	3248.0
2017	3454	1596.0
2017	3801	27202.0
2017	3802	23533.0
2017	3803	54408.0
2017	3804	62019.0
2017	3805	46557.0
2017	3806	36198.0
2017	3807	54316.0
2017	3808	12757.0
2017	3811	26676.0
2017	3812	2357.0
2017	3813	14138.0
2017	3814	10586.0
2017	3815	4148.0
2017	3816	6585.0
2017	3817	10565.0
2017	3818	5894.0
2017	3819	1593.0
2017	3820	2979.0
2017	3821	2442.0
2017	3822	1476.0
2017	3823	1319.0
2017	3824	2228.0
2017	3825	3726.0
2017	3901	27202.0
2017	3903	23533.0
2017	3905	54408.0
2017	3907	62019.0
2017	3909	46557.0
2017	3911	26676.0
2017	4001	36198.0
2017	4003	54316.0
2017	4005	12757.0
2017	4010	2357.0
2017	4012	14138.0
2017	4014	10586.0
2017	4016	4148.0
2017	4018	6585.0
2017	4020	10565.0
2017	4022	2979.0
2017	4024	1593.0
2017	4026	5894.0
2017	4028	2442.0
2017	4030	1476.0
2017	4032	1319.0
2017	4034	2228.0
2017	4036	3726.0
2017	4201	6936.0
2017	4202	22692.0
2017	4203	44576.0
2017	4204	107157.0
2017	4205	22859.0
2017	4206	9769.0
2017	4207	9090.0
2017	4211	2511.0
2017	4212	2104.0
2017	4213	6051.0
2017	4214	5713.0
2017	4215	10702.0
2017	4216	5178.0
2017	4217	1856.0
2017	4218	1342.0
2017	4219	3614.0
2017	4220	1200.0
2017	4221	1246.0
2017	4222	952.0
2017	4223	14425.0
2017	4224	937.0
2017	4225	10353.0
2017	4226	1702.0
2017	4227	5988.0
2017	4228	1836.0
2017	4601	278556.0
2017	4602	18030.0
2017	4611	4135.0
2017	4612	5656.0
2017	4613	11806.0
2017	4614	18821.0
2017	4615	3189.0
2017	4616	2847.0
2017	4617	13241.0
2017	4618	11510.0
2017	4619	921.0
2017	4620	1131.0
2017	4621	15447.0
2017	4622	8423.0
2017	4623	2488.0
2017	4624	24047.0
2017	4625	5156.0
2017	4626	37175.0
2017	4627	28821.0
2017	4628	4123.0
2017	4629	383.0
2017	4630	8026.0
2017	4631	28880.0
2017	4632	2884.0
2017	4633	587.0
2017	4634	1710.0
2017	4635	2371.0
2017	4636	794.0
2017	4637	1438.0
2017	4638	4190.0
2017	4639	2722.0
2017	4640	11561.0
2017	4641	1787.0
2017	4642	2159.0
2017	4643	5363.0
2017	4644	5151.0
2017	4645	3065.0
2017	4646	2862.0
2017	4647	21872.0
2017	4648	3847.0
2017	4649	8855.0
2017	4650	5783.0
2017	4651	7218.0
2017	5001	190464.0
2017	5004	21972.0
2017	5005	13051.0
2017	5006	24487.0
2017	5007	15272.0
2017	5011	4259.0
2017	5012	982.0
2017	5013	4659.0
2017	5014	4937.0
2017	5015	5291.0
2017	5016	1711.0
2017	5017	4822.0
2017	5018	3263.0
2017	5019	959.0
2017	5020	978.0
2017	5021	6973.0
2017	5022	2556.0
2017	5023	3960.0
2017	5024	11891.0
2017	5025	5623.0
2017	5026	2046.0
2017	5027	6319.0
2017	5028	16213.0
2017	5029	8000.0
2017	5030	6050.0
2017	5031	13820.0
2017	5032	4098.0
2017	5033	861.0
2017	5034	2508.0
2017	5035	23625.0
2017	5036	2630.0
2017	5037	19892.0
2017	5038	14849.0
2017	5039	2515.0
2017	5040	1593.0
2017	5041	2159.0
2017	5042	1389.0
2017	5043	469.0
2017	5044	872.0
2017	5045	2467.0
2017	5046	1264.0
2017	5047	3840.0
2017	5048	628.0
2017	5049	1090.0
2017	5050	4418.0
2017	5051	5138.0
2017	5052	584.0
2017	5053	6800.0
2017	5054	10108.0
2017	5055	6840.0
2017	5056	5641.0
2017	5057	10113.0
2017	5058	4222.0
2017	5059	18544.0
2017	5060	9556.0
2017	5061	2026.0
2017	5401	74541.0
2017	5402	24845.0
2017	5403	20446.0
2017	5404	2104.0
2017	5405	6154.0
2017	5406	11554.0
2017	5411	2986.0
2017	5412	4300.0
2017	5413	1394.0
2017	5414	1121.0
2017	5415	1076.0
2017	5416	3994.0
2017	5417	2220.0
2017	5418	6781.0
2017	5419	3496.0
2017	5420	1138.0
2017	5421	15072.0
2017	5422	5685.0
2017	5423	2273.0
2017	5424	2876.0
2017	5425	1890.0
2017	5426	2132.0
2017	5427	2912.0
2017	5428	4919.0
2017	5429	1233.0
2017	5430	2938.0
2017	5432	968.0
2017	5433	1037.0
2017	5434	1204.0
2017	5435	3291.0
2017	5436	3971.0
2017	5437	2696.0
2017	5438	1330.0
2017	5439	1137.0
2017	5440	991.0
2017	5441	2911.0
2017	5442	951.0
2017	5443	2267.0
2017	5444	10199.0
2017	5501	74541.0
2017	5503	24845.0
2017	5510	2986.0
2017	5512	4300.0
2017	5514	1394.0
2017	5516	1121.0
2017	5518	1076.0
2017	5520	3994.0
2017	5522	2220.0
2017	5524	6781.0
2017	5526	3496.0
2017	5528	1138.0
2017	5530	15072.0
2017	5532	5685.0
2017	5534	2273.0
2017	5536	2876.0
2017	5538	1890.0
2017	5540	2132.0
2017	5542	2912.0
2017	5544	4919.0
2017	5546	1233.0
2017	5601	20446.0
2017	5603	11554.0
2017	5605	10199.0
2017	5607	6154.0
2017	5610	2696.0
2017	5612	2938.0
2017	5614	968.0
2017	5616	1037.0
2017	5618	1204.0
2017	5620	3291.0
2017	5622	3971.0
2017	5624	1330.0
2017	5626	1137.0
2017	5628	2911.0
2017	5630	991.0
2017	5632	2267.0
2017	5634	2104.0
2017	5636	951.0
2018	0101	31037.0
2018	0104	32588.0
2018	0105	55543.0
2018	0106	80977.0
2018	0111	4540.0
2018	0118	1399.0
2018	0119	3567.0
2018	0121	682.0
2018	0122	5337.0
2018	0123	5853.0
2018	0124	15810.0
2018	0125	11414.0
2018	0127	3831.0
2018	0128	8202.0
2018	0135	7465.0
2018	0136	16083.0
2018	0137	5471.0
2018	0138	5621.0
2018	0211	17486.0
2018	0213	30880.0
2018	0214	20084.0
2018	0215	15735.0
2018	0216	19287.0
2018	0217	27178.0
2018	0219	125454.0
2018	0220	60926.0
2018	0221	16390.0
2018	0226	17980.0
2018	0227	11663.0
2018	0228	17874.0
2018	0229	10945.0
2018	0230	38670.0
2018	0231	54178.0
2018	0233	23545.0
2018	0234	6704.0
2018	0235	36576.0
2018	0236	21681.0
2018	0237	24647.0
2018	0238	13240.0
2018	0239	2903.0
2018	0301	673469.0
2018	0402	17934.0
2018	0403	30930.0
2018	0412	34151.0
2018	0415	7615.0
2018	0417	20646.0
2018	0418	5097.0
2018	0419	7884.0
2018	0420	6142.0
2018	0423	4740.0
2018	0425	7279.0
2018	0426	3680.0
2018	0427	21123.0
2018	0428	6567.0
2018	0429	4480.0
2018	0430	2490.0
2018	0432	1827.0
2018	0434	1294.0
2018	0436	1553.0
2018	0437	5605.0
2018	0438	2424.0
2018	0439	1569.0
2018	0441	1936.0
2018	0501	27938.0
2018	0502	30642.0
2018	0511	2642.0
2018	0512	2038.0
2018	0513	2179.0
2018	0514	2331.0
2018	0515	3638.0
2018	0516	5728.0
2018	0517	5872.0
2018	0519	3146.0
2018	0520	4454.0
2018	0521	5130.0
2018	0522	6148.0
2018	0528	14888.0
2018	0529	13314.0
2018	0532	6777.0
2018	0533	9065.0
2018	0534	13770.0
2018	0536	5650.0
2018	0538	6750.0
2018	0540	3014.0
2018	0541	1352.0
2018	0542	6443.0
2018	0543	2139.0
2018	0544	3221.0
2018	0545	1601.0
2018	0602	68713.0
2018	0604	27410.0
2018	0605	30283.0
2018	0612	6833.0
2018	0615	1069.0
2018	0616	3341.0
2018	0617	4566.0
2018	0618	2457.0
2018	0619	4626.0
2018	0620	4520.0
2018	0621	3488.0
2018	0622	2277.0
2018	0623	13880.0
2018	0624	18926.0
2018	0625	24917.0
2018	0626	25980.0
2018	0627	22452.0
2018	0628	9450.0
2018	0631	2688.0
2018	0632	1411.0
2018	0633	2482.0
2018	0701	27317.0
2018	0702	10996.404644867136
2018	0704	45360.0
2018	0706	45242.67984987542
2018	0709	44313.02880340228
2018	0710	62615.0
2018	0711	6672.0
2018	0712	46801.0
2018	0713	9726.0
2018	0714	3215.595355132863
2018	0715	14212.0
2018	0716	9621.0
2018	0719	5862.195335414892
2018	0720	11510.124814709687
2018	0722	21795.285350127455
2018	0723	4938.714649872545
2018	0728	2487.971196597719
2018	0729	26734.0
2018	0805	36091.0
2018	0806	54510.0
2018	0807	12664.0
2018	0811	2351.0
2018	0814	14183.0
2018	0815	10506.0
2018	0817	4105.0
2018	0819	6609.0
2018	0821	6460.0
2018	0822	4359.0
2018	0826	5856.0
2018	0827	1587.0
2018	0828	2959.0
2018	0829	2397.0
2018	0830	1489.0
2018	0831	1320.0
2018	0833	2236.0
2018	0834	3709.0
2018	0901	6882.0
2018	0904	23017.0
2018	0906	44645.0
2018	0911	2467.0
2018	0912	2087.0
2018	0914	6086.0
2018	0919	5790.0
2018	0926	10871.0
2018	0928	5187.0
2018	0929	1845.0
2018	0935	1330.0
2018	0937	3625.0
2018	0938	1207.0
2018	0940	1225.0
2018	0941	958.0
2018	1001	91440.0
2018	1002	15659.0
2018	1003	9726.0
2018	1004	9066.0
2018	1014	14532.0
2018	1017	6656.0
2018	1018	11342.0
2018	1021	2308.0
2018	1026	943.0
2018	1027	1786.0
2018	1029	4938.0
2018	1032	8571.0
2018	1034	1699.0
2018	1037	6024.0
2018	1046	1842.0
2018	1101	14898.0
2018	1102	76328.0
2018	1103	133140.0
2018	1106	37167.0
2018	1108	77574.0
2018	1111	3331.0
2018	1112	3237.0
2018	1114	2826.0
2018	1119	18762.0
2018	1120	19217.0
2018	1121	18699.0
2018	1122	11866.0
2018	1124	26265.0
2018	1127	10972.0
2018	1129	1246.0
2018	1130	12638.0
2018	1133	2723.0
2018	1134	3849.0
2018	1135	4663.0
2018	1141	3197.0
2018	1142	4849.0
2018	1144	542.0
2018	1145	844.0
2018	1146	11023.0
2018	1149	42243.0
2018	1151	208.0
2018	1160	8793.0
2018	1201	279792.0
2018	1211	4083.0
2018	1216	5721.0
2018	1219	11902.0
2018	1221	18780.0
2018	1222	3194.0
2018	1223	2857.0
2018	1224	13180.0
2018	1227	1096.0
2018	1228	6835.0
2018	1231	3363.0
2018	1232	931.0
2018	1233	1117.0
2018	1234	931.0
2018	1235	14577.0
2018	1238	8455.0
2018	1241	3920.0
2018	1242	2463.0
2018	1243	20573.0
2018	1244	5189.0
2018	1245	7085.0
2018	1246	25725.0
2018	1247	29071.0
2018	1251	4127.0
2018	1252	380.0
2018	1253	8125.0
2018	1256	8079.0
2018	1259	4877.0
2018	1260	5129.0
2018	1263	15789.0
2018	1264	2902.0
2018	1265	561.0
2018	1266	1730.0
2018	1401	11988.0
2018	1411	2345.0
2018	1412	807.0
2018	1413	1378.0
2018	1416	4154.0
2018	1417	2674.0
2018	1418	1262.0
2018	1419	2345.0
2018	1420	8059.0
2018	1421	1778.0
2018	1422	2153.0
2018	1424	5277.0
2018	1426	5223.0
2018	1428	3052.0
2018	1429	2846.0
2018	1430	3006.0
2018	1431	3043.0
2018	1432	13089.0
2018	1433	2825.0
2018	1438	3767.0
2018	1439	6001.0
2018	1441	2757.0
2018	1443	6157.0
2018	1444	1175.0
2018	1445	5874.0
2018	1449	7195.0
2018	1502	26900.0
2018	1504	47510.0
2018	1505	24300.0
2018	1506	31895.0
2018	1507	65065.0
2018	1508	56094.18685350544
2018	1511	3187.0
2018	1514	2522.0
2018	1515	8965.0
2018	1516	8555.0
2018	1517	5150.0
2018	1519	9188.0
2018	1520	10812.0
2018	1523	2267.0
2018	1524	1670.0
2018	1525	4587.0
2018	1526	972.0
2018	1528	7695.0
2018	1529	4680.0
2018	1531	9131.0
2018	1532	8292.0
2018	1534	9345.0
2018	1535	6559.0
2018	1539	7507.0
2018	1543	2946.0
2018	1545	2049.0
2018	1546	1263.0
2018	1547	3557.0
2018	1548	9775.0
2018	1551	3440.0
2018	1554	5859.0
2018	1557	2623.0
2018	1560	3078.0
2018	1563	7119.0
2018	1566	5978.0
2018	1567	2039.0
2018	1571	1571.0
2018	1573	2172.0
2018	1576	3593.0
2018	1577	10363.0
2018	1578	2642.0
2018	1579	13215.0
2018	1580	8970.813146494564
2018	1601	193501.0
2018	1612	4225.0
2018	1613	987.0
2018	1617	4648.0
2018	1620	4962.0
2018	1621	5351.0
2018	1622	1684.0
2018	1624	6616.197071626434
2018	1627	4864.0
2018	1630	3277.0
2018	1632	953.0
2018	1633	967.0
2018	1634	6970.0
2018	1635	2541.0
2018	1636	3930.0
2018	1638	11933.0
2018	1640	5663.0
2018	1644	2028.0
2018	1648	6225.0
2018	1653	16424.0
2018	1657	8142.0
2018	1662	6094.0
2018	1663	13958.0
2018	1664	4093.0
2018	1665	834.0
2018	1702	22096.0
2018	1703	13078.0
2018	1711	2469.0
2018	1714	23964.0
2018	1717	2616.0
2018	1718	3473.802928373566
2018	1719	20115.0
2018	1721	14943.0
2018	1723	819.2102128926606
2018	1724	2473.0
2018	1725	1585.0
2018	1729	5965.78978710734
2018	1736	2094.0
2018	1738	1379.0
2018	1739	474.0
2018	1740	902.0
2018	1742	2400.0
2018	1743	1268.0
2018	1744	3845.0
2018	1748	618.0
2018	1749	1105.0
2018	1750	4492.0
2018	1751	5117.0
2018	1755	582.0
2018	1756	6785.0
2018	1804	51558.0
2018	1805	18638.0
2018	1806	23113.0
2018	1811	1486.0
2018	1812	2020.0
2018	1813	7948.0
2018	1815	1221.0
2018	1816	506.0
2018	1818	1790.0
2018	1820	7450.0
2018	1822	2307.0
2018	1824	13448.0
2018	1825	1463.0
2018	1826	1411.0
2018	1827	1403.0
2018	1828	1805.0
2018	1832	4503.0
2018	1833	26230.0
2018	1834	1920.0
2018	1835	454.0
2018	1836	1249.0
2018	1837	6346.0
2018	1838	1998.0
2018	1839	1029.0
2018	1840	4691.0
2018	1841	9775.0
2018	1845	1979.0
2018	1848	2534.0
2018	1849	1801.0
2018	1850	1953.0
2018	1851	2102.0
2018	1852	1259.0
2018	1853	1387.0
2018	1854	2522.0
2018	1856	517.0
2018	1857	746.0
2018	1859	1301.0
2018	1860	11397.0
2018	1865	9611.0
2018	1866	8042.0
2018	1867	2623.0
2018	1868	4541.0
2018	1870	10401.0
2018	1871	4902.0
2018	1874	1068.0
2018	1875	3754.0
2018	1901	24351.309400290516
2018	1902	75638.0
2018	1903	24820.0
2018	1911	2928.0
2018	1913	2994.0
2018	1915	468.69059970948325
2018	1917	1380.0
2018	1919	1117.0
2018	1920	1061.0
2018	1922	3979.0
2018	1923	2226.0
2018	1924	6798.0
2018	1925	3494.0
2018	1926	1165.0
2018	1927	1536.0
2018	1928	943.0
2018	1929	902.0
2018	1931	11644.0
2018	1933	5653.0
2018	1936	2263.0
2018	1938	2877.0
2018	1939	1856.0
2018	1940	2132.0
2018	1941	2925.0
2018	1942	4944.0
2018	1943	1224.0
2018	2002	2110.0
2018	2003	6033.0
2018	2004	10533.0
2018	2011	2946.0
2018	2012	20635.0
2018	2014	941.0
2018	2015	1022.0
2018	2017	1027.0
2018	2018	1231.0
2018	2019	3239.0
2018	2020	3964.0
2018	2021	2701.0
2018	2022	1349.0
2018	2023	1153.0
2018	2024	983.0
2018	2025	2922.0
2018	2027	944.0
2018	2028	2263.0
2018	2030	10171.0
2018	3001	31037.0
2018	3002	48671.0
2018	3003	55543.0
2018	3004	80977.0
2018	3005	100302.0
2018	3006	27410.0
2018	3007	30283.0
2018	3011	4540.0
2018	3012	1399.0
2018	3013	3567.0
2018	3014	44035.0
2018	3015	3831.0
2018	3016	8202.0
2018	3017	7465.0
2018	3018	5471.0
2018	3019	17486.0
2018	3020	58058.0
2018	3021	20084.0
2018	3022	15735.0
2018	3023	19287.0
2018	3024	125454.0
2018	3025	92828.0
2018	3026	17072.0
2018	3027	17874.0
2018	3028	10945.0
2018	3029	38670.0
2018	3030	83821.0
2018	3031	23545.0
2018	3032	6704.0
2018	3033	36576.0
2018	3034	21681.0
2018	3035	24647.0
2018	3036	13240.0
2018	3037	2903.0
2018	3038	6833.0
2018	3039	1069.0
2018	3040	3341.0
2018	3041	4566.0
2018	3042	2457.0
2018	3043	4626.0
2018	3044	4520.0
2018	3045	3488.0
2018	3046	2277.0
2018	3047	13880.0
2018	3048	18926.0
2018	3049	25980.0
2018	3050	2688.0
2018	3051	1411.0
2018	3052	2482.0
2018	3053	6777.0
2018	3054	9065.0
2018	3101	31037.0
2018	3103	48671.0
2018	3105	55543.0
2018	3107	80977.0
2018	3110	4540.0
2018	3112	7465.0
2018	3114	5471.0
2018	3116	3831.0
2018	3118	44035.0
2018	3120	8202.0
2018	3122	3567.0
2018	3124	1399.0
2018	3201	125454.0
2018	3203	92828.0
2018	3205	83821.0
2018	3207	58058.0
2018	3209	36576.0
2018	3212	19287.0
2018	3214	15735.0
2018	3216	17486.0
2018	3218	20084.0
2018	3220	10945.0
2018	3222	38670.0
2018	3224	17874.0
2018	3226	17072.0
2018	3228	21681.0
2018	3230	6704.0
2018	3232	23545.0
2018	3234	9065.0
2018	3236	6777.0
2018	3238	13240.0
2018	3240	24647.0
2018	3242	2903.0
2018	3301	100302.0
2018	3303	27410.0
2018	3305	30283.0
2018	3310	6833.0
2018	3312	25980.0
2018	3314	18926.0
2018	3316	13880.0
2018	3318	2277.0
2018	3320	1069.0
2018	3322	3341.0
2018	3324	4566.0
2018	3326	2457.0
2018	3328	4626.0
2018	3330	4520.0
2018	3332	3488.0
2018	3334	2688.0
2018	3336	1411.0
2018	3338	2482.0
2018	3401	17934.0
2018	3403	30930.0
2018	3405	27938.0
2018	3407	30642.0
2018	3411	34151.0
2018	3412	7615.0
2018	3413	20646.0
2018	3414	5097.0
2018	3415	7884.0
2018	3416	6142.0
2018	3417	4740.0
2018	3418	7279.0
2018	3419	3680.0
2018	3420	21123.0
2018	3421	6567.0
2018	3422	4480.0
2018	3423	2490.0
2018	3424	1827.0
2018	3425	1294.0
2018	3426	1553.0
2018	3427	5605.0
2018	3428	2424.0
2018	3429	1569.0
2018	3430	1936.0
2018	3431	2642.0
2018	3432	2038.0
2018	3433	2179.0
2018	3434	2331.0
2018	3435	3638.0
2018	3436	5728.0
2018	3437	5872.0
2018	3438	3146.0
2018	3439	4454.0
2018	3440	5130.0
2018	3441	6148.0
2018	3442	14888.0
2018	3443	13314.0
2018	3446	13770.0
2018	3447	5650.0
2018	3448	6750.0
2018	3449	3014.0
2018	3450	1352.0
2018	3451	6443.0
2018	3452	2139.0
2018	3453	3221.0
2018	3454	1601.0
2018	3801	27317.0
2018	3802	23938.0
2018	3803	54981.0
2018	3804	62615.0
2018	3805	46801.0
2018	3806	36091.0
2018	3807	54510.0
2018	3808	12664.0
2018	3811	26734.0
2018	3812	2351.0
2018	3813	14183.0
2018	3814	10506.0
2018	3815	4105.0
2018	3816	6609.0
2018	3817	10819.0
2018	3818	5856.0
2018	3819	1587.0
2018	3820	2959.0
2018	3821	2397.0
2018	3822	1489.0
2018	3823	1320.0
2018	3824	2236.0
2018	3825	3709.0
2018	3901	27317.0
2018	3903	23938.0
2018	3905	54981.0
2018	3907	62615.0
2018	3909	46801.0
2018	3911	26734.0
2018	4001	36091.0
2018	4003	54510.0
2018	4005	12664.0
2018	4010	2351.0
2018	4012	14183.0
2018	4014	10506.0
2018	4016	4105.0
2018	4018	6609.0
2018	4020	10819.0
2018	4022	2959.0
2018	4024	1587.0
2018	4026	5856.0
2018	4028	2397.0
2018	4030	1489.0
2018	4032	1320.0
2018	4034	2236.0
2018	4036	3709.0
2018	4201	6882.0
2018	4202	23017.0
2018	4203	44645.0
2018	4204	109438.0
2018	4205	22905.0
2018	4206	9726.0
2018	4207	9066.0
2018	4211	2467.0
2018	4212	2087.0
2018	4213	6086.0
2018	4214	5790.0
2018	4215	10871.0
2018	4216	5187.0
2018	4217	1845.0
2018	4218	1330.0
2018	4219	3625.0
2018	4220	1207.0
2018	4221	1225.0
2018	4222	958.0
2018	4223	14532.0
2018	4224	943.0
2018	4225	10357.0
2018	4226	1699.0
2018	4227	6024.0
2018	4228	1842.0
2018	4601	279792.0
2018	4602	17989.0
2018	4611	4083.0
2018	4612	5721.0
2018	4613	11902.0
2018	4614	18780.0
2018	4615	3194.0
2018	4616	2857.0
2018	4617	13180.0
2018	4618	11294.0
2018	4619	931.0
2018	4620	1117.0
2018	4621	15508.0
2018	4622	8455.0
2018	4623	2463.0
2018	4624	24493.0
2018	4625	5189.0
2018	4626	37687.0
2018	4627	29071.0
2018	4628	4127.0
2018	4629	380.0
2018	4630	8125.0
2018	4631	28997.0
2018	4632	2902.0
2018	4633	561.0
2018	4634	1730.0
2018	4635	2345.0
2018	4636	807.0
2018	4637	1378.0
2018	4638	4154.0
2018	4639	2674.0
2018	4640	11666.0
2018	4641	1778.0
2018	4642	2153.0
2018	4643	5277.0
2018	4644	5223.0
2018	4645	3052.0
2018	4646	2846.0
2018	4647	21963.0
2018	4648	3767.0
2018	4649	8914.0
2018	4650	5874.0
2018	4651	7195.0
2018	5001	193501.0
2018	5004	22096.0
2018	5005	13078.0
2018	5006	24569.0
2018	5007	15281.0
2018	5011	4225.0
2018	5012	987.0
2018	5013	4648.0
2018	5014	4962.0
2018	5015	5351.0
2018	5016	1684.0
2018	5017	4864.0
2018	5018	3277.0
2018	5019	953.0
2018	5020	967.0
2018	5021	6970.0
2018	5022	2541.0
2018	5023	3930.0
2018	5024	11933.0
2018	5025	5663.0
2018	5026	2028.0
2018	5027	6225.0
2018	5028	16424.0
2018	5029	8142.0
2018	5030	6094.0
2018	5031	13958.0
2018	5032	4093.0
2018	5033	834.0
2018	5034	2469.0
2018	5035	23964.0
2018	5036	2616.0
2018	5037	20115.0
2018	5038	14943.0
2018	5039	2473.0
2018	5040	1585.0
2018	5041	2094.0
2018	5042	1379.0
2018	5043	474.0
2018	5044	902.0
2018	5045	2400.0
2018	5046	1268.0
2018	5047	3845.0
2018	5048	618.0
2018	5049	1105.0
2018	5050	4492.0
2018	5051	5117.0
2018	5052	582.0
2018	5053	6785.0
2018	5054	10090.0
2018	5055	6783.0
2018	5056	5635.0
2018	5057	10215.0
2018	5058	4230.0
2018	5059	18534.0
2018	5060	9609.0
2018	5061	2039.0
2018	5401	75638.0
2018	5402	24820.0
2018	5403	20635.0
2018	5404	2110.0
2018	5405	6033.0
2018	5406	11560.0
2018	5411	2928.0
2018	5412	4253.0
2018	5413	1380.0
2018	5414	1117.0
2018	5415	1061.0
2018	5416	3979.0
2018	5417	2226.0
2018	5418	6798.0
2018	5419	3494.0
2018	5420	1165.0
2018	5421	15025.0
2018	5422	5653.0
2018	5423	2263.0
2018	5424	2877.0
2018	5425	1856.0
2018	5426	2132.0
2018	5427	2925.0
2018	5428	4944.0
2018	5429	1224.0
2018	5430	2946.0
2018	5432	941.0
2018	5433	1022.0
2018	5434	1231.0
2018	5435	3239.0
2018	5436	3964.0
2018	5437	2701.0
2018	5438	1349.0
2018	5439	1153.0
2018	5440	983.0
2018	5441	2922.0
2018	5442	944.0
2018	5443	2263.0
2018	5444	10171.0
2018	5501	75638.0
2018	5503	24820.0
2018	5510	2928.0
2018	5512	4253.0
2018	5514	1380.0
2018	5516	1117.0
2018	5518	1061.0
2018	5520	3979.0
2018	5522	2226.0
2018	5524	6798.0
2018	5526	3494.0
2018	5528	1165.0
2018	5530	15025.0
2018	5532	5653.0
2018	5534	2263.0
2018	5536	2877.0
2018	5538	1856.0
2018	5540	2132.0
2018	5542	2925.0
2018	5544	4944.0
2018	5546	1224.0
2018	5601	20635.0
2018	5603	11560.0
2018	5605	10171.0
2018	5607	6033.0
2018	5610	2701.0
2018	5612	2946.0
2018	5614	941.0
2018	5616	1022.0
2018	5618	1231.0
2018	5620	3239.0
2018	5622	3964.0
2018	5624	1349.0
2018	5626	1153.0
2018	5628	2922.0
2018	5630	983.0
2018	5632	2263.0
2018	5634	2110.0
2018	5636	944.0
2019	0101	31177.0
2019	0104	32726.0
2019	0105	55997.0
2019	0106	81772.0
2019	0111	4599.0
2019	0118	1357.0
2019	0119	3592.0
2019	0121	673.0
2019	0122	5347.0
2019	0123	6042.0
2019	0124	15865.0
2019	0125	11424.0
2019	0127	3797.0
2019	0128	8230.0
2019	0135	7542.0
2019	0136	16145.0
2019	0137	5593.0
2019	0138	5642.0
2019	0211	17824.0
2019	0213	30843.0
2019	0214	20335.0
2019	0215	15761.0
2019	0216	19488.0
2019	0217	27394.0
2019	0219	126841.0
2019	0220	61523.0
2019	0221	16500.0
2019	0226	18263.0
2019	0227	11842.0
2019	0228	18161.0
2019	0229	11026.0
2019	0230	40106.0
2019	0231	55652.0
2019	0233	24089.0
2019	0234	6823.0
2019	0235	38234.0
2019	0236	21885.0
2019	0237	24919.0
2019	0238	13682.0
2019	0239	2864.0
2019	0301	681071.0
2019	0402	17823.0
2019	0403	31144.0
2019	0412	34488.0
2019	0415	7663.0
2019	0417	20916.0
2019	0418	5024.0
2019	0419	7879.0
2019	0420	6114.0
2019	0423	4646.0
2019	0425	7214.0
2019	0426	3705.0
2019	0427	21191.0
2019	0428	6607.0
2019	0429	4407.0
2019	0430	2459.0
2019	0432	1791.0
2019	0434	1286.0
2019	0436	1551.0
2019	0437	5591.0
2019	0438	2418.0
2019	0439	1577.0
2019	0441	1912.0
2019	0501	28023.0
2019	0502	30676.0
2019	0511	2615.0
2019	0512	2009.0
2019	0513	2204.0
2019	0514	2293.0
2019	0515	3589.0
2019	0516	5742.0
2019	0517	5789.0
2019	0519	3127.0
2019	0520	4425.0
2019	0521	5119.0
2019	0522	6112.0
2019	0528	14948.0
2019	0529	13384.0
2019	0532	6846.0
2019	0533	9051.0
2019	0534	13642.0
2019	0536	5623.0
2019	0538	6671.0
2019	0540	2981.0
2019	0541	1305.0
2019	0542	6418.0
2019	0543	2135.0
2019	0544	3208.0
2019	0545	1610.0
2019	0602	68933.0
2019	0604	27481.0
2019	0605	30442.0
2019	0612	6845.0
2019	0615	1052.0
2019	0616	3315.0
2019	0617	4576.0
2019	0618	2481.0
2019	0619	4671.0
2019	0620	4473.0
2019	0621	3490.0
2019	0622	2239.0
2019	0623	13980.0
2019	0624	19117.0
2019	0625	24963.0
2019	0626	26373.0
2019	0627	22635.0
2019	0628	9521.0
2019	0631	2694.0
2019	0632	1419.0
2019	0633	2448.0
2019	0701	27334.0
2019	0702	11119.429436489278
2019	0704	45976.0
2019	0706	45716.67486674867
2019	0709	44602.76164701334
2019	0710	63271.0
2019	0711	6685.0
2019	0712	47107.0
2019	0713	9904.0
2019	0714	3251.5705635107215
2019	0715	14371.0
2019	0716	9730.0
2019	0719	5923.61193111931
2019	0720	11630.713202132021
2019	0722	21767.566351776877
2019	0723	4932.433648223122
2019	0728	2504.2383529866615
2019	0729	26700.0
2019	0805	36224.0
2019	0806	54645.0
2019	0807	12682.0
2019	0811	2329.0
2019	0814	14089.0
2019	0815	10406.0
2019	0817	4080.0
2019	0819	6538.0
2019	0821	6630.0
2019	0822	4293.0
2019	0826	5780.0
2019	0827	1572.0
2019	0828	2934.0
2019	0829	2403.0
2019	0830	1476.0
2019	0831	1286.0
2019	0833	2228.0
2019	0834	3723.0
2019	0901	6848.0
2019	0904	23246.0
2019	0906	44785.0
2019	0911	2454.0
2019	0912	2093.0
2019	0914	6069.0
2019	0919	5845.0
2019	0926	10990.0
2019	0928	5212.0
2019	0929	1848.0
2019	0935	1326.0
2019	0937	3638.0
2019	0938	1192.0
2019	0940	1156.0
2019	0941	953.0
2019	1001	92282.0
2019	1002	15659.0
2019	1003	9695.0
2019	1004	9066.0
2019	1014	14630.0
2019	1017	6706.0
2019	1018	11403.0
2019	1021	2297.0
2019	1026	939.0
2019	1027	1780.0
2019	1029	4953.0
2019	1032	8609.0
2019	1034	1683.0
2019	1037	6048.0
2019	1046	1839.0
2019	1101	14830.0
2019	1102	77246.0
2019	1103	134037.0
2019	1106	37250.0
2019	1108	78439.0
2019	1111	3305.0
2019	1112	3213.0
2019	1114	2807.0
2019	1119	18814.0
2019	1120	19354.0
2019	1121	18795.0
2019	1122	11899.0
2019	1124	26582.0
2019	1127	11053.0
2019	1129	1193.0
2019	1130	12720.0
2019	1133	2684.0
2019	1134	3794.0
2019	1135	4597.0
2019	1141	3150.0
2019	1142	4847.0
2019	1144	516.0
2019	1145	840.0
2019	1146	11028.0
2019	1149	42161.0
2019	1151	196.0
2019	1160	8743.0
2019	1201	281190.0
2019	1211	4077.0
2019	1216	5721.0
2019	1219	11960.0
2019	1221	18699.0
2019	1222	3201.0
2019	1223	2846.0
2019	1224	13137.0
2019	1227	1087.0
2019	1228	6745.0
2019	1231	3320.0
2019	1232	906.0
2019	1233	1093.0
2019	1234	937.0
2019	1235	14606.0
2019	1238	8441.0
2019	1241	3861.0
2019	1242	2465.0
2019	1243	20804.0
2019	1244	5212.0
2019	1245	7062.0
2019	1246	26166.0
2019	1247	29275.0
2019	1251	4045.0
2019	1252	380.0
2019	1253	8120.0
2019	1256	8187.0
2019	1259	4889.0
2019	1260	5091.0
2019	1263	15812.0
2019	1264	2887.0
2019	1265	562.0
2019	1266	1711.0
2019	1401	11852.0
2019	1411	2322.0
2019	1412	820.0
2019	1413	1366.0
2019	1416	4091.0
2019	1417	2672.0
2019	1418	1279.0
2019	1419	2331.0
2019	1420	8191.0
2019	1421	1764.0
2019	1422	2151.0
2019	1424	5245.0
2019	1426	5195.0
2019	1428	3038.0
2019	1429	2770.0
2019	1430	3027.0
2019	1431	3047.0
2019	1432	13092.0
2019	1433	2793.0
2019	1438	3705.0
2019	1439	5970.0
2019	1441	2747.0
2019	1443	6151.0
2019	1444	1152.0
2019	1445	5836.0
2019	1449	7167.0
2019	1502	27001.0
2019	1504	47998.0
2019	1505	24274.0
2019	1506	31976.0
2019	1507	65633.0
2019	1508	56583.87406064893
2019	1511	3163.0
2019	1514	2493.0
2019	1515	8927.0
2019	1516	8609.0
2019	1517	5155.0
2019	1519	9197.0
2019	1520	10857.0
2019	1523	2250.0
2019	1524	1645.0
2019	1525	4565.0
2019	1526	947.0
2019	1528	7657.0
2019	1529	4764.0
2019	1531	9271.0
2019	1532	8398.0
2019	1534	9383.0
2019	1535	6536.0
2019	1539	7487.0
2019	1543	2956.0
2019	1545	2019.0
2019	1546	1238.0
2019	1547	3539.0
2019	1548	9800.0
2019	1551	3433.0
2019	1554	5849.0
2019	1557	2641.0
2019	1560	3045.0
2019	1563	7106.0
2019	1566	5928.0
2019	1567	2028.0
2019	1571	1574.0
2019	1573	2134.0
2019	1576	3553.0
2019	1577	10349.0
2019	1578	2592.0
2019	1579	13233.0
2019	1580	9049.125939351074
2019	1601	196159.0
2019	1612	4228.0
2019	1613	999.0
2019	1617	4694.0
2019	1620	5068.0
2019	1621	5334.0
2019	1622	1693.0
2019	1624	6549.313810842897
2019	1627	4904.0
2019	1630	3340.0
2019	1632	957.0
2019	1633	947.0
2019	1634	6975.0
2019	1635	2501.0
2019	1636	3905.0
2019	1638	12086.0
2019	1640	5610.0
2019	1644	2025.0
2019	1648	6246.0
2019	1653	16562.0
2019	1657	8231.0
2019	1662	6076.0
2019	1663	14040.0
2019	1664	4088.0
2019	1665	794.0
2019	1702	22090.0
2019	1703	13113.0
2019	1711	2432.0
2019	1714	24028.0
2019	1717	2632.0
2019	1718	3438.6861891571034
2019	1719	20254.0
2019	1721	14933.0
2019	1723	821.5042429656097
2019	1724	2449.0
2019	1725	1576.0
2019	1729	5982.4957570343895
2019	1736	2100.0
2019	1738	1386.0
2019	1739	482.0
2019	1740	871.0
2019	1742	2374.0
2019	1743	1254.0
2019	1744	3879.0
2019	1748	605.0
2019	1749	1103.0
2019	1750	4578.0
2019	1751	5072.0
2019	1755	567.0
2019	1756	6804.0
2019	1804	52024.0
2019	1805	18630.0
2019	1806	23025.0
2019	1811	1450.0
2019	1812	2014.0
2019	1813	7916.0
2019	1815	1232.0
2019	1816	497.0
2019	1818	1780.0
2019	1820	7415.0
2019	1822	2320.0
2019	1824	13403.0
2019	1825	1493.0
2019	1826	1359.0
2019	1827	1391.0
2019	1828	1792.0
2019	1832	4501.0
2019	1833	26315.0
2019	1834	1904.0
2019	1835	456.0
2019	1836	1238.0
2019	1837	6331.0
2019	1838	1978.0
2019	1839	1022.0
2019	1840	4657.0
2019	1841	9760.0
2019	1845	1975.0
2019	1848	2576.0
2019	1849	1747.0
2019	1850	1925.0
2019	1851	2077.0
2019	1852	1259.0
2019	1853	1387.0
2019	1854	2470.0
2019	1856	508.0
2019	1857	732.0
2019	1859	1292.0
2019	1860	11480.0
2019	1865	9595.0
2019	1866	8091.0
2019	1867	2616.0
2019	1868	4449.0
2019	1870	10518.0
2019	1871	4771.0
2019	1874	1039.0
2019	1875	3672.0
2019	1901	24358.177215189873
2019	1902	76649.0
2019	1903	24827.0
2019	1911	2858.0
2019	1913	3009.0
2019	1915	468.8227848101265
2019	1917	1375.0
2019	1919	1105.0
2019	1920	1042.0
2019	1922	4030.0
2019	1923	2183.0
2019	1924	6805.0
2019	1925	3489.0
2019	1926	1129.0
2019	1927	1513.0
2019	1928	931.0
2019	1929	888.0
2019	1931	11679.0
2019	1933	5625.0
2019	1936	2252.0
2019	1938	2847.0
2019	1939	1841.0
2019	1940	2097.0
2019	1941	2917.0
2019	1942	4909.0
2019	1943	1202.0
2019	2002	2081.0
2019	2003	5894.0
2019	2004	10536.0
2019	2011	2924.0
2019	2012	20665.0
2019	2014	917.0
2019	2015	1045.0
2019	2017	988.0
2019	2018	1235.0
2019	2019	3218.0
2019	2020	3944.0
2019	2021	2673.0
2019	2022	1328.0
2019	2023	1169.0
2019	2024	981.0
2019	2025	2900.0
2019	2027	941.0
2019	2028	2270.0
2019	2030	10156.0
2019	3001	31177.0
2019	3002	48871.0
2019	3003	55997.0
2019	3004	81772.0
2019	3005	100581.0
2019	3006	27481.0
2019	3007	30442.0
2019	3011	4599.0
2019	3012	1357.0
2019	3013	3592.0
2019	3014	44320.0
2019	3015	3797.0
2019	3016	8230.0
2019	3017	7542.0
2019	3018	5593.0
2019	3019	17824.0
2019	3020	58237.0
2019	3021	20335.0
2019	3022	15761.0
2019	3023	19488.0
2019	3024	126841.0
2019	3025	93679.0
2019	3026	17173.0
2019	3027	18161.0
2019	3028	11026.0
2019	3029	40106.0
2019	3030	85757.0
2019	3031	24089.0
2019	3032	6823.0
2019	3033	38234.0
2019	3034	21885.0
2019	3035	24919.0
2019	3036	13682.0
2019	3037	2864.0
2019	3038	6845.0
2019	3039	1052.0
2019	3040	3315.0
2019	3041	4576.0
2019	3042	2481.0
2019	3043	4671.0
2019	3044	4473.0
2019	3045	3490.0
2019	3046	2239.0
2019	3047	13980.0
2019	3048	19117.0
2019	3049	26373.0
2019	3050	2694.0
2019	3051	1419.0
2019	3052	2448.0
2019	3053	6846.0
2019	3054	9051.0
2019	3101	31177.0
2019	3103	48871.0
2019	3105	55997.0
2019	3107	81772.0
2019	3110	4599.0
2019	3112	7542.0
2019	3114	5593.0
2019	3116	3797.0
2019	3118	44320.0
2019	3120	8230.0
2019	3122	3592.0
2019	3124	1357.0
2019	3201	126841.0
2019	3203	93679.0
2019	3205	85757.0
2019	3207	58237.0
2019	3209	38234.0
2019	3212	19488.0
2019	3214	15761.0
2019	3216	17824.0
2019	3218	20335.0
2019	3220	11026.0
2019	3222	40106.0
2019	3224	18161.0
2019	3226	17173.0
2019	3228	21885.0
2019	3230	6823.0
2019	3232	24089.0
2019	3234	9051.0
2019	3236	6846.0
2019	3238	13682.0
2019	3240	24919.0
2019	3242	2864.0
2019	3301	100581.0
2019	3303	27481.0
2019	3305	30442.0
2019	3310	6845.0
2019	3312	26373.0
2019	3314	19117.0
2019	3316	13980.0
2019	3318	2239.0
2019	3320	1052.0
2019	3322	3315.0
2019	3324	4576.0
2019	3326	2481.0
2019	3328	4671.0
2019	3330	4473.0
2019	3332	3490.0
2019	3334	2694.0
2019	3336	1419.0
2019	3338	2448.0
2019	3401	17823.0
2019	3403	31144.0
2019	3405	28023.0
2019	3407	30676.0
2019	3411	34488.0
2019	3412	7663.0
2019	3413	20916.0
2019	3414	5024.0
2019	3415	7879.0
2019	3416	6114.0
2019	3417	4646.0
2019	3418	7214.0
2019	3419	3705.0
2019	3420	21191.0
2019	3421	6607.0
2019	3422	4407.0
2019	3423	2459.0
2019	3424	1791.0
2019	3425	1286.0
2019	3426	1551.0
2019	3427	5591.0
2019	3428	2418.0
2019	3429	1577.0
2019	3430	1912.0
2019	3431	2615.0
2019	3432	2009.0
2019	3433	2204.0
2019	3434	2293.0
2019	3435	3589.0
2019	3436	5742.0
2019	3437	5789.0
2019	3438	3127.0
2019	3439	4425.0
2019	3440	5119.0
2019	3441	6112.0
2019	3442	14948.0
2019	3443	13384.0
2019	3446	13642.0
2019	3447	5623.0
2019	3448	6671.0
2019	3449	2981.0
2019	3450	1305.0
2019	3451	6418.0
2019	3452	2135.0
2019	3453	3208.0
2019	3454	1610.0
2019	3801	27334.0
2019	3802	24275.0
2019	3803	55706.0
2019	3804	63271.0
2019	3805	47107.0
2019	3806	36224.0
2019	3807	54645.0
2019	3808	12682.0
2019	3811	26700.0
2019	3812	2329.0
2019	3813	14089.0
2019	3814	10406.0
2019	3815	4080.0
2019	3816	6538.0
2019	3817	10923.0
2019	3818	5780.0
2019	3819	1572.0
2019	3820	2934.0
2019	3821	2403.0
2019	3822	1476.0
2019	3823	1286.0
2019	3824	2228.0
2019	3825	3723.0
2019	3901	27334.0
2019	3903	24275.0
2019	3905	55706.0
2019	3907	63271.0
2019	3909	47107.0
2019	3911	26700.0
2019	4001	36224.0
2019	4003	54645.0
2019	4005	12682.0
2019	4010	2329.0
2019	4012	14089.0
2019	4014	10406.0
2019	4016	4080.0
2019	4018	6538.0
2019	4020	10923.0
2019	4022	2934.0
2019	4024	1572.0
2019	4026	5780.0
2019	4028	2403.0
2019	4030	1476.0
2019	4032	1286.0
2019	4034	2228.0
2019	4036	3723.0
2019	4201	6848.0
2019	4202	23246.0
2019	4203	44785.0
2019	4204	110391.0
2019	4205	22909.0
2019	4206	9695.0
2019	4207	9066.0
2019	4211	2454.0
2019	4212	2093.0
2019	4213	6069.0
2019	4214	5845.0
2019	4215	10990.0
2019	4216	5212.0
2019	4217	1848.0
2019	4218	1326.0
2019	4219	3638.0
2019	4220	1192.0
2019	4221	1156.0
2019	4222	953.0
2019	4223	14630.0
2019	4224	939.0
2019	4225	10389.0
2019	4226	1683.0
2019	4227	6048.0
2019	4228	1839.0
2019	4601	281190.0
2019	4602	17822.0
2019	4611	4077.0
2019	4612	5721.0
2019	4613	11960.0
2019	4614	18699.0
2019	4615	3201.0
2019	4616	2846.0
2019	4617	13137.0
2019	4618	11152.0
2019	4619	906.0
2019	4620	1093.0
2019	4621	15543.0
2019	4622	8441.0
2019	4623	2465.0
2019	4624	24665.0
2019	4625	5212.0
2019	4626	38117.0
2019	4627	29275.0
2019	4628	4045.0
2019	4629	380.0
2019	4630	8120.0
2019	4631	29090.0
2019	4632	2887.0
2019	4633	562.0
2019	4634	1711.0
2019	4635	2322.0
2019	4636	820.0
2019	4637	1366.0
2019	4638	4091.0
2019	4639	2672.0
2019	4640	11801.0
2019	4641	1764.0
2019	4642	2151.0
2019	4643	5245.0
2019	4644	5195.0
2019	4645	3038.0
2019	4646	2770.0
2019	4647	21959.0
2019	4648	3705.0
2019	4649	8898.0
2019	4650	5836.0
2019	4651	7167.0
2019	5001	196159.0
2019	5004	22090.0
2019	5005	13113.0
2019	5006	24539.0
2019	5007	15294.0
2019	5011	4228.0
2019	5012	999.0
2019	5013	4694.0
2019	5014	5068.0
2019	5015	5334.0
2019	5016	1693.0
2019	5017	4904.0
2019	5018	3340.0
2019	5019	957.0
2019	5020	947.0
2019	5021	6975.0
2019	5022	2501.0
2019	5023	3905.0
2019	5024	12086.0
2019	5025	5610.0
2019	5026	2025.0
2019	5027	6246.0
2019	5028	16562.0
2019	5029	8231.0
2019	5030	6076.0
2019	5031	14040.0
2019	5032	4088.0
2019	5033	794.0
2019	5034	2432.0
2019	5035	24028.0
2019	5036	2632.0
2019	5037	20254.0
2019	5038	14933.0
2019	5039	2449.0
2019	5040	1576.0
2019	5041	2100.0
2019	5042	1386.0
2019	5043	482.0
2019	5044	871.0
2019	5045	2374.0
2019	5046	1254.0
2019	5047	3879.0
2019	5048	605.0
2019	5049	1103.0
2019	5050	4578.0
2019	5051	5072.0
2019	5052	567.0
2019	5053	6804.0
2019	5054	9988.0
2019	5055	6801.0
2019	5056	5693.0
2019	5057	10238.0
2019	5058	4297.0
2019	5059	18683.0
2019	5060	9650.0
2019	5061	2028.0
2019	5401	76649.0
2019	5402	24827.0
2019	5403	20665.0
2019	5404	2081.0
2019	5405	5894.0
2019	5406	11524.0
2019	5411	2858.0
2019	5412	4268.0
2019	5413	1375.0
2019	5414	1105.0
2019	5415	1042.0
2019	5416	4030.0
2019	5417	2183.0
2019	5418	6805.0
2019	5419	3489.0
2019	5420	1129.0
2019	5421	15011.0
2019	5422	5625.0
2019	5423	2252.0
2019	5424	2847.0
2019	5425	1841.0
2019	5426	2097.0
2019	5427	2917.0
2019	5428	4909.0
2019	5429	1202.0
2019	5430	2924.0
2019	5432	917.0
2019	5433	1045.0
2019	5434	1235.0
2019	5435	3218.0
2019	5436	3944.0
2019	5437	2673.0
2019	5438	1328.0
2019	5439	1169.0
2019	5440	981.0
2019	5441	2900.0
2019	5442	941.0
2019	5443	2270.0
2019	5444	10156.0
2019	5501	76649.0
2019	5503	24827.0
2019	5510	2858.0
2019	5512	4268.0
2019	5514	1375.0
2019	5516	1105.0
2019	5518	1042.0
2019	5520	4030.0
2019	5522	2183.0
2019	5524	6805.0
2019	5526	3489.0
2019	5528	1129.0
2019	5530	15011.0
2019	5532	5625.0
2019	5534	2252.0
2019	5536	2847.0
2019	5538	1841.0
2019	5540	2097.0
2019	5542	2917.0
2019	5544	4909.0
2019	5546	1202.0
2019	5601	20665.0
2019	5603	11524.0
2019	5605	10156.0
2019	5607	5894.0
2019	5610	2673.0
2019	5612	2924.0
2019	5614	917.0
2019	5616	1045.0
2019	5618	1235.0
2019	5620	3218.0
2019	5622	3944.0
2019	5624	1328.0
2019	5626	1169.0
2019	5628	2900.0
2019	5630	981.0
2019	5632	2270.0
2019	5634	2081.0
2019	5636	941.0
2020	0101	31373.0
2020	0104	32995.19547379836
2020	0105	56732.0
2020	0106	82385.0
2020	0111	4668.0
2020	0118	1325.0
2020	0119	3595.0
2020	0121	681.5041052815466
2020	0122	5403.944584837544
2020	0123	6106.346209386282
2020	0124	16033.959386281587
2020	0125	11545.663537906137
2020	0127	3805.0
2020	0128	8255.0
2020	0135	7508.0
2020	0136	16277.804526201633
2020	0137	5736.0
2020	0138	5702.0862815884475
2020	0211	18042.0
2020	0213	31399.62195854869
2020	0214	20439.0
2020	0215	15877.0
2020	0216	19616.0
2020	0217	27888.378041451313
2020	0219	127731.0
2020	0220	62023.437942335
2020	0221	16708.495894718453
2020	0226	18311.129458819687
2020	0227	11873.207854752382
2020	0228	18530.0
2020	0229	11110.0
2020	0230	41460.0
2020	0231	55798.66268642793
2020	0233	24249.0
2020	0234	6890.0
2020	0235	39625.0
2020	0236	23092.0
2020	0237	25436.0
2020	0238	14139.0
2020	0239	2854.0
2020	0301	693494.0
2020	0402	17829.0
2020	0403	31369.0
2020	0412	34768.0
2020	0415	7674.0
2020	0417	21064.0
2020	0418	5016.0
2020	0419	7905.0
2020	0420	6106.0
2020	0423	4612.0
2020	0425	7203.0
2020	0426	3662.0
2020	0427	21254.0
2020	0428	6627.0
2020	0429	4356.0
2020	0430	2419.0
2020	0432	1780.0
2020	0434	1268.0
2020	0436	1562.0
2020	0437	5578.0
2020	0438	2432.0
2020	0439	1545.0
2020	0441	1891.0
2020	0501	28345.0
2020	0502	30560.0
2020	0511	2553.0
2020	0512	1975.0
2020	0513	2197.0
2020	0514	2228.0
2020	0515	3570.0
2020	0516	5723.0
2020	0517	5739.0
2020	0519	3119.0
2020	0520	4392.0
2020	0521	5100.0
2020	0522	6106.0
2020	0528	14973.0
2020	0529	13427.0
2020	0532	6852.0
2020	0533	9048.0
2020	0534	13630.0
2020	0536	5617.0
2020	0538	6633.0
2020	0540	2954.0
2020	0541	1279.0
2020	0542	6413.0
2020	0543	2125.0
2020	0544	3229.0
2020	0545	1578.0
2020	0602	69484.70524254085
2020	0604	27723.0
2020	0605	30641.0
2020	0612	6799.0
2020	0615	1050.0
2020	0616	3273.0
2020	0617	4608.0
2020	0618	2486.0
2020	0619	4674.0
2020	0620	4441.0
2020	0621	3467.0
2020	0622	2212.0
2020	0623	14115.0
2020	0624	19423.0
2020	0625	25162.7913621857
2020	0626	26811.0
2020	0627	22819.11671772756
2020	0628	9598.445339937445
2020	0631	2688.0
2020	0632	1390.0
2020	0633	2439.0
2020	0701	27351.0
2020	0702	11313.647277110142
2020	0704	46460.47046996733
2020	0706	46072.89368278298
2020	0709	44694.60506475932
2020	0710	63764.0
2020	0711	6738.503395273462
2020	0712	47204.0
2020	0713	10076.98850669413
2020	0714	3308.364216195729
2020	0715	14622.011493305872
2020	0716	9832.529530032672
2020	0719	5969.76800075693
2020	0720	11721.33831646009
2020	0722	21792.024291497975
2020	0723	4937.975708502025
2020	0728	2509.3949352406726
2020	0729	26730.0
2020	0805	36397.0
2020	0806	54942.0
2020	0807	13049.0
2020	0811	2340.0
2020	0814	14061.0
2020	0815	10380.0
2020	0817	4060.0
2020	0819	6515.0
2020	0821	6339.258445482011
2020	0822	4104.741554517989
2020	0826	5691.0
2020	0827	1573.0
2020	0828	2888.0
2020	0829	2403.0
2020	0830	1448.0
2020	0831	1287.0
2020	0833	2201.0
2020	0834	3676.0
2020	0901	6809.0
2020	0904	23544.0
2020	0906	44999.0
2020	0911	2428.0
2020	0912	2097.0
2020	0914	6053.0
2020	0919	5951.0
2020	0926	11074.0
2020	0928	5226.0
2020	0929	1836.0
2020	0935	1331.0
2020	0937	3634.0
2020	0938	1162.0
2020	0940	1164.0
2020	0941	965.0
2020	1001	93320.25714052776
2020	1002	15752.64367715745
2020	1003	9691.0
2020	1004	9028.0
2020	1014	14774.0
2020	1017	6781.448650705221
2020	1018	11531.294208767018
2020	1021	2310.736479113012
2020	1026	932.0
2020	1027	1775.887958417557
2020	1029	4982.619843729539
2020	1032	8589.112041582443
2020	1034	1680.0
2020	1037	5987.0
2020	1046	1822.0
2020	1101	14811.0
2020	1102	78327.30022055354
2020	1103	143574.0
2020	1106	37357.0
2020	1108	79537.0
2020	1111	3280.0
2020	1112	3202.0
2020	1114	2787.0
2020	1119	18991.0
2020	1120	19588.0
2020	1121	18916.0
2020	1122	12002.0
2020	1124	27153.0
2020	1127	11221.0
2020	1129	1209.699779446449
2020	1130	12968.0
2020	1133	2574.0
2020	1134	3804.0
2020	1135	4595.0
2020	1141	3184.153794161961
2020	1142	4899.5534731120715
2020	1144	517.0
2020	1145	852.0
2020	1146	11065.0
2020	1149	42186.0
2020	1151	198.0
2020	1160	8714.0
2020	1201	283929.0
2020	1211	4062.0
2020	1216	5766.0
2020	1219	11957.0
2020	1221	18759.0
2020	1222	3189.0
2020	1223	2869.0
2020	1224	13071.0
2020	1227	1076.8629842180776
2020	1228	6682.098278335725
2020	1231	3289.0387374461984
2020	1232	906.0
2020	1233	1080.0
2020	1234	948.8760213600979
2020	1235	14791.123978639902
2020	1238	8457.0
2020	1241	3899.0386377457935
2020	1242	2485.0
2020	1243	21008.961362254206
2020	1244	5236.0
2020	1245	7098.869061048876
2020	1246	26302.606605976336
2020	1247	29553.0
2020	1251	3977.0
2020	1252	388.0
2020	1253	8098.0
2020	1256	8224.712547267101
2020	1259	4914.524332974788
2020	1260	5114.451151598488
2020	1263	15884.836301134412
2020	1264	2870.0
2020	1265	548.0
2020	1266	1691.0
2020	1401	11443.012232072719
2020	1411	2297.0
2020	1412	802.0
2020	1413	1328.0
2020	1416	4101.0
2020	1417	2635.0
2020	1418	1283.9855097025675
2020	1419	2340.0861791373613
2020	1420	8222.92831116007
2020	1421	1781.0
2020	1422	2126.0
2020	1424	5193.0
2020	1426	5174.0
2020	1428	3011.0
2020	1429	2802.0
2020	1430	3036.787194316681
2020	1431	3056.851860285077
2020	1432	13134.33034291179
2020	1433	2802.0306024864517
2020	1438	3629.0
2020	1439	5763.987767927281
2020	1441	2919.5750730501236
2020	1443	6537.424926949877
2020	1444	1165.803072760653
2020	1445	5854.0
2020	1449	7130.0
2020	1502	26993.400268951715
2020	1504	48455.06809074703
2020	1505	24179.0
2020	1506	31967.0
2020	1507	66258.0
2020	1508	57122.702413579704
2020	1511	3117.0
2020	1514	2461.0
2020	1515	8900.0
2020	1516	8571.0
2020	1517	5175.0
2020	1519	9307.196927239347
2020	1520	10825.0
2020	1523	2271.4259595020794
2020	1524	1617.710262345679
2020	1525	4523.0
2020	1526	931.2897376543209
2020	1528	7625.0
2020	1529	4809.365898252403
2020	1531	9310.0
2020	1532	8462.0
2020	1534	9472.351012448005
2020	1535	6532.0
2020	1539	7468.0
2020	1543	2955.1680010007503
2020	1545	2018.4317300475357
2020	1546	1249.7890390504779
2020	1547	3509.0
2020	1548	9834.06634927832
2020	1551	3444.933650721681
2020	1554	5788.0
2020	1557	2629.0
2020	1560	3025.0
2020	1563	7036.0
2020	1566	5920.0
2020	1567	2003.0
2020	1571	1380.0561682105574
2020	1573	2150.0
2020	1576	3507.0
2020	1577	10473.0
2020	1578	2549.0
2020	1579	13279.0
2020	1580	9135.2975864203
2020	1601	205163.0
2020	1612	3707.0377885605058
2020	1613	875.9060432289368
2020	1617	4163.832777094678
2020	1620	5151.0
2020	1621	5378.285016604806
2020	1622	1650.7724134239684
2020	1624	6612.262762168579
2020	1627	4944.714983395194
2020	1630	3333.0044216895512
2020	1632	954.9955783104491
2020	1633	948.0
2020	1634	7001.0
2020	1635	2486.0
2020	1636	3807.5996895573517
2020	1638	11784.545415618477
2020	1640	5581.0
2020	1644	1981.0
2020	1648	6238.0
2020	1653	16733.0
2020	1657	8325.0
2020	1662	6163.969579944124
2020	1663	14148.0
2020	1664	4062.0
2020	1665	769.0
2020	1702	21926.163657850768
2020	1703	13058.126716359357
2020	1711	2422.0
2020	1714	24145.0
2020	1717	2627.0
2020	1718	3471.7372378314208
2020	1719	20164.0
2020	1721	14948.0
2020	1723	822.9531040643146
2020	1724	2430.8363421492318
2020	1725	1569.4049954230418
2020	1729	5993.046895935686
2020	1736	2063.0
2020	1738	1355.0
2020	1739	461.0
2020	1740	843.0
2020	1742	2359.0
2020	1743	1231.0
2020	1744	3884.0
2020	1748	602.4682882176016
2020	1749	1103.0
2020	1750	4565.191088082902
2020	1751	5057.808911917098
2020	1755	557.0
2020	1756	6816.0
2020	1804	52357.0
2020	1805	17675.23778501629
2020	1806	21845.0
2020	1811	1426.0
2020	1812	1975.0
2020	1813	7917.0
2020	1815	1200.0
2020	1816	462.0
2020	1818	1777.0
2020	1820	7447.0
2020	1822	2294.0
2020	1824	13278.0
2020	1825	1482.0
2020	1826	1297.0
2020	1827	1371.0
2020	1828	1761.0
2020	1832	4454.0
2020	1833	26184.0
2020	1834	1890.0
2020	1835	435.0
2020	1836	1213.0
2020	1837	6288.0
2020	1838	1950.0
2020	1839	1017.0
2020	1840	4671.0
2020	1841	9739.0
2020	1845	1926.0
2020	1848	2608.0
2020	1849	1315.9591503267973
2020	1850	1826.3463626492942
2020	1851	2034.0
2020	1852	1243.6607310215559
2020	1853	1348.0
2020	1854	2343.415852334419
2020	1856	498.0
2020	1857	728.0
2020	1859	1272.0
2020	1860	11433.0
2020	1865	9608.0
2020	1866	8061.0
2020	1867	2569.0
2020	1868	4410.0
2020	1870	10566.0
2020	1871	4663.0
2020	1874	1015.0
2020	1875	2766.0
2020	1901	24236.51877982984
2020	1902	76974.0
2020	1903	24703.0
2020	1911	2839.0
2020	1913	2972.339268978444
2020	1915	466.48122017015976
2020	1917	1361.0
2020	1919	1091.0
2020	1920	1034.0
2020	1922	4005.0
2020	1923	2146.0
2020	1924	6640.0
2020	1925	3464.0
2020	1926	1083.0
2020	1927	1496.873159682899
2020	1928	921.0766104856439
2020	1929	878.534941043235
2020	1931	11554.515288788223
2020	1933	5559.0
2020	1936	2200.0
2020	1938	2794.0
2020	1939	1829.0
2020	1940	2071.0
2020	1941	2927.0
2020	1942	4861.0
2020	1943	1191.0
2020	2002	2029.0
2020	2003	5788.0
2020	2004	10466.515793127386
2020	2011	2910.0
2020	2012	20789.0
2020	2014	888.0
2020	2015	1005.0
2020	2017	981.4842068726136
2020	2018	1225.0
2020	2019	3162.0
2020	2020	3998.0
2020	2021	2628.0
2020	2022	1290.0
2020	2023	1132.0
2020	2024	957.0
2020	2025	2918.0
2020	2027	926.0
2020	2028	2221.0
2020	2030	10158.0
2020	3001	31373.0
2020	3002	49273.0
2020	3003	56732.0
2020	3004	82385.0
2020	3005	101386.0
2020	3006	27723.0
2020	3007	30641.0
2020	3011	4668.0
2020	3012	1325.0
2020	3013	3595.0
2020	3014	44792.0
2020	3015	3805.0
2020	3016	8255.0
2020	3017	7508.0
2020	3018	5736.0
2020	3019	18042.0
2020	3020	59288.0
2020	3021	20439.0
2020	3022	15877.0
2020	3023	19616.0
2020	3024	127731.0
2020	3025	94441.0
2020	3026	17390.0
2020	3027	18530.0
2020	3028	11110.0
2020	3029	41460.0
2020	3030	85983.0
2020	3031	24249.0
2020	3032	6890.0
2020	3033	39625.0
2020	3034	23092.0
2020	3035	25436.0
2020	3036	14139.0
2020	3037	2854.0
2020	3038	6799.0
2020	3039	1050.0
2020	3040	3273.0
2020	3041	4608.0
2020	3042	2486.0
2020	3043	4674.0
2020	3044	4441.0
2020	3045	3467.0
2020	3046	2212.0
2020	3047	14115.0
2020	3048	19423.0
2020	3049	26811.0
2020	3050	2688.0
2020	3051	1390.0
2020	3052	2439.0
2020	3053	6852.0
2020	3054	9048.0
2020	3101	31373.0
2020	3103	49273.0
2020	3105	56732.0
2020	3107	82385.0
2020	3110	4668.0
2020	3112	7508.0
2020	3114	5736.0
2020	3116	3805.0
2020	3118	44792.0
2020	3120	8255.0
2020	3122	3595.0
2020	3124	1325.0
2020	3201	127731.0
2020	3203	94441.0
2020	3205	85983.0
2020	3207	59288.0
2020	3209	39625.0
2020	3212	19616.0
2020	3214	15877.0
2020	3216	18042.0
2020	3218	20439.0
2020	3220	11110.0
2020	3222	41460.0
2020	3224	18530.0
2020	3226	17390.0
2020	3228	23092.0
2020	3230	6890.0
2020	3232	24249.0
2020	3234	9048.0
2020	3236	6852.0
2020	3238	14139.0
2020	3240	25436.0
2020	3242	2854.0
2020	3301	101386.0
2020	3303	27723.0
2020	3305	30641.0
2020	3310	6799.0
2020	3312	26811.0
2020	3314	19423.0
2020	3316	14115.0
2020	3318	2212.0
2020	3320	1050.0
2020	3322	3273.0
2020	3324	4608.0
2020	3326	2486.0
2020	3328	4674.0
2020	3330	4441.0
2020	3332	3467.0
2020	3334	2688.0
2020	3336	1390.0
2020	3338	2439.0
2020	3401	17829.0
2020	3403	31369.0
2020	3405	28345.0
2020	3407	30560.0
2020	3411	34768.0
2020	3412	7674.0
2020	3413	21064.0
2020	3414	5016.0
2020	3415	7905.0
2020	3416	6106.0
2020	3417	4612.0
2020	3418	7203.0
2020	3419	3662.0
2020	3420	21254.0
2020	3421	6627.0
2020	3422	4356.0
2020	3423	2419.0
2020	3424	1780.0
2020	3425	1268.0
2020	3426	1562.0
2020	3427	5578.0
2020	3428	2432.0
2020	3429	1545.0
2020	3430	1891.0
2020	3431	2553.0
2020	3432	1975.0
2020	3433	2197.0
2020	3434	2228.0
2020	3435	3570.0
2020	3436	5723.0
2020	3437	5739.0
2020	3438	3119.0
2020	3439	4392.0
2020	3440	5100.0
2020	3441	6106.0
2020	3442	14973.0
2020	3443	13427.0
2020	3446	13630.0
2020	3447	5617.0
2020	3448	6633.0
2020	3449	2954.0
2020	3450	1279.0
2020	3451	6413.0
2020	3452	2125.0
2020	3453	3229.0
2020	3454	1578.0
2020	3801	27351.0
2020	3802	24699.0
2020	3803	56293.0
2020	3804	63764.0
2020	3805	47204.0
2020	3806	36397.0
2020	3807	54942.0
2020	3808	13049.0
2020	3811	26730.0
2020	3812	2340.0
2020	3813	14061.0
2020	3814	10380.0
2020	3815	4060.0
2020	3816	6515.0
2020	3817	10444.0
2020	3818	5691.0
2020	3819	1573.0
2020	3820	2888.0
2020	3821	2403.0
2020	3822	1448.0
2020	3823	1287.0
2020	3824	2201.0
2020	3825	3676.0
2020	3901	27351.0
2020	3903	24699.0
2020	3905	56293.0
2020	3907	63764.0
2020	3909	47204.0
2020	3911	26730.0
2020	4001	36397.0
2020	4003	54942.0
2020	4005	13049.0
2020	4010	2340.0
2020	4012	14061.0
2020	4014	10380.0
2020	4016	4060.0
2020	4018	6515.0
2020	4020	10444.0
2020	4022	2888.0
2020	4024	1573.0
2020	4026	5691.0
2020	4028	2403.0
2020	4030	1448.0
2020	4032	1287.0
2020	4034	2201.0
2020	4036	3676.0
2020	4201	6809.0
2020	4202	23544.0
2020	4203	44999.0
2020	4204	111633.0
2020	4205	23046.0
2020	4206	9691.0
2020	4207	9028.0
2020	4211	2428.0
2020	4212	2097.0
2020	4213	6053.0
2020	4214	5951.0
2020	4215	11074.0
2020	4216	5226.0
2020	4217	1836.0
2020	4218	1331.0
2020	4219	3634.0
2020	4220	1162.0
2020	4221	1164.0
2020	4222	965.0
2020	4223	14774.0
2020	4224	932.0
2020	4225	10365.0
2020	4226	1680.0
2020	4227	5987.0
2020	4228	1822.0
2020	4601	283929.0
2020	4602	17207.0
2020	4611	4062.0
2020	4612	5766.0
2020	4613	11957.0
2020	4614	18759.0
2020	4615	3189.0
2020	4616	2869.0
2020	4617	13071.0
2020	4618	11048.0
2020	4619	906.0
2020	4620	1080.0
2020	4621	15740.0
2020	4622	8457.0
2020	4623	2485.0
2020	4624	24908.0
2020	4625	5236.0
2020	4626	38316.0
2020	4627	29553.0
2020	4628	3977.0
2020	4629	388.0
2020	4630	8098.0
2020	4631	29224.0
2020	4632	2870.0
2020	4633	548.0
2020	4634	1691.0
2020	4635	2297.0
2020	4636	802.0
2020	4637	1328.0
2020	4638	4101.0
2020	4639	2635.0
2020	4640	11847.0
2020	4641	1781.0
2020	4642	2126.0
2020	4643	5193.0
2020	4644	5174.0
2020	4645	3011.0
2020	4646	2802.0
2020	4647	22030.0
2020	4648	3629.0
2020	4649	9457.0
2020	4650	5854.0
2020	4651	7130.0
2020	5001	205163.0
2020	5004	21926.163657850768
2020	5005	13058.126716359357
2020	5006	24357.0
2020	5007	15230.0
2020	5011	3707.0377885605058
2020	5012	875.9060432289368
2020	5013	4163.832777094678
2020	5014	5151.0
2020	5015	5378.285016604806
2020	5016	1650.7724134239684
2020	5017	4944.714983395194
2020	5018	3333.0044216895512
2020	5019	954.9955783104491
2020	5020	948.0
2020	5021	7001.0
2020	5022	2486.0
2020	5023	3807.5996895573517
2020	5024	11784.545415618477
2020	5025	5581.0
2020	5026	1981.0
2020	5027	6238.0
2020	5028	16733.0
2020	5029	8325.0
2020	5030	6163.969579944124
2020	5031	14148.0
2020	5032	4062.0
2020	5033	769.0
2020	5034	2422.0
2020	5035	24145.0
2020	5036	2627.0
2020	5037	20164.0
2020	5038	14948.0
2020	5039	2430.8363421492318
2020	5040	1569.4049954230418
2020	5041	2063.0
2020	5042	1355.0
2020	5043	461.0
2020	5044	843.0
2020	5045	2359.0
2020	5046	1231.0
2020	5047	3884.0
2020	5048	602.4682882176016
2020	5049	1103.0
2020	5050	4565.191088082902
2020	5051	5057.808911917098
2020	5052	557.0
2020	5053	6816.0
2020	5054	10084.0
2020	5055	5963.0
2020	5056	5050.0
2020	5057	10323.0
2020	5058	4288.0
2020	5059	18217.0
2020	5060	9623.0
2020	5061	2003.0
2020	5401	76974.0
2020	5402	24703.0
2020	5403	20789.0
2020	5404	2029.0
2020	5405	5788.0
2020	5406	11448.0
2020	5411	2839.0
2020	5412	4216.0
2020	5413	1361.0
2020	5414	1091.0
2020	5415	1034.0
2020	5416	4005.0
2020	5417	2146.0
2020	5418	6640.0
2020	5419	3464.0
2020	5420	1083.0
2020	5421	14851.0
2020	5422	5559.0
2020	5423	2200.0
2020	5424	2794.0
2020	5425	1829.0
2020	5426	2071.0
2020	5427	2927.0
2020	5428	4861.0
2020	5429	1191.0
2020	5430	2910.0
2020	5432	888.0
2020	5433	1005.0
2020	5434	1225.0
2020	5435	3162.0
2020	5436	3998.0
2020	5437	2628.0
2020	5438	1290.0
2020	5439	1132.0
2020	5440	957.0
2020	5441	2918.0
2020	5442	926.0
2020	5443	2221.0
2020	5444	10158.0
2020	5501	76974.0
2020	5503	24703.0
2020	5510	2839.0
2020	5512	4216.0
2020	5514	1361.0
2020	5516	1091.0
2020	5518	1034.0
2020	5520	4005.0
2020	5522	2146.0
2020	5524	6640.0
2020	5526	3464.0
2020	5528	1083.0
2020	5530	14851.0
2020	5532	5559.0
2020	5534	2200.0
2020	5536	2794.0
2020	5538	1829.0
2020	5540	2071.0
2020	5542	2927.0
2020	5544	4861.0
2020	5546	1191.0
2020	5601	20789.0
2020	5603	11448.0
2020	5605	10158.0
2020	5607	5788.0
2020	5610	2628.0
2020	5612	2910.0
2020	5614	888.0
2020	5616	1005.0
2020	5618	1225.0
2020	5620	3162.0
2020	5622	3998.0
2020	5624	1290.0
2020	5626	1132.0
2020	5628	2918.0
2020	5630	957.0
2020	5632	2221.0
2020	5634	2029.0
2020	5636	926.0
2021	0101	31387.0
2021	0104	33259.70346422213
2021	0105	57372.0
2021	0106	83193.0
2021	0111	4694.0
2021	0118	1325.0
2021	0119	3601.0
2021	0121	689.3811797589238
2021	0122	5453.28851534296
2021	0123	6162.103835740072
2021	0124	16180.366990072202
2021	0125	11651.0880866426
2021	0127	3825.0
2021	0128	8222.0
2021	0135	7568.0
2021	0136	16408.296535777867
2021	0137	5805.0
2021	0138	5754.152572202166
2021	0211	18290.0
2021	0213	31794.7123306489
2021	0214	20439.0
2021	0215	15953.0
2021	0216	19805.0
2021	0217	28239.287669351103
2021	0219	128233.0
2021	0220	62334.733985204795
2021	0221	16901.618820241078
2021	0226	18517.702799771447
2021	0227	12007.153072052428
2021	0228	18730.0
2021	0229	11065.0
2021	0230	42740.0
2021	0231	56428.14412817613
2021	0233	24454.0
2021	0234	7043.0
2021	0235	40459.0
2021	0236	23422.0
2021	0237	26031.0
2021	0238	14637.0
2021	0239	2838.0
2021	0301	697010.0
2021	0402	17851.0
2021	0403	31509.0
2021	0412	34897.0
2021	0415	7625.0
2021	0417	21072.0
2021	0418	5038.0
2021	0419	7914.0
2021	0420	6099.0
2021	0423	4545.0
2021	0425	7227.0
2021	0426	3587.0
2021	0427	21292.0
2021	0428	6580.0
2021	0429	4338.0
2021	0430	2378.0
2021	0432	1741.0
2021	0434	1250.0
2021	0436	1563.0
2021	0437	5537.0
2021	0438	2405.0
2021	0439	1518.0
2021	0441	1870.0
2021	0501	28493.0
2021	0502	30395.0
2021	0511	2512.0
2021	0512	1980.0
2021	0513	2183.0
2021	0514	2204.0
2021	0515	3564.0
2021	0516	5705.0
2021	0517	5592.0
2021	0519	3064.0
2021	0520	4408.0
2021	0521	5093.0
2021	0522	6023.0
2021	0528	14871.0
2021	0529	13459.0
2021	0532	6867.0
2021	0533	9062.0
2021	0534	13611.0
2021	0536	5579.0
2021	0538	6581.0
2021	0540	2904.0
2021	0541	1257.0
2021	0542	6360.0
2021	0543	2120.0
2021	0544	3236.0
2021	0545	1573.0
2021	0602	69808.87490679155
2021	0604	27694.0
2021	0605	30835.0
2021	0612	6811.0
2021	0615	1049.0
2021	0616	3262.0
2021	0617	4636.0
2021	0618	2546.0
2021	0619	4648.0
2021	0620	4434.0
2021	0621	3465.0
2021	0622	2219.0
2021	0623	14166.0
2021	0624	19709.0
2021	0625	25280.184299221517
2021	0626	27118.0
2021	0627	22933.64601458171
2021	0628	9646.620000213494
2021	0631	2713.0
2021	0632	1386.0
2021	0633	2412.0
2021	0701	27510.0
2021	0702	11456.562291906626
2021	0704	47065.43955767781
2021	0706	46492.69719620273
2021	0709	44973.92267543012
2021	0710	64345.0
2021	0711	6769.940793986936
2021	0712	47499.0
2021	0713	10204.281936148302
2021	0714	3350.155771945074
2021	0715	14806.7180638517
2021	0716	9960.560442322192
2021	0719	6024.162882013435
2021	0720	11828.139921783833
2021	0722	21977.089368720946
2021	0723	4979.910631279053
2021	0728	2525.0773245698824
2021	0729	26957.0
2021	0805	36526.0
2021	0806	55144.0
2021	0807	12994.0
2021	0811	2347.0
2021	0814	14014.0
2021	0815	10416.0
2021	0817	4071.0
2021	0819	6488.0
2021	0821	6349.577039274925
2021	0822	4111.422960725075
2021	0826	5604.0
2021	0827	1561.0
2021	0828	2900.0
2021	0829	2430.0
2021	0830	1430.0
2021	0831	1228.0
2021	0833	2164.0
2021	0834	3756.0
2021	0901	6762.0
2021	0904	23891.0
2021	0906	45065.0
2021	0911	2430.0
2021	0912	2128.0
2021	0914	6067.0
2021	0919	6004.0
2021	0926	11180.0
2021	0928	5274.0
2021	0929	1822.0
2021	0935	1335.0
2021	0937	3619.0
2021	0938	1142.0
2021	0940	1169.0
2021	0941	930.0
2021	1001	94118.5949579223
2021	1002	15758.795451569253
2021	1003	9645.0
2021	1004	9027.0
2021	1014	14935.0
2021	1017	6839.462709822358
2021	1018	11629.942332255345
2021	1021	2311.6388755510934
2021	1026	927.0
2021	1027	1792.8501299451343
2021	1029	4984.565672879654
2021	1032	8671.149870054865
2021	1034	1690.0
2021	1037	5922.0
2021	1046	1772.0
2021	1101	14787.0
2021	1102	79226.4141562233
2021	1103	144147.0
2021	1106	37323.0
2021	1108	80450.0
2021	1111	3257.0
2021	1112	3174.0
2021	1114	2791.0
2021	1119	19120.0
2021	1120	19848.0
2021	1121	19106.0
2021	1122	12064.0
2021	1124	27457.0
2021	1127	11315.0
2021	1129	1223.5858437766929
2021	1130	13070.0
2021	1133	2580.0
2021	1134	3809.0
2021	1135	4561.0
2021	1141	3026.461531283534
2021	1142	4656.907632422633
2021	1144	507.0
2021	1145	859.0
2021	1146	11178.0
2021	1149	42345.0
2021	1151	192.0
2021	1160	8705.0
2021	1201	285601.0
2021	1211	4053.0
2021	1216	5798.0
2021	1219	11953.0
2021	1221	18861.0
2021	1222	3147.0
2021	1223	2924.0
2021	1224	13039.0
2021	1227	1072.379304160689
2021	1228	6654.276362984218
2021	1231	3275.3443328550934
2021	1232	903.0
2021	1233	1061.0
2021	1234	951.7093868622532
2021	1235	14835.290613137746
2021	1238	8461.0
2021	1241	3921.1104398945877
2021	1242	2504.0
2021	1243	21127.889560105414
2021	1244	5276.0
2021	1245	7163.343599968518
2021	1246	26541.496550095755
2021	1247	29594.0
2021	1251	3918.0
2021	1252	376.0
2021	1253	8080.0
2021	1256	8256.514919216224
2021	1259	4959.159849935724
2021	1260	5134.227122722586
2021	1263	15946.257958061191
2021	1264	2860.0
2021	1265	525.0
2021	1266	1660.0
2021	1401	11411.756256312423
2021	1411	2272.0
2021	1412	786.0
2021	1413	1294.0
2021	1416	4049.0
2021	1417	2611.0
2021	1418	1293.8481484619947
2021	1419	2358.0610117786628
2021	1420	8286.090839759341
2021	1421	1777.0
2021	1422	2129.0
2021	1424	5170.0
2021	1426	5189.0
2021	1428	2991.0
2021	1429	2885.0
2021	1430	3035.408716243909
2021	1431	3055.464274329432
2021	1432	13128.368322783368
2021	1433	2800.7586866432894
2021	1438	3597.0
2021	1439	5748.243743687577
2021	1441	2938.0983367048775
2021	1443	6578.901663295123
2021	1444	1200.0881244564691
2021	1445	5885.0
2021	1449	7118.0
2021	1502	26911.492056542407
2021	1504	48756.36737616747
2021	1505	24099.0
2021	1506	31870.0
2021	1507	66670.0
2021	1508	57477.89806383167
2021	1511	3083.0
2021	1514	2445.0
2021	1515	8858.0
2021	1516	8575.0
2021	1517	5140.0
2021	1519	9580.91187554353
2021	1520	10830.0
2021	1523	2285.5499520058506
2021	1524	1587.8819444444446
2021	1525	4482.0
2021	1526	914.1180555555555
2021	1528	7596.0
2021	1529	4839.271098380388
2021	1531	9409.0
2021	1532	8506.0
2021	1534	9531.251199853732
2021	1535	6958.0
2021	1539	7026.0
2021	1543	2946.2009006755065
2021	1545	2012.3070427820867
2021	1546	1257.5603735925527
2021	1547	3522.0
2021	1548	9862.208116073452
2021	1551	3454.7918839265467
2021	1554	5808.0
2021	1557	2658.0
2021	1560	2985.0
2021	1563	6956.0
2021	1566	5872.0
2021	1567	1989.0
2021	1571	1374.964564034701
2021	1573	2128.0
2021	1576	3468.0
2021	1577	10781.0
2021	1578	2502.0
2021	1579	13317.0
2021	1580	9192.101936168332
2021	1601	207595.0
2021	1612	3693.3609763270106
2021	1613	872.6744596382885
2021	1617	4246.668574958485
2021	1620	5204.0
2021	1621	5369.428013283845
2021	1622	1667.2790627146883
2021	1624	6523.085081123862
2021	1627	4936.571986716155
2021	1630	3319.7905515475913
2021	1632	951.2094484524087
2021	1633	925.0
2021	1634	6981.0
2021	1635	2454.0
2021	1636	3845.6732072657164
2021	1638	11902.38319667438
2021	1640	5550.0
2021	1644	1968.0
2021	1648	6243.0
2021	1653	16949.0
2021	1657	8367.0
2021	1662	6055.115764409945
2021	1663	14334.0
2021	1664	4069.0
2021	1665	759.0
2021	1702	21741.622723012348
2021	1703	12943.235778736758
2021	1711	2413.0
2021	1714	24283.0
2021	1717	2609.0
2021	1718	3424.914918876138
2021	1719	20170.0
2021	1721	14986.0
2021	1723	816.6747059699273
2021	1724	2410.3772769876523
2021	1725	1555.5967045900354
2021	1729	5947.325294030074
2021	1736	2054.0
2021	1738	1328.0
2021	1739	459.0
2021	1740	846.0
2021	1742	2347.0
2021	1743	1215.0
2021	1744	3865.0
2021	1748	597.1675166732052
2021	1749	1100.0
2021	1750	4545.266113989637
2021	1751	5035.733886010363
2021	1755	563.0
2021	1756	6764.0
2021	1804	52560.0
2021	1805	17526.359609120525
2021	1806	21661.0
2021	1811	1397.0
2021	1812	1990.0
2021	1813	7803.0
2021	1815	1182.0
2021	1816	465.0
2021	1818	1793.0
2021	1820	7394.0
2021	1822	2278.0
2021	1824	13268.0
2021	1825	1453.0
2021	1826	1267.0
2021	1827	1371.0
2021	1828	1701.0
2021	1832	4428.0
2021	1833	26083.0
2021	1834	1876.0
2021	1835	442.0
2021	1836	1206.0
2021	1837	6247.0
2021	1838	1920.0
2021	1839	999.0
2021	1840	4632.0
2021	1841	9640.0
2021	1845	1912.0
2021	1848	2586.0
2021	1849	1131.1457941803646
2021	1850	1810.9630836047772
2021	1851	2003.0
2021	1852	1241.5958294283037
2021	1853	1324.0
2021	1854	2323.6773072747014
2021	1856	488.0
2021	1857	698.0
2021	1859	1238.0
2021	1860	11521.0
2021	1865	9670.0
2021	1866	8065.0
2021	1867	2576.0
2021	1868	4416.0
2021	1870	10514.0
2021	1871	4588.0
2021	1874	989.0
2021	1875	2701.0
2021	1901	24270.857854326623
2021	1902	77095.0
2021	1903	24738.0
2021	1911	2822.0
2021	1913	2967.4041705716963
2021	1915	467.14214567337615
2021	1917	1320.0
2021	1919	1092.0
2021	1920	1020.0
2021	1922	3959.0
2021	1923	2089.0
2021	1924	6609.0
2021	1925	3465.0
2021	1926	1063.0
2021	1927	1484.173272933182
2021	1928	913.2619412430884
2021	1929	871.0812071147824
2021	1931	11456.483578708947
2021	1933	5559.0
2021	1936	2172.0
2021	1938	2773.0
2021	1939	1831.0
2021	1940	2072.0
2021	1941	2893.0
2021	1942	4812.0
2021	1943	1166.0
2021	2002	1959.0
2021	2003	5642.0
2021	2004	10359.546685178757
2021	2011	2920.0
2021	2012	20847.0
2021	2014	860.0
2021	2015	983.0
2021	2017	971.4533148212427
2021	2018	1197.0
2021	2019	3075.0
2021	2020	3921.0
2021	2021	2641.0
2021	2022	1271.0
2021	2023	1097.0
2021	2024	928.0
2021	2025	2829.0
2021	2027	880.0
2021	2028	2200.0
2021	2030	10103.0
2021	3001	31387.0
2021	3002	49668.0
2021	3003	57372.0
2021	3004	83193.0
2021	3005	101859.0
2021	3006	27694.0
2021	3007	30835.0
2021	3011	4694.0
2021	3012	1325.0
2021	3013	3601.0
2021	3014	45201.0
2021	3015	3825.0
2021	3016	8222.0
2021	3017	7568.0
2021	3018	5805.0
2021	3019	18290.0
2021	3020	60034.0
2021	3021	20439.0
2021	3022	15953.0
2021	3023	19805.0
2021	3024	128233.0
2021	3025	94915.0
2021	3026	17591.0
2021	3027	18730.0
2021	3028	11065.0
2021	3029	42740.0
2021	3030	86953.0
2021	3031	24454.0
2021	3032	7043.0
2021	3033	40459.0
2021	3034	23422.0
2021	3035	26031.0
2021	3036	14637.0
2021	3037	2838.0
2021	3038	6811.0
2021	3039	1049.0
2021	3040	3262.0
2021	3041	4636.0
2021	3042	2546.0
2021	3043	4648.0
2021	3044	4434.0
2021	3045	3465.0
2021	3046	2219.0
2021	3047	14166.0
2021	3048	19709.0
2021	3049	27118.0
2021	3050	2713.0
2021	3051	1386.0
2021	3052	2412.0
2021	3053	6867.0
2021	3054	9062.0
2021	3101	31387.0
2021	3103	49668.0
2021	3105	57372.0
2021	3107	83193.0
2021	3110	4694.0
2021	3112	7568.0
2021	3114	5805.0
2021	3116	3825.0
2021	3118	45201.0
2021	3120	8222.0
2021	3122	3601.0
2021	3124	1325.0
2021	3201	128233.0
2021	3203	94915.0
2021	3205	86953.0
2021	3207	60034.0
2021	3209	40459.0
2021	3212	19805.0
2021	3214	15953.0
2021	3216	18290.0
2021	3218	20439.0
2021	3220	11065.0
2021	3222	42740.0
2021	3224	18730.0
2021	3226	17591.0
2021	3228	23422.0
2021	3230	7043.0
2021	3232	24454.0
2021	3234	9062.0
2021	3236	6867.0
2021	3238	14637.0
2021	3240	26031.0
2021	3242	2838.0
2021	3301	101859.0
2021	3303	27694.0
2021	3305	30835.0
2021	3310	6811.0
2021	3312	27118.0
2021	3314	19709.0
2021	3316	14166.0
2021	3318	2219.0
2021	3320	1049.0
2021	3322	3262.0
2021	3324	4636.0
2021	3326	2546.0
2021	3328	4648.0
2021	3330	4434.0
2021	3332	3465.0
2021	3334	2713.0
2021	3336	1386.0
2021	3338	2412.0
2021	3401	17851.0
2021	3403	31509.0
2021	3405	28493.0
2021	3407	30395.0
2021	3411	34897.0
2021	3412	7625.0
2021	3413	21072.0
2021	3414	5038.0
2021	3415	7914.0
2021	3416	6099.0
2021	3417	4545.0
2021	3418	7227.0
2021	3419	3587.0
2021	3420	21292.0
2021	3421	6580.0
2021	3422	4338.0
2021	3423	2378.0
2021	3424	1741.0
2021	3425	1250.0
2021	3426	1563.0
2021	3427	5537.0
2021	3428	2405.0
2021	3429	1518.0
2021	3430	1870.0
2021	3431	2512.0
2021	3432	1980.0
2021	3433	2183.0
2021	3434	2204.0
2021	3435	3564.0
2021	3436	5705.0
2021	3437	5592.0
2021	3438	3064.0
2021	3439	4408.0
2021	3440	5093.0
2021	3441	6023.0
2021	3442	14871.0
2021	3443	13459.0
2021	3446	13611.0
2021	3447	5579.0
2021	3448	6581.0
2021	3449	2904.0
2021	3450	1257.0
2021	3451	6360.0
2021	3452	2120.0
2021	3453	3236.0
2021	3454	1573.0
2021	3801	27510.0
2021	3802	25011.0
2021	3803	57026.0
2021	3804	64345.0
2021	3805	47499.0
2021	3806	36526.0
2021	3807	55144.0
2021	3808	12994.0
2021	3811	26957.0
2021	3812	2347.0
2021	3813	14014.0
2021	3814	10416.0
2021	3815	4071.0
2021	3816	6488.0
2021	3817	10461.0
2021	3818	5604.0
2021	3819	1561.0
2021	3820	2900.0
2021	3821	2430.0
2021	3822	1430.0
2021	3823	1228.0
2021	3824	2164.0
2021	3825	3756.0
2021	3901	27510.0
2021	3903	25011.0
2021	3905	57026.0
2021	3907	64345.0
2021	3909	47499.0
2021	3911	26957.0
2021	4001	36526.0
2021	4003	55144.0
2021	4005	12994.0
2021	4010	2347.0
2021	4012	14014.0
2021	4014	10416.0
2021	4016	4071.0
2021	4018	6488.0
2021	4020	10461.0
2021	4022	2900.0
2021	4024	1561.0
2021	4026	5604.0
2021	4028	2430.0
2021	4030	1430.0
2021	4032	1228.0
2021	4034	2164.0
2021	4036	3756.0
2021	4201	6762.0
2021	4202	23891.0
2021	4203	45065.0
2021	4204	112588.0
2021	4205	23055.0
2021	4206	9645.0
2021	4207	9027.0
2021	4211	2430.0
2021	4212	2128.0
2021	4213	6067.0
2021	4214	6004.0
2021	4215	11180.0
2021	4216	5274.0
2021	4217	1822.0
2021	4218	1335.0
2021	4219	3619.0
2021	4220	1142.0
2021	4221	1169.0
2021	4222	930.0
2021	4223	14935.0
2021	4224	927.0
2021	4225	10464.0
2021	4226	1690.0
2021	4227	5922.0
2021	4228	1772.0
2021	4601	285601.0
2021	4602	17160.0
2021	4611	4053.0
2021	4612	5798.0
2021	4613	11953.0
2021	4614	18861.0
2021	4615	3147.0
2021	4616	2924.0
2021	4617	13039.0
2021	4618	11002.0
2021	4619	903.0
2021	4620	1061.0
2021	4621	15787.0
2021	4622	8461.0
2021	4623	2504.0
2021	4624	25049.0
2021	4625	5276.0
2021	4626	38664.0
2021	4627	29594.0
2021	4628	3918.0
2021	4629	376.0
2021	4630	8080.0
2021	4631	29337.0
2021	4632	2860.0
2021	4633	525.0
2021	4634	1660.0
2021	4635	2272.0
2021	4636	786.0
2021	4637	1294.0
2021	4638	4049.0
2021	4639	2611.0
2021	4640	11938.0
2021	4641	1777.0
2021	4642	2129.0
2021	4643	5170.0
2021	4644	5189.0
2021	4645	2991.0
2021	4646	2885.0
2021	4647	22020.0
2021	4648	3597.0
2021	4649	9517.0
2021	4650	5885.0
2021	4651	7118.0
2021	5001	207595.0
2021	5004	21741.622723012348
2021	5005	12943.235778736758
2021	5006	24152.0
2021	5007	15096.0
2021	5011	3693.3609763270106
2021	5012	872.6744596382885
2021	5013	4246.668574958485
2021	5014	5204.0
2021	5015	5369.428013283845
2021	5016	1667.2790627146883
2021	5017	4936.571986716155
2021	5018	3319.7905515475913
2021	5019	951.2094484524087
2021	5020	925.0
2021	5021	6981.0
2021	5022	2454.0
2021	5023	3845.6732072657164
2021	5024	11902.38319667438
2021	5025	5550.0
2021	5026	1968.0
2021	5027	6243.0
2021	5028	16949.0
2021	5029	8367.0
2021	5030	6055.115764409945
2021	5031	14334.0
2021	5032	4069.0
2021	5033	759.0
2021	5034	2413.0
2021	5035	24283.0
2021	5036	2609.0
2021	5037	20170.0
2021	5038	14986.0
2021	5039	2410.3772769876523
2021	5040	1555.5967045900354
2021	5041	2054.0
2021	5042	1328.0
2021	5043	459.0
2021	5044	846.0
2021	5045	2347.0
2021	5046	1215.0
2021	5047	3865.0
2021	5048	597.1675166732052
2021	5049	1100.0
2021	5050	4545.266113989637
2021	5051	5035.733886010363
2021	5052	563.0
2021	5053	6764.0
2021	5054	9948.0
2021	5055	5941.0
2021	5056	5140.0
2021	5057	10306.0
2021	5058	4271.0
2021	5059	18300.0
2021	5060	9581.0
2021	5061	1989.0
2021	5401	77095.0
2021	5402	24738.0
2021	5403	20847.0
2021	5404	1959.0
2021	5405	5642.0
2021	5406	11331.0
2021	5411	2822.0
2021	5412	4209.0
2021	5413	1320.0
2021	5414	1092.0
2021	5415	1020.0
2021	5416	3959.0
2021	5417	2089.0
2021	5418	6609.0
2021	5419	3465.0
2021	5420	1063.0
2021	5421	14725.0
2021	5422	5559.0
2021	5423	2172.0
2021	5424	2773.0
2021	5425	1831.0
2021	5426	2072.0
2021	5427	2893.0
2021	5428	4812.0
2021	5429	1166.0
2021	5430	2920.0
2021	5432	860.0
2021	5433	983.0
2021	5434	1197.0
2021	5435	3075.0
2021	5436	3921.0
2021	5437	2641.0
2021	5438	1271.0
2021	5439	1097.0
2021	5440	928.0
2021	5441	2829.0
2021	5442	880.0
2021	5443	2200.0
2021	5444	10103.0
2021	5501	77095.0
2021	5503	24738.0
2021	5510	2822.0
2021	5512	4209.0
2021	5514	1320.0
2021	5516	1092.0
2021	5518	1020.0
2021	5520	3959.0
2021	5522	2089.0
2021	5524	6609.0
2021	5526	3465.0
2021	5528	1063.0
2021	5530	14725.0
2021	5532	5559.0
2021	5534	2172.0
2021	5536	2773.0
2021	5538	1831.0
2021	5540	2072.0
2021	5542	2893.0
2021	5544	4812.0
2021	5546	1166.0
2021	5601	20847.0
2021	5603	11331.0
2021	5605	10103.0
2021	5607	5642.0
2021	5610	2641.0
2021	5612	2920.0
2021	5614	860.0
2021	5616	983.0
2021	5618	1197.0
2021	5620	3075.0
2021	5622	3921.0
2021	5624	1271.0
2021	5626	1097.0
2021	5628	2829.0
2021	5630	928.0
2021	5632	2200.0
2021	5634	1959.0
2021	5636	880.0
2022	0101	31444.0
2022	0104	33676.21984407931
2022	0105	58182.0
2022	0106	83892.0
2022	0111	4741.0
2022	0118	1315.0
2022	0119	3578.0
2022	0121	695.7690560763989
2022	0122	5502.391155234657
2022	0123	6217.58880866426
2022	0124	16326.058664259926
2022	0125	11755.997111913357
2022	0127	3846.0
2022	0128	8312.0
2022	0135	7633.0
2022	0136	16613.780155920693
2022	0137	5913.0
2022	0138	5805.964259927798
2022	0211	18699.0
2022	0213	32323.264865978676
2022	0214	20780.0
2022	0215	16084.0
2022	0216	19939.0
2022	0217	28708.735134021328
2022	0219	128982.0
2022	0220	63105.09317990158
2022	0221	17058.230943923605
2022	0226	18973.86784752265
2022	0227	12302.93725293562
2022	0228	19024.0
2022	0229	11249.0
2022	0230	44693.0
2022	0231	57818.19489954173
2022	0233	24947.0
2022	0234	6989.0
2022	0235	41565.0
2022	0236	23898.0
2022	0237	26716.0
2022	0238	15074.0
2022	0239	2905.0
2022	0301	699827.0
2022	0402	17949.0
2022	0403	31999.0
2022	0412	35073.0
2022	0415	7715.0
2022	0417	21156.0
2022	0418	5016.0
2022	0419	7978.0
2022	0420	6032.0
2022	0423	4548.0
2022	0425	7211.0
2022	0426	3597.0
2022	0427	21435.0
2022	0428	6603.0
2022	0429	4195.0
2022	0430	2318.0
2022	0432	1722.0
2022	0434	1253.0
2022	0436	1551.0
2022	0437	5581.0
2022	0438	2445.0
2022	0439	1530.0
2022	0441	1855.0
2022	0501	28425.0
2022	0502	30267.0
2022	0511	2498.0
2022	0512	1986.0
2022	0513	2151.0
2022	0514	2211.0
2022	0515	3591.0
2022	0516	5628.0
2022	0517	5531.0
2022	0519	3064.0
2022	0520	4385.0
2022	0521	5082.0
2022	0522	6079.0
2022	0528	14827.0
2022	0529	13572.0
2022	0532	6908.0
2022	0533	9144.0
2022	0534	13633.0
2022	0536	5535.0
2022	0538	6577.0
2022	0540	2889.0
2022	0541	1256.0
2022	0542	6354.0
2022	0543	2111.0
2022	0544	3252.0
2022	0545	1587.0
2022	0602	70092.60903152684
2022	0604	27879.0
2022	0605	31011.0
2022	0612	6859.0
2022	0615	1057.0
2022	0616	3273.0
2022	0617	4667.0
2022	0618	2611.0
2022	0619	4650.0
2022	0620	4504.0
2022	0621	3492.0
2022	0622	2189.0
2022	0623	14273.0
2022	0624	20044.0
2022	0625	25382.934142631308
2022	0626	27584.0
2022	0627	23217.069780847363
2022	0628	9765.837039251059
2022	0631	2720.0
2022	0632	1370.0
2022	0633	2455.0
2022	0701	27502.0
2022	0702	11763.463124963178
2022	0704	47699.295300326725
2022	0706	46924.78411707194
2022	0709	45237.14401701141
2022	0710	64943.0
2022	0711	6797.456825841859
2022	0712	47777.0
2022	0713	10477.636416065912
2022	0714	3439.9004589709107
2022	0715	15203.36358393409
2022	0716	10094.704699673284
2022	0719	6080.149351878133
2022	0720	11938.066531049926
2022	0722	22146.66441745389
2022	0723	5018.335582546109
2022	0728	2539.855982988595
2022	0729	27165.0
2022	0805	36624.0
2022	0806	55513.0
2022	0807	13029.0
2022	0811	2349.0
2022	0814	14056.0
2022	0815	10351.0
2022	0817	4093.0
2022	0819	6494.0
2022	0821	6396.921175501237
2022	0822	4142.078824498764
2022	0826	5512.0
2022	0827	1562.0
2022	0828	2889.0
2022	0829	2452.0
2022	0830	1414.0
2022	0831	1198.0
2022	0833	2140.0
2022	0834	3755.0
2022	0901	6735.0
2022	0904	24017.0
2022	0906	45509.0
2022	0911	2427.0
2022	0912	2131.0
2022	0914	6115.0
2022	0919	6098.0
2022	0926	11279.0
2022	0928	5342.0
2022	0929	1801.0
2022	0935	1323.0
2022	0937	3653.0
2022	0938	1134.0
2022	0940	1169.0
2022	0941	935.0
2022	1001	95079.10820628493
2022	1002	15821.680256667685
2022	1003	9622.0
2022	1004	9048.0
2022	1014	15123.0
2022	1017	6909.26182388057
2022	1018	11748.629969834496
2022	1021	2320.8633724737
2022	1026	912.0
2022	1027	1795.591491000096
2022	1029	5004.456370858614
2022	1032	8684.408508999904
2022	1034	1704.0
2022	1037	5883.0
2022	1046	1810.0
2022	1101	14860.0
2022	1102	80068.41022960517
2022	1103	144699.0
2022	1106	37444.0
2022	1108	81305.0
2022	1111	3281.0
2022	1112	3178.0
2022	1114	2789.0
2022	1119	19296.0
2022	1120	20163.0
2022	1121	19353.0
2022	1122	12131.0
2022	1124	27568.0
2022	1127	11454.0
2022	1129	1236.5897703948294
2022	1130	13268.0
2022	1133	2534.0
2022	1134	3784.0
2022	1135	4525.0
2022	1141	2884.31069177614
2022	1142	4438.175848583795
2022	1144	523.0
2022	1145	855.0
2022	1146	11283.0
2022	1149	42541.0
2022	1151	188.0
2022	1160	8775.0
2022	1201	286930.0
2022	1211	4043.0
2022	1216	5775.0
2022	1219	12061.0
2022	1221	18919.0
2022	1222	3117.0
2022	1223	2883.0
2022	1224	13017.0
2022	1227	1060.5852761836443
2022	1228	6581.092629124821
2022	1231	3239.3220946915353
2022	1232	937.0
2022	1233	1051.0
2022	1234	957.0144116322462
2022	1235	14917.985588367756
2022	1238	8497.0
2022	1241	3946.7826069329008
2022	1242	2501.0
2022	1243	21266.217393067098
2022	1244	5283.0
2022	1245	7231.5235721594045
2022	1246	26794.11580134848
2022	1247	29816.0
2022	1251	3867.0
2022	1252	378.0
2022	1253	8131.0
2022	1256	8328.562770711584
2022	1259	5006.360626492116
2022	1260	5179.029322791337
2022	1263	16085.40790649708
2022	1264	2889.0
2022	1265	502.0
2022	1266	1629.0
2022	1401	11392.47065424756
2022	1411	2230.0
2022	1412	768.0
2022	1413	1290.0
2022	1416	3965.0
2022	1417	2560.0
2022	1418	1311.0806711295654
2022	1419	2389.4675874925856
2022	1420	8396.45174137785
2022	1421	1766.0
2022	1422	2117.0
2022	1424	5204.0
2022	1426	5246.0
2022	1428	2951.0
2022	1429	2901.0
2022	1430	3048.6421057425205
2022	1431	3068.7850995036206
2022	1432	13185.603716016212
2022	1433	2812.969078737647
2022	1438	3521.0
2022	1439	5738.529345752441
2022	1441	2941.185547314003
2022	1443	6585.814452685997
2022	1444	1203.204947337907
2022	1445	5875.0
2022	1449	7207.0
2022	1502	27022.95477858394
2022	1504	49081.06854783417
2022	1505	24013.0
2022	1506	32002.0
2022	1507	67114.0
2022	1508	57860.6817257537
2022	1511	3045.0
2022	1514	2422.0
2022	1515	8765.0
2022	1516	8557.0
2022	1517	5126.0
2022	1519	9605.795052662092
2022	1520	10833.0
2022	1523	2300.770953636128
2022	1524	1580.900848765432
2022	1525	4467.0
2022	1526	910.0991512345679
2022	1528	7558.0
2022	1529	4871.499032498895
2022	1531	9547.0
2022	1532	8597.0
2022	1534	9594.726159096796
2022	1535	6936.0
2022	1539	7019.0
2022	1543	2958.4035526644984
2022	1545	2020.6416687515639
2022	1546	1265.935306934012
2022	1547	3518.0
2022	1548	9839.990931761504
2022	1551	3447.009068238494
2022	1554	5828.0
2022	1557	2669.0
2022	1560	2960.0
2022	1563	6932.0
2022	1566	5849.0
2022	1567	1980.0
2022	1571	1361.7726804881638
2022	1573	2120.0
2022	1576	3384.0
2022	1577	10809.0
2022	1578	2491.0
2022	1579	13287.0
2022	1580	9253.318274246309
2022	1601	210496.0
2022	1612	3657.9255991765917
2022	1613	864.3017203352448
2022	1617	4277.076770302926
2022	1620	5265.0
2022	1621	5403.293025981638
2022	1622	1686.7880837048497
2022	1624	6490.954887218045
2022	1627	4967.706974018362
2022	1630	3305.0221084477544
2022	1632	946.9778915522458
2022	1633	904.0
2022	1634	7066.0
2022	1635	2443.0
2022	1636	3890.671864658853
2022	1638	12041.65432938973
2022	1640	5572.0
2022	1644	1953.0
2022	1648	6120.0
2022	1653	17123.0
2022	1657	8360.0
2022	1662	5965.72411573463
2022	1663	14425.0
2022	1664	4090.0
2022	1665	750.0
2022	1702	21608.393170055828
2022	1703	12861.78324833268
2022	1711	2399.0
2022	1714	24287.0
2022	1717	2608.0
2022	1718	3408.045112781955
2022	1719	20171.0
2022	1721	14955.0
2022	1723	820.2968587166891
2022	1724	2395.606829944171
2022	1725	1545.8072446711133
2022	1729	5973.70314128331
2022	1736	2033.0
2022	1738	1309.0
2022	1739	441.0
2022	1740	818.0
2022	1742	2287.0
2022	1743	1193.0
2022	1744	3817.0
2022	1748	593.4095069962078
2022	1749	1101.0
2022	1750	4616.901139896373
2022	1751	5115.098860103627
2022	1755	570.0
2022	1756	6794.0
2022	1804	52803.0
2022	1805	17420.36482084691
2022	1806	21530.0
2022	1811	1406.0
2022	1812	1981.0
2022	1813	7777.0
2022	1815	1175.0
2022	1816	462.0
2022	1818	1825.0
2022	1820	7333.0
2022	1822	2257.0
2022	1824	13233.0
2022	1825	1461.0
2022	1826	1273.0
2022	1827	1369.0
2022	1828	1698.0
2022	1832	4420.0
2022	1833	26092.0
2022	1834	1869.0
2022	1835	450.0
2022	1836	1153.0
2022	1837	6214.0
2022	1838	1894.0
2022	1839	1012.0
2022	1840	4617.0
2022	1841	9603.0
2022	1845	1869.0
2022	1848	2591.0
2022	1849	1041.138495508841
2022	1850	1800.0108577633005
2022	1851	1976.0
2022	1852	1239.2359418931585
2022	1853	1334.0
2022	1854	2309.6243213897933
2022	1856	469.0
2022	1857	678.0
2022	1859	1216.0
2022	1860	11566.0
2022	1865	9724.0
2022	1866	8107.0
2022	1867	2565.0
2022	1868	4458.0
2022	1870	10468.0
2022	1871	4572.0
2022	1874	982.0
2022	1875	2708.0
2022	1901	24335.611537663415
2022	1902	77544.0
2022	1903	24804.0
2022	1911	2789.0
2022	1913	2961.7640581068417
2022	1915	468.3884623365843
2022	1917	1289.0
2022	1919	1070.0
2022	1920	970.0
2022	1922	3993.0
2022	1923	2087.0
2022	1924	6599.0
2022	1925	3414.0
2022	1926	1068.0
2022	1927	1485.4835787089464
2022	1928	914.0682166411298
2022	1929	871.8502431550196
2022	1931	11466.597961494905
2022	1933	5576.0
2022	1936	2179.0
2022	1938	2729.0
2022	1939	1836.0
2022	1940	2012.0
2022	1941	2804.0
2022	1942	4746.0
2022	1943	1159.0
2022	2002	1897.0
2022	2003	5568.0
2022	2004	10307.433530024296
2022	2011	2877.0
2022	2012	21144.0
2022	2014	859.0
2022	2015	964.0
2022	2017	966.5664699757028
2022	2018	1162.0
2022	2019	2947.0
2022	2020	3904.0
2022	2021	2584.0
2022	2022	1221.0
2022	2023	1057.0
2022	2024	906.0
2022	2025	2821.0
2022	2027	854.0
2022	2028	2165.0
2022	2030	9925.0
2022	3001	31444.0
2022	3002	50290.0
2022	3003	58182.0
2022	3004	83892.0
2022	3005	102273.0
2022	3006	27879.0
2022	3007	31011.0
2022	3011	4741.0
2022	3012	1315.0
2022	3013	3578.0
2022	3014	45608.0
2022	3015	3846.0
2022	3016	8312.0
2022	3017	7633.0
2022	3018	5913.0
2022	3019	18699.0
2022	3020	61032.0
2022	3021	20780.0
2022	3022	16084.0
2022	3023	19939.0
2022	3024	128982.0
2022	3025	96088.0
2022	3026	17754.0
2022	3027	19024.0
2022	3028	11249.0
2022	3029	44693.0
2022	3030	89095.0
2022	3031	24947.0
2022	3032	6989.0
2022	3033	41565.0
2022	3034	23898.0
2022	3035	26716.0
2022	3036	15074.0
2022	3037	2905.0
2022	3038	6859.0
2022	3039	1057.0
2022	3040	3273.0
2022	3041	4667.0
2022	3042	2611.0
2022	3043	4650.0
2022	3044	4504.0
2022	3045	3492.0
2022	3046	2189.0
2022	3047	14273.0
2022	3048	20044.0
2022	3049	27584.0
2022	3050	2720.0
2022	3051	1370.0
2022	3052	2455.0
2022	3053	6908.0
2022	3054	9144.0
2022	3101	31444.0
2022	3103	50290.0
2022	3105	58182.0
2022	3107	83892.0
2022	3110	4741.0
2022	3112	7633.0
2022	3114	5913.0
2022	3116	3846.0
2022	3118	45608.0
2022	3120	8312.0
2022	3122	3578.0
2022	3124	1315.0
2022	3201	128982.0
2022	3203	96088.0
2022	3205	89095.0
2022	3207	61032.0
2022	3209	41565.0
2022	3212	19939.0
2022	3214	16084.0
2022	3216	18699.0
2022	3218	20780.0
2022	3220	11249.0
2022	3222	44693.0
2022	3224	19024.0
2022	3226	17754.0
2022	3228	23898.0
2022	3230	6989.0
2022	3232	24947.0
2022	3234	9144.0
2022	3236	6908.0
2022	3238	15074.0
2022	3240	26716.0
2022	3242	2905.0
2022	3301	102273.0
2022	3303	27879.0
2022	3305	31011.0
2022	3310	6859.0
2022	3312	27584.0
2022	3314	20044.0
2022	3316	14273.0
2022	3318	2189.0
2022	3320	1057.0
2022	3322	3273.0
2022	3324	4667.0
2022	3326	2611.0
2022	3328	4650.0
2022	3330	4504.0
2022	3332	3492.0
2022	3334	2720.0
2022	3336	1370.0
2022	3338	2455.0
2022	3401	17949.0
2022	3403	31999.0
2022	3405	28425.0
2022	3407	30267.0
2022	3411	35073.0
2022	3412	7715.0
2022	3413	21156.0
2022	3414	5016.0
2022	3415	7978.0
2022	3416	6032.0
2022	3417	4548.0
2022	3418	7211.0
2022	3419	3597.0
2022	3420	21435.0
2022	3421	6603.0
2022	3422	4195.0
2022	3423	2318.0
2022	3424	1722.0
2022	3425	1253.0
2022	3426	1551.0
2022	3427	5581.0
2022	3428	2445.0
2022	3429	1530.0
2022	3430	1855.0
2022	3431	2498.0
2022	3432	1986.0
2022	3433	2151.0
2022	3434	2211.0
2022	3435	3591.0
2022	3436	5628.0
2022	3437	5531.0
2022	3438	3064.0
2022	3439	4385.0
2022	3440	5082.0
2022	3441	6079.0
2022	3442	14827.0
2022	3443	13572.0
2022	3446	13633.0
2022	3447	5535.0
2022	3448	6577.0
2022	3449	2889.0
2022	3450	1256.0
2022	3451	6354.0
2022	3452	2111.0
2022	3453	3252.0
2022	3454	1587.0
2022	3801	27502.0
2022	3802	25681.0
2022	3803	57794.0
2022	3804	64943.0
2022	3805	47777.0
2022	3806	36624.0
2022	3807	55513.0
2022	3808	13029.0
2022	3811	27165.0
2022	3812	2349.0
2022	3813	14056.0
2022	3814	10351.0
2022	3815	4093.0
2022	3816	6494.0
2022	3817	10539.0
2022	3818	5512.0
2022	3819	1562.0
2022	3820	2889.0
2022	3821	2452.0
2022	3822	1414.0
2022	3823	1198.0
2022	3824	2140.0
2022	3825	3755.0
2022	3901	27502.0
2022	3903	25681.0
2022	3905	57794.0
2022	3907	64943.0
2022	3909	47777.0
2022	3911	27165.0
2022	4001	36624.0
2022	4003	55513.0
2022	4005	13029.0
2022	4010	2349.0
2022	4012	14056.0
2022	4014	10351.0
2022	4016	4093.0
2022	4018	6494.0
2022	4020	10539.0
2022	4022	2889.0
2022	4024	1562.0
2022	4026	5512.0
2022	4028	2452.0
2022	4030	1414.0
2022	4032	1198.0
2022	4034	2140.0
2022	4036	3755.0
2022	4201	6735.0
2022	4202	24017.0
2022	4203	45509.0
2022	4204	113737.0
2022	4205	23147.0
2022	4206	9622.0
2022	4207	9048.0
2022	4211	2427.0
2022	4212	2131.0
2022	4213	6115.0
2022	4214	6098.0
2022	4215	11279.0
2022	4216	5342.0
2022	4217	1801.0
2022	4218	1323.0
2022	4219	3653.0
2022	4220	1134.0
2022	4221	1169.0
2022	4222	935.0
2022	4223	15123.0
2022	4224	912.0
2022	4225	10480.0
2022	4226	1704.0
2022	4227	5883.0
2022	4228	1810.0
2022	4601	286930.0
2022	4602	17131.0
2022	4611	4043.0
2022	4612	5775.0
2022	4613	12061.0
2022	4614	18919.0
2022	4615	3117.0
2022	4616	2883.0
2022	4617	13017.0
2022	4618	10881.0
2022	4619	937.0
2022	4620	1051.0
2022	4621	15875.0
2022	4622	8497.0
2022	4623	2501.0
2022	4624	25213.0
2022	4625	5283.0
2022	4626	39032.0
2022	4627	29816.0
2022	4628	3867.0
2022	4629	378.0
2022	4630	8131.0
2022	4631	29593.0
2022	4632	2889.0
2022	4633	502.0
2022	4634	1629.0
2022	4635	2230.0
2022	4636	768.0
2022	4637	1290.0
2022	4638	3965.0
2022	4639	2560.0
2022	4640	12097.0
2022	4641	1766.0
2022	4642	2117.0
2022	4643	5204.0
2022	4644	5246.0
2022	4645	2951.0
2022	4646	2901.0
2022	4647	22116.0
2022	4648	3521.0
2022	4649	9527.0
2022	4650	5875.0
2022	4651	7207.0
2022	5001	210496.0
2022	5004	21608.393170055828
2022	5005	12861.78324833268
2022	5006	24004.0
2022	5007	15001.0
2022	5011	3657.9255991765917
2022	5012	864.3017203352448
2022	5013	4277.076770302926
2022	5014	5265.0
2022	5015	5403.293025981638
2022	5016	1686.7880837048497
2022	5017	4967.706974018362
2022	5018	3305.0221084477544
2022	5019	946.9778915522458
2022	5020	904.0
2022	5021	7066.0
2022	5022	2443.0
2022	5023	3890.671864658853
2022	5024	12041.65432938973
2022	5025	5572.0
2022	5026	1953.0
2022	5027	6120.0
2022	5028	17123.0
2022	5029	8360.0
2022	5030	5965.72411573463
2022	5031	14425.0
2022	5032	4090.0
2022	5033	750.0
2022	5034	2399.0
2022	5035	24287.0
2022	5036	2608.0
2022	5037	20171.0
2022	5038	14955.0
2022	5039	2395.606829944171
2022	5040	1545.8072446711133
2022	5041	2033.0
2022	5042	1309.0
2022	5043	441.0
2022	5044	818.0
2022	5045	2287.0
2022	5046	1193.0
2022	5047	3817.0
2022	5048	593.4095069962078
2022	5049	1101.0
2022	5050	4616.901139896373
2022	5051	5115.098860103627
2022	5052	570.0
2022	5053	6794.0
2022	5054	9899.0
2022	5055	5884.0
2022	5056	5156.0
2022	5057	10371.0
2022	5058	4252.0
2022	5059	18502.0
2022	5060	9732.0
2022	5061	1980.0
2022	5401	77544.0
2022	5402	24804.0
2022	5403	21144.0
2022	5404	1897.0
2022	5405	5568.0
2022	5406	11274.0
2022	5411	2789.0
2022	5412	4201.0
2022	5413	1289.0
2022	5414	1070.0
2022	5415	970.0
2022	5416	3993.0
2022	5417	2087.0
2022	5418	6599.0
2022	5419	3414.0
2022	5420	1068.0
2022	5421	14738.0
2022	5422	5576.0
2022	5423	2179.0
2022	5424	2729.0
2022	5425	1836.0
2022	5426	2012.0
2022	5427	2804.0
2022	5428	4746.0
2022	5429	1159.0
2022	5430	2877.0
2022	5432	859.0
2022	5433	964.0
2022	5434	1162.0
2022	5435	2947.0
2022	5436	3904.0
2022	5437	2584.0
2022	5438	1221.0
2022	5439	1057.0
2022	5440	906.0
2022	5441	2821.0
2022	5442	854.0
2022	5443	2165.0
2022	5444	9925.0
2022	5501	77544.0
2022	5503	24804.0
2022	5510	2789.0
2022	5512	4201.0
2022	5514	1289.0
2022	5516	1070.0
2022	5518	970.0
2022	5520	3993.0
2022	5522	2087.0
2022	5524	6599.0
2022	5526	3414.0
2022	5528	1068.0
2022	5530	14738.0
2022	5532	5576.0
2022	5534	2179.0
2022	5536	2729.0
2022	5538	1836.0
2022	5540	2012.0
2022	5542	2804.0
2022	5544	4746.0
2022	5546	1159.0
2022	5601	21144.0
2022	5603	11274.0
2022	5605	9925.0
2022	5607	5568.0
2022	5610	2584.0
2022	5612	2877.0
2022	5614	859.0
2022	5616	964.0
2022	5618	1162.0
2022	5620	2947.0
2022	5622	3904.0
2022	5624	1221.0
2022	5626	1057.0
2022	5628	2821.0
2022	5630	906.0
2022	5632	2165.0
2022	5634	1897.0
2022	5636	854.0
2023	0101	31730.0
2023	0104	34312.378302060526
2023	0105	59038.0
2023	0106	84444.0
2023	0111	4762.0
2023	0118	1329.0
2023	0119	3639.0
2023	0121	703.2542363011702
2023	0122	5595.770622743683
2023	0123	6323.105685920577
2023	0124	16603.123420577616
2023	0125	11955.504693140794
2023	0127	3886.0
2023	0128	8371.0
2023	0135	8317.0
2023	0136	16927.621697939478
2023	0137	6023.0
2023	0138	5904.495577617328
2023	0211	19089.0
2023	0213	32965.683929460654
2023	0214	21350.0
2023	0215	16106.0
2023	0216	20322.0
2023	0217	29279.31607053935
2023	0219	129874.0
2023	0220	64218.928810085505
2023	0221	17241.74576369883
2023	0226	19489.236388866215
2023	0227	12637.1098569213
2023	0228	19618.0
2023	0229	11392.0
2023	0230	46797.0
2023	0231	59388.653754212486
2023	0233	25440.0
2023	0234	7285.0
2023	0235	42866.0
2023	0236	24283.0
2023	0237	27338.0
2023	0238	15530.0
2023	0239	2944.0
2023	0301	709037.0
2023	0402	17966.0
2023	0403	32382.0
2023	0412	35475.0
2023	0415	7836.0
2023	0417	21356.0
2023	0418	5010.0
2023	0419	8069.0
2023	0420	6028.0
2023	0423	4572.0
2023	0425	7267.0
2023	0426	3625.0
2023	0427	21568.0
2023	0428	6582.0
2023	0429	4213.0
2023	0430	2281.0
2023	0432	1769.0
2023	0434	1328.0
2023	0436	1555.0
2023	0437	5628.0
2023	0438	2493.0
2023	0439	1519.0
2023	0441	1844.0
2023	0501	28560.0
2023	0502	30563.0
2023	0511	2466.0
2023	0512	1966.0
2023	0513	2147.0
2023	0514	2212.0
2023	0515	3532.0
2023	0516	5589.0
2023	0517	5567.0
2023	0519	3240.0
2023	0520	4416.0
2023	0521	5161.0
2023	0522	6129.0
2023	0528	14896.0
2023	0529	13635.0
2023	0532	6990.0
2023	0533	9307.0
2023	0534	13568.0
2023	0536	5564.0
2023	0538	6527.0
2023	0540	2866.0
2023	0541	1239.0
2023	0542	6401.0
2023	0543	2091.0
2023	0544	3291.0
2023	0545	1636.0
2023	0602	70790.29342519959
2023	0604	28793.0
2023	0605	31444.0
2023	0612	6888.0
2023	0615	1097.0
2023	0616	3299.0
2023	0617	4767.0
2023	0618	2645.0
2023	0619	4862.0
2023	0620	4506.0
2023	0621	3479.0
2023	0622	2211.0
2023	0623	14527.0
2023	0624	20495.0
2023	0625	25635.589554687263
2023	0626	28167.0
2023	0627	23626.862370435214
2023	0628	9938.208819479285
2023	0631	2737.0
2023	0632	1366.0
2023	0633	2486.0
2023	0701	27682.0
2023	0702	12003.945121014955
2023	0704	48332.32570997739
2023	0706	47380.71529946069
2023	0709	45681.211676010054
2023	0710	65574.0
2023	0711	6865.117020113144
2023	0712	48246.0
2023	0713	10691.832090628219
2023	0714	3510.2227883568276
2023	0715	15514.167909371783
2023	0716	10228.674290022618
2023	0719	6139.225376099914
2023	0720	12054.059324439399
2023	0722	22245.31144099565
2023	0723	5040.6885590043485
2023	0728	2564.788323989948
2023	0729	27286.0
2023	0805	37056.0
2023	0806	55924.0
2023	0807	13025.0
2023	0811	2375.0
2023	0814	14172.0
2023	0815	10413.0
2023	0817	4091.0
2023	0819	6559.0
2023	0821	6515.88849217248
2023	0822	4219.11150782752
2023	0826	5546.0
2023	0827	1588.0
2023	0828	2939.0
2023	0829	2427.0
2023	0830	1442.0
2023	0831	1224.0
2023	0833	2198.0
2023	0834	3832.0
2023	0901	6806.0
2023	0904	24587.0
2023	0906	45891.0
2023	0911	2421.0
2023	0912	2143.0
2023	0914	6184.0
2023	0919	6174.0
2023	0926	11419.0
2023	0928	5390.0
2023	0929	1786.0
2023	0935	1344.0
2023	0937	3904.0
2023	0938	1136.0
2023	0940	1180.0
2023	0941	995.0
2023	1001	96610.57928635486
2023	1002	16048.612379414204
2023	1003	9860.0
2023	1004	9216.0
2023	1014	15294.0
2023	1017	7020.5516210560645
2023	1018	11937.869092589068
2023	1021	2354.151774411803
2023	1026	911.0
2023	1027	1842.0232938685147
2023	1029	5076.235846173992
2023	1032	8908.976706131487
2023	1034	1750.0
2023	1037	6024.0
2023	1046	1837.0
2023	1101	15011.0
2023	1102	81292.50510587846
2023	1103	146011.0
2023	1106	37855.0
2023	1108	82548.0
2023	1111	3324.0
2023	1112	3206.0
2023	1114	2848.0
2023	1119	19649.0
2023	1120	20615.0
2023	1121	19781.0
2023	1122	12302.0
2023	1124	28315.0
2023	1127	11671.0
2023	1129	1255.494894121547
2023	1130	13474.0
2023	1133	2619.0
2023	1134	3815.0
2023	1135	4543.0
2023	1141	2770.2734527932535
2023	1142	4262.703309742508
2023	1144	535.0
2023	1145	868.0
2023	1146	11405.0
2023	1149	42903.0
2023	1151	208.0
2023	1160	8844.0
2023	1201	289330.0
2023	1211	4073.0
2023	1216	5732.0
2023	1219	12132.0
2023	1221	19098.0
2023	1222	3181.0
2023	1223	2910.0
2023	1224	13058.0
2023	1227	1086.6101147776185
2023	1228	6742.580703012913
2023	1231	3318.8091822094693
2023	1232	962.0
2023	1233	1056.0
2023	1234	973.2309078041562
2023	1235	15170.769092195844
2023	1238	8531.0
2023	1241	4006.7365092235964
2023	1242	2495.0
2023	1243	21589.263490776404
2023	1244	5297.0
2023	1245	7293.7748511163
2023	1246	27024.76816118792
2023	1247	29989.0
2023	1251	3875.0
2023	1252	380.0
2023	1253	8152.0
2023	1256	8420.592643520109
2023	1259	5049.456987695779
2023	1260	5236.257133035408
2023	1263	16263.150223444483
2023	1264	2856.0
2023	1265	513.0
2023	1266	1654.0
2023	1401	11424.391650768712
2023	1411	2228.0
2023	1412	756.0
2023	1413	1268.0
2023	1416	3949.0
2023	1417	2561.0
2023	1418	1322.0271163460723
2023	1419	2409.4176764680956
2023	1420	8466.555207185833
2023	1421	1775.0
2023	1422	2129.0
2023	1424	5172.0
2023	1426	5302.0
2023	1428	2949.0
2023	1429	2913.0
2023	1430	3062.289038662963
2023	1431	3082.522200464502
2023	1432	13244.627715287581
2023	1433	2825.5610455849537
2023	1438	3482.0
2023	1439	5754.608349231287
2023	1441	2946.1250842886043
2023	1443	6596.874915711396
2023	1444	1220.0135278770897
2023	1445	5892.0
2023	1449	7244.0
2023	1502	27397.874843632726
2023	1504	49377.97997958344
2023	1505	24159.0
2023	1506	32446.0
2023	1507	67520.0
2023	1508	58210.704623817524
2023	1511	3013.0
2023	1514	2442.0
2023	1515	8842.0
2023	1516	8797.0
2023	1517	5159.0
2023	1519	9739.986472122911
2023	1520	10929.0
2023	1523	2314.6892569286792
2023	1524	1582.8047839506173
2023	1525	4421.0
2023	1526	911.1952160493827
2023	1528	7630.0
2023	1529	4900.968720003657
2023	1531	9636.0
2023	1532	8692.0
2023	1534	9652.76857678302
2023	1535	7051.0
2023	1539	7046.0
2023	1543	2999.4488366274704
2023	1545	2048.676319739805
2023	1546	1273.5934667012023
2023	1547	3654.0
2023	1548	9879.981863523011
2023	1551	3461.0181364769887
2023	1554	5872.0
2023	1557	2669.0
2023	1560	3031.0
2023	1563	7110.0
2023	1566	5912.0
2023	1567	1957.0
2023	1571	1360.8469342743717
2023	1573	2158.0
2023	1576	3381.0
2023	1577	10960.0
2023	1578	2494.0
2023	1579	13341.0
2023	1580	9309.295376182477
2023	1601	212660.0
2023	1612	3655.4389060432286
2023	1613	863.7141596823996
2023	1617	4393.226926416406
2023	1620	5391.0
2023	1621	5455.914045712053
2023	1622	1705.6408451610716
2023	1624	6542.100910170162
2023	1627	5016.085954287946
2023	1630	3305.0221084477544
2023	1632	946.9778915522458
2023	1633	904.0
2023	1634	7256.0
2023	1635	2481.0
2023	1636	3934.1568224181833
2023	1638	12176.240552047673
2023	1640	5598.0
2023	1644	1997.0
2023	1648	6133.0
2023	1653	17340.0
2023	1657	8441.0
2023	1662	5860.947914162468
2023	1663	14662.0
2023	1664	4144.0
2023	1665	753.0
2023	1702	21564.283385631035
2023	1703	12794.906433895645
2023	1711	2426.0
2023	1714	24541.0
2023	1717	2645.0
2023	1718	3434.899089829838
2023	1719	20344.0
2023	1721	15002.0
2023	1723	825.9715646866163
2023	1724	2390.716614368964
2023	1725	1537.769582842945
2023	1729	6015.028435313384
2023	1736	2021.0
2023	1738	1295.0
2023	1739	429.0
2023	1740	814.0
2023	1742	2296.0
2023	1743	1216.0
2023	1744	3873.0
2023	1748	590.3239832614098
2023	1749	1108.0
2023	1750	4691.856994818653
2023	1751	5198.143005181347
2023	1755	582.0
2023	1756	6841.0
2023	1804	53259.0
2023	1805	17408.228013029315
2023	1806	21515.0
2023	1811	1391.0
2023	1812	1970.0
2023	1813	7787.0
2023	1815	1219.0
2023	1816	454.0
2023	1818	1839.0
2023	1820	7300.0
2023	1822	2270.0
2023	1824	13342.0
2023	1825	1454.0
2023	1826	1278.0
2023	1827	1391.0
2023	1828	1783.0
2023	1832	4459.0
2023	1833	25980.0
2023	1834	1852.0
2023	1835	444.0
2023	1836	1139.0
2023	1837	6212.0
2023	1838	1928.0
2023	1839	1027.0
2023	1840	4650.0
2023	1841	9572.0
2023	1845	1845.0
2023	1848	2665.0
2023	1849	982.8182533729849
2023	1850	1798.7567861020623
2023	1851	1985.0
2023	1852	1240.7108716026244
2023	1853	1310.0
2023	1854	2308.01520086862
2023	1856	469.0
2023	1857	688.0
2023	1859	1220.0
2023	1860	11551.0
2023	1865	9736.0
2023	1866	8184.0
2023	1867	2584.0
2023	1868	4533.0
2023	1870	10561.0
2023	1871	4577.0
2023	1874	979.0
2023	1875	2682.0
2023	1901	24432.742062668603
2023	1902	77992.0
2023	1903	24903.0
2023	1911	2866.0
2023	1913	2965.289128397376
2023	1915	470.25793733139653
2023	1917	1279.0
2023	1919	1079.0
2023	1920	983.0
2023	1922	3949.0
2023	1923	2048.0
2023	1924	6782.0
2023	1925	3428.0
2023	1926	1056.0
2023	1927	1496.8731596828989
2023	1928	921.0766104856438
2023	1929	878.5349410432349
2023	1931	11554.515288788223
2023	1933	5517.0
2023	1936	2171.0
2023	1938	2714.0
2023	1939	1836.0
2023	1940	2000.0
2023	1941	2790.0
2023	1942	4772.0
2023	1943	1118.0
2023	2002	1933.0
2023	2003	5593.0
2023	2004	10340.347101700798
2023	2011	2847.0
2023	2012	21317.0
2023	2014	862.0
2023	2015	970.0
2023	2017	969.6528982992016
2023	2018	1119.0
2023	2019	2932.0
2023	2020	3863.0
2023	2021	2543.0
2023	2022	1226.0
2023	2023	1054.0
2023	2024	908.0
2023	2025	2804.0
2023	2027	864.0
2023	2028	2117.0
2023	2030	9850.0
2023	3001	31730.0
2023	3002	51240.0
2023	3003	59038.0
2023	3004	84444.0
2023	3005	103291.0
2023	3006	28793.0
2023	3007	31444.0
2023	3011	4762.0
2023	3012	1329.0
2023	3013	3639.0
2023	3014	46382.0
2023	3015	3886.0
2023	3016	8371.0
2023	3017	8317.0
2023	3018	6023.0
2023	3019	19089.0
2023	3020	62245.0
2023	3021	21350.0
2023	3022	16106.0
2023	3023	20322.0
2023	3024	129874.0
2023	3025	97784.0
2023	3026	17945.0
2023	3027	19618.0
2023	3028	11392.0
2023	3029	46797.0
2023	3030	91515.0
2023	3031	25440.0
2023	3032	7285.0
2023	3033	42866.0
2023	3034	24283.0
2023	3035	27338.0
2023	3036	15530.0
2023	3037	2944.0
2023	3038	6888.0
2023	3039	1097.0
2023	3040	3299.0
2023	3041	4767.0
2023	3042	2645.0
2023	3043	4862.0
2023	3044	4506.0
2023	3045	3479.0
2023	3046	2211.0
2023	3047	14527.0
2023	3048	20495.0
2023	3049	28167.0
2023	3050	2737.0
2023	3051	1366.0
2023	3052	2486.0
2023	3053	6990.0
2023	3054	9307.0
2023	3101	31730.0
2023	3103	51240.0
2023	3105	59038.0
2023	3107	84444.0
2023	3110	4762.0
2023	3112	8317.0
2023	3114	6023.0
2023	3116	3886.0
2023	3118	46382.0
2023	3120	8371.0
2023	3122	3639.0
2023	3124	1329.0
2023	3201	129874.0
2023	3203	97784.0
2023	3205	91515.0
2023	3207	62245.0
2023	3209	42866.0
2023	3212	20322.0
2023	3214	16106.0
2023	3216	19089.0
2023	3218	21350.0
2023	3220	11392.0
2023	3222	46797.0
2023	3224	19618.0
2023	3226	17945.0
2023	3228	24283.0
2023	3230	7285.0
2023	3232	25440.0
2023	3234	9307.0
2023	3236	6990.0
2023	3238	15530.0
2023	3240	27338.0
2023	3242	2944.0
2023	3301	103291.0
2023	3303	28793.0
2023	3305	31444.0
2023	3310	6888.0
2023	3312	28167.0
2023	3314	20495.0
2023	3316	14527.0
2023	3318	2211.0
2023	3320	1097.0
2023	3322	3299.0
2023	3324	4767.0
2023	3326	2645.0
2023	3328	4862.0
2023	3330	4506.0
2023	3332	3479.0
2023	3334	2737.0
2023	3336	1366.0
2023	3338	2486.0
2023	3401	17966.0
2023	3403	32382.0
2023	3405	28560.0
2023	3407	30563.0
2023	3411	35475.0
2023	3412	7836.0
2023	3413	21356.0
2023	3414	5010.0
2023	3415	8069.0
2023	3416	6028.0
2023	3417	4572.0
2023	3418	7267.0
2023	3419	3625.0
2023	3420	21568.0
2023	3421	6582.0
2023	3422	4213.0
2023	3423	2281.0
2023	3424	1769.0
2023	3425	1328.0
2023	3426	1555.0
2023	3427	5628.0
2023	3428	2493.0
2023	3429	1519.0
2023	3430	1844.0
2023	3431	2466.0
2023	3432	1966.0
2023	3433	2147.0
2023	3434	2212.0
2023	3435	3532.0
2023	3436	5589.0
2023	3437	5567.0
2023	3438	3240.0
2023	3439	4416.0
2023	3440	5161.0
2023	3441	6129.0
2023	3442	14896.0
2023	3443	13635.0
2023	3446	13568.0
2023	3447	5564.0
2023	3448	6527.0
2023	3449	2866.0
2023	3450	1239.0
2023	3451	6401.0
2023	3452	2091.0
2023	3453	3291.0
2023	3454	1636.0
2023	3801	27682.0
2023	3802	26206.0
2023	3803	58561.0
2023	3804	65574.0
2023	3805	48246.0
2023	3806	37056.0
2023	3807	55924.0
2023	3808	13025.0
2023	3811	27286.0
2023	3812	2375.0
2023	3813	14172.0
2023	3814	10413.0
2023	3815	4091.0
2023	3816	6559.0
2023	3817	10735.0
2023	3818	5546.0
2023	3819	1588.0
2023	3820	2939.0
2023	3821	2427.0
2023	3822	1442.0
2023	3823	1224.0
2023	3824	2198.0
2023	3825	3832.0
2023	3901	27682.0
2023	3903	26206.0
2023	3905	58561.0
2023	3907	65574.0
2023	3909	48246.0
2023	3911	27286.0
2023	4001	37056.0
2023	4003	55924.0
2023	4005	13025.0
2023	4010	2375.0
2023	4012	14172.0
2023	4014	10413.0
2023	4016	4091.0
2023	4018	6559.0
2023	4020	10735.0
2023	4022	2939.0
2023	4024	1588.0
2023	4026	5546.0
2023	4028	2427.0
2023	4030	1442.0
2023	4032	1224.0
2023	4034	2198.0
2023	4036	3832.0
2023	4201	6806.0
2023	4202	24587.0
2023	4203	45891.0
2023	4204	115569.0
2023	4205	23479.0
2023	4206	9860.0
2023	4207	9216.0
2023	4211	2421.0
2023	4212	2143.0
2023	4213	6184.0
2023	4214	6174.0
2023	4215	11419.0
2023	4216	5390.0
2023	4217	1786.0
2023	4218	1344.0
2023	4219	3904.0
2023	4220	1136.0
2023	4221	1180.0
2023	4222	995.0
2023	4223	15294.0
2023	4224	911.0
2023	4225	10751.0
2023	4226	1750.0
2023	4227	6024.0
2023	4228	1837.0
2023	4601	289330.0
2023	4602	17179.0
2023	4611	4073.0
2023	4612	5732.0
2023	4613	12132.0
2023	4614	19098.0
2023	4615	3181.0
2023	4616	2910.0
2023	4617	13058.0
2023	4618	11148.0
2023	4619	962.0
2023	4620	1056.0
2023	4621	16144.0
2023	4622	8531.0
2023	4623	2495.0
2023	4624	25596.0
2023	4625	5297.0
2023	4626	39368.0
2023	4627	29989.0
2023	4628	3875.0
2023	4629	380.0
2023	4630	8152.0
2023	4631	29920.0
2023	4632	2856.0
2023	4633	513.0
2023	4634	1654.0
2023	4635	2228.0
2023	4636	756.0
2023	4637	1268.0
2023	4638	3949.0
2023	4639	2561.0
2023	4640	12198.0
2023	4641	1775.0
2023	4642	2129.0
2023	4643	5172.0
2023	4644	5302.0
2023	4645	2949.0
2023	4646	2913.0
2023	4647	22215.0
2023	4648	3482.0
2023	4649	9543.0
2023	4650	5892.0
2023	4651	7244.0
2023	5001	212660.0
2023	5004	21564.283385631035
2023	5005	12794.906433895645
2023	5006	23955.0
2023	5007	14923.0
2023	5011	3655.4389060432286
2023	5012	863.7141596823996
2023	5013	4393.226926416406
2023	5014	5391.0
2023	5015	5455.914045712053
2023	5016	1705.6408451610716
2023	5017	5016.085954287946
2023	5018	3305.0221084477544
2023	5019	946.9778915522458
2023	5020	904.0
2023	5021	7256.0
2023	5022	2481.0
2023	5023	3934.1568224181833
2023	5024	12176.240552047673
2023	5025	5598.0
2023	5026	1997.0
2023	5027	6133.0
2023	5028	17340.0
2023	5029	8441.0
2023	5030	5860.947914162468
2023	5031	14662.0
2023	5032	4144.0
2023	5033	753.0
2023	5034	2426.0
2023	5035	24541.0
2023	5036	2645.0
2023	5037	20344.0
2023	5038	15002.0
2023	5039	2390.716614368964
2023	5040	1537.769582842945
2023	5041	2021.0
2023	5042	1295.0
2023	5043	429.0
2023	5044	814.0
2023	5045	2296.0
2023	5046	1216.0
2023	5047	3873.0
2023	5048	590.3239832614098
2023	5049	1108.0
2023	5050	4691.856994818653
2023	5051	5198.143005181347
2023	5052	582.0
2023	5053	6841.0
2023	5054	9977.0
2023	5055	5880.0
2023	5056	5281.0
2023	5057	10472.0
2023	5058	4252.0
2023	5059	18690.0
2023	5060	9890.0
2023	5061	1957.0
2023	5401	77992.0
2023	5402	24903.0
2023	5403	21317.0
2023	5404	1933.0
2023	5405	5593.0
2023	5406	11310.0
2023	5411	2866.0
2023	5412	4206.0
2023	5413	1279.0
2023	5414	1079.0
2023	5415	983.0
2023	5416	3949.0
2023	5417	2048.0
2023	5418	6782.0
2023	5419	3428.0
2023	5420	1056.0
2023	5421	14851.0
2023	5422	5517.0
2023	5423	2171.0
2023	5424	2714.0
2023	5425	1836.0
2023	5426	2000.0
2023	5427	2790.0
2023	5428	4772.0
2023	5429	1118.0
2023	5430	2847.0
2023	5432	862.0
2023	5433	970.0
2023	5434	1119.0
2023	5435	2932.0
2023	5436	3863.0
2023	5437	2543.0
2023	5438	1226.0
2023	5439	1054.0
2023	5440	908.0
2023	5441	2804.0
2023	5442	864.0
2023	5443	2117.0
2023	5444	9850.0
2023	5501	77992.0
2023	5503	24903.0
2023	5510	2866.0
2023	5512	4206.0
2023	5514	1279.0
2023	5516	1079.0
2023	5518	983.0
2023	5520	3949.0
2023	5522	2048.0
2023	5524	6782.0
2023	5526	3428.0
2023	5528	1056.0
2023	5530	14851.0
2023	5532	5517.0
2023	5534	2171.0
2023	5536	2714.0
2023	5538	1836.0
2023	5540	2000.0
2023	5542	2790.0
2023	5544	4772.0
2023	5546	1118.0
2023	5601	21317.0
2023	5603	11310.0
2023	5605	9850.0
2023	5607	5593.0
2023	5610	2543.0
2023	5612	2847.0
2023	5614	862.0
2023	5616	970.0
2023	5618	1119.0
2023	5620	2932.0
2023	5622	3863.0
2023	5624	1226.0
2023	5626	1054.0
2023	5628	2804.0
2023	5630	908.0
2023	5632	2117.0
2023	5634	1933.0
2023	5636	864.0
2024	0101	31935.0
2024	0104	34855.45673303185
2024	0105	59771.0
2024	0106	85230.0
2024	0111	4787.0
2024	0118	1347.0
2024	0119	3658.0
2024	0121	707.682641355616
2024	0122	5671.053294223827
2024	0123	6408.173555956679
2024	0124	16826.493456678698
2024	0125	12116.348014440433
2024	0127	3919.0
2024	0128	8420.0
2024	0135	7883.0
2024	0136	17195.543266968147
2024	0137	6145.0
2024	0138	5983.931678700361
2024	0211	19493.0
2024	0213	33662.12339234508
2024	0214	22005.0
2024	0215	16244.0
2024	0216	20521.0
2024	0217	29897.87660765493
2024	0219	130921.0
2024	0220	64896.03054046264
2024	0221	17350.317358644385
2024	0226	20061.252877316136
2024	0227	13008.013829774829
2024	0228	20099.0
2024	0229	11482.0
2024	0230	48188.0
2024	0231	61131.73329290904
2024	0233	25882.0
2024	0234	7398.0
2024	0235	43814.0
2024	0236	24645.0
2024	0237	27916.0
2024	0238	16126.0
2024	0239	3041.0
2024	0301	717710.0
2024	0402	18058.0
2024	0403	32879.0
2024	0412	35612.0
2024	0415	7929.0
2024	0417	21605.0
2024	0418	4992.0
2024	0419	8112.0
2024	0420	6040.0
2024	0423	4532.0
2024	0425	7339.0
2024	0426	3615.0
2024	0427	21761.0
2024	0428	6566.0
2024	0429	4289.0
2024	0430	2276.0
2024	0432	1837.0
2024	0434	1361.0
2024	0436	1604.0
2024	0437	5692.0
2024	0438	2526.0
2024	0439	1532.0
2024	0441	1891.0
2024	0501	28768.0
2024	0502	30903.0
2024	0511	2503.0
2024	0512	1983.0
2024	0513	2141.0
2024	0514	2212.0
2024	0515	3531.0
2024	0516	5586.0
2024	0517	5756.0
2024	0519	3119.0
2024	0520	4413.0
2024	0521	5124.0
2024	0522	6177.0
2024	0528	14840.0
2024	0529	13691.0
2024	0532	7037.0
2024	0533	9357.0
2024	0534	13593.0
2024	0536	5587.0
2024	0538	6510.0
2024	0540	2836.0
2024	0541	1366.0
2024	0542	6562.0
2024	0543	2112.0
2024	0544	3298.0
2024	0545	1645.0
2024	0602	71609.96978554598
2024	0604	28848.0
2024	0605	31581.0
2024	0612	6989.0
2024	0615	1115.0
2024	0616	3301.0
2024	0617	4986.0
2024	0618	2666.0
2024	0619	5007.0
2024	0620	4496.0
2024	0621	3526.0
2024	0622	2241.0
2024	0623	14665.0
2024	0624	20779.0
2024	0625	25932.422435648874
2024	0626	28470.0
2024	0627	23875.97567224245
2024	0628	10042.993787294912
2024	0631	2781.0
2024	0632	1395.0
2024	0633	2486.0
2024	0701	27939.0
2024	0702	12309.013710292065
2024	0704	48838.254837898974
2024	0706	47855.43286971332
2024	0709	46125.2793350087
2024	0710	66231.0
2024	0711	6944.6077788051425
2024	0712	48715.0
2024	0713	10963.554603501545
2024	0714	3599.4316862063906
2024	0715	15908.445396498457
2024	0716	10335.74516210103
2024	0719	6200.735594663638
2024	0720	12174.831535623049
2024	0722	22420.593342330183
2024	0723	5080.406657669816
2024	0728	2589.720664991301
2024	0729	27501.0
2024	0805	37193.0
2024	0806	56619.0
2024	0807	13266.0
2024	0811	2382.0
2024	0814	14269.0
2024	0815	10445.0
2024	0817	4086.0
2024	0819	6539.0
2024	0821	6618.467453996155
2024	0822	4285.532546003845
2024	0826	5533.0
2024	0827	1630.0
2024	0828	2979.0
2024	0829	2458.0
2024	0830	1471.0
2024	0831	1256.0
2024	0833	2212.0
2024	0834	3851.0
2024	0901	6825.0
2024	0904	24969.0
2024	0906	46355.0
2024	0911	2444.0
2024	0912	2268.0
2024	0914	6323.0
2024	0919	6236.0
2024	0926	11523.0
2024	0928	5480.0
2024	0929	1802.0
2024	0935	1380.0
2024	0937	3967.0
2024	0938	1180.0
2024	0940	1205.0
2024	0941	1011.0
2024	1001	97795.12869708582
2024	1002	16192.83731284648
2024	1003	9876.0
2024	1004	9279.0
2024	1014	15452.0
2024	1017	7106.6311202906045
2024	1018	12084.240182623584
2024	1021	2375.30795757126
2024	1026	923.0
2024	1027	1856.4154394070647
2024	1029	5121.85472958226
2024	1032	8978.584560592935
2024	1034	1776.0
2024	1037	6192.0
2024	1046	1873.0
2024	1101	15221.0
2024	1102	82428.9536072617
2024	1103	149048.0
2024	1106	38292.0
2024	1108	83702.0
2024	1111	3347.0
2024	1112	3226.0
2024	1114	2892.0
2024	1119	19827.0
2024	1120	20900.0
2024	1121	19910.0
2024	1122	12362.0
2024	1124	28685.0
2024	1127	11742.0
2024	1129	1273.0463927383066
2024	1130	13703.0
2024	1133	2643.0
2024	1134	3889.0
2024	1135	4572.0
2024	1141	2697.9416395628136
2024	1142	4151.4041672891935
2024	1144	544.0
2024	1145	883.0
2024	1146	11570.0
2024	1149	43306.0
2024	1151	215.0
2024	1160	8938.0
2024	1201	291940.0
2024	1211	4072.0
2024	1216	5742.0
2024	1219	12268.0
2024	1221	19287.0
2024	1222	3203.0
2024	1223	2922.0
2024	1224	13089.0
2024	1227	1073.84137374462
2024	1228	6663.3487266857965
2024	1231	3279.809899569584
2024	1232	968.0
2024	1233	1089.0
2024	1234	992.9438975744708
2024	1235	15478.056102425528
2024	1238	8496.0
2024	1241	4082.5007095073993
2024	1242	2502.0
2024	1243	21997.4992904926
2024	1244	5300.0
2024	1245	7367.883516541176
2024	1246	27299.35430385392
2024	1247	30145.0
2024	1251	3852.0
2024	1252	384.0
2024	1253	8200.0
2024	1256	8439.167480233757
2024	1259	5100.762179604901
2024	1260	5247.807700240633
2024	1263	16299.024819525612
2024	1264	2881.0
2024	1265	519.0
2024	1266	1694.0
2024	1401	11537.445180114464
2024	1411	2234.0
2024	1412	750.0
2024	1413	1268.0
2024	1416	3879.0
2024	1417	2551.0
2024	1418	1335.1411744767393
2024	1419	2433.318278112024
2024	1420	8550.540547411238
2024	1421	1800.0
2024	1422	2160.0
2024	1424	5239.0
2024	1426	5371.0
2024	1428	2986.0
2024	1429	2869.0
2024	1430	3094.6832733731044
2024	1431	3115.1304704221507
2024	1432	13384.735188305478
2024	1433	2855.4510678992665
2024	1438	3392.0
2024	1439	5811.554819885535
2024	1441	2966.809395369746
2024	1443	6643.190604630255
2024	1444	1234.8184365639192
2024	1445	5926.0
2024	1449	7271.0
2024	1502	27710.30823117338
2024	1504	49631.012874620996
2024	1505	24404.0
2024	1506	32816.0
2024	1507	67866.0
2024	1508	58509.0
2024	1511	3026.0
2024	1514	2438.0
2024	1515	8968.0
2024	1516	8861.0
2024	1517	5322.0
2024	1519	9858.18156343608
2024	1520	10958.0
2024	1523	2326.5506681090305
2024	1524	1581.5354938271605
2024	1525	4348.0
2024	1526	910.4645061728395
2024	1528	7617.0
2024	1529	4926.083281276187
2024	1531	9720.0
2024	1532	8691.0
2024	1534	9702.233297274237
2024	1535	7147.0
2024	1539	7299.0
2024	1543	3033.653239929947
2024	1545	2072.0385288966727
2024	1546	1280.1198787195467
2024	1547	3678.0
2024	1548	9951.076853321243
2024	1551	3485.923146678757
2024	1554	5955.0
2024	1557	2700.0
2024	1560	3041.0
2024	1563	7227.0
2024	1566	5953.0
2024	1567	1958.0
2024	1571	1410.1429201588005
2024	1573	2159.0
2024	1576	3408.0
2024	1577	11093.0
2024	1578	2492.0
2024	1579	13437.0
2024	1580	9357.0
2024	1601	214565.0
2024	1612	3787.8553153947946
2024	1613	895.0017644464049
2024	1617	4448.432376606436
2024	1620	5453.0
2024	1621	5481.964055479586
2024	1622	1715.9814408791
2024	1624	6572.2639493470515
2024	1627	5040.035944520413
2024	1630	3372.6460321154295
2024	1632	966.3539678845706
2024	1633	898.0
2024	1634	7389.0
2024	1635	2484.0
2024	1636	3958.007989741811
2024	1638	12250.060067610633
2024	1640	5685.0
2024	1644	2035.0
2024	1648	6140.0
2024	1653	17560.0
2024	1657	8484.0
2024	1662	5754.845479144872
2024	1663	14783.0
2024	1664	4216.0
2024	1665	773.0
2024	1702	21633.59876115571
2024	1703	12932.089642997253
2024	1711	2454.0
2024	1714	24717.0
2024	1717	2645.0
2024	1718	3450.7360506529485
2024	1719	20574.0
2024	1721	15193.0
2024	1723	837.6831919011466
2024	1724	2398.4012388442893
2024	1725	1554.2570942853408
2024	1729	6100.3168080988535
2024	1736	2114.0
2024	1738	1301.0
2024	1739	423.0
2024	1740	810.0
2024	1742	2322.0
2024	1743	1222.0
2024	1744	3924.0
2024	1748	596.6532627174056
2024	1749	1116.0
2024	1750	4728.860518134715
2024	1751	5239.139481865285
2024	1755	604.0
2024	1756	6938.0
2024	1804	53712.0
2024	1805	17460.82084690554
2024	1806	21580.0
2024	1811	1399.0
2024	1812	1976.0
2024	1813	7826.0
2024	1815	1208.0
2024	1816	480.0
2024	1818	1842.0
2024	1820	7421.0
2024	1822	2352.0
2024	1824	13469.0
2024	1825	1447.0
2024	1826	1284.0
2024	1827	1427.0
2024	1828	1808.0
2024	1832	4485.0
2024	1833	25994.0
2024	1834	1886.0
2024	1835	442.0
2024	1836	1139.0
2024	1837	6180.0
2024	1838	1958.0
2024	1839	1062.0
2024	1840	4880.0
2024	1841	9827.0
2024	1845	1858.0
2024	1848	2672.0
2024	1849	964.2418325557945
2024	1850	1804.191096634093
2024	1851	2060.0
2024	1852	1262.8348172446113
2024	1853	1330.0
2024	1854	2314.9880564603686
2024	1856	460.0
2024	1857	683.0
2024	1859	1229.0
2024	1860	11619.0
2024	1865	9793.0
2024	1866	8236.0
2024	1867	2634.0
2024	1868	4569.0
2024	1870	10618.0
2024	1871	4553.0
2024	1874	954.0
2024	1875	2729.0
2024	1901	24582.852874040258
2024	1902	78745.0
2024	1903	25056.0
2024	1911	2845.0
2024	1913	3018.1651827553887
2024	1915	473.14712595974265
2024	1917	1311.0
2024	1919	1070.0
2024	1920	986.0
2024	1922	3986.0
2024	1923	2069.0
2024	1924	6714.0
2024	1925	3485.0
2024	1926	1073.0
2024	1927	1501.2072480181196
2024	1928	923.743521417627
2024	1929	881.0786756378654
2024	1931	11587.970554926387
2024	1933	5571.0
2024	1936	2237.0
2024	1938	2743.0
2024	1939	1825.0
2024	1940	1974.0
2024	1941	2794.0
2024	1942	4794.0
2024	1943	1157.0
2024	2002	1972.0
2024	2003	5807.0
2024	2004	10365.946546338077
2024	2011	2848.0
2024	2012	21708.0
2024	2014	864.0
2024	2015	979.0
2024	2017	972.053453661923
2024	2018	1113.0
2024	2019	2951.0
2024	2020	3889.0
2024	2021	2565.0
2024	2022	1215.0
2024	2023	1070.0
2024	2024	892.0
2024	2025	2807.0
2024	2027	859.0
2024	2028	2113.0
2024	2030	10063.0
2024	3001	31935.0
2024	3002	52051.0
2024	3003	59771.0
2024	3004	85230.0
2024	3005	104487.0
2024	3006	28848.0
2024	3007	31581.0
2024	3011	4787.0
2024	3012	1347.0
2024	3013	3658.0
2024	3014	47006.0
2024	3015	3919.0
2024	3016	8420.0
2024	3017	7883.0
2024	3018	6145.0
2024	3019	19493.0
2024	3020	63560.0
2024	3021	22005.0
2024	3022	16244.0
2024	3023	20521.0
2024	3024	130921.0
2024	3025	98815.0
2024	3026	18058.0
2024	3027	20099.0
2024	3028	11482.0
2024	3029	48188.0
2024	3030	94201.0
2024	3031	25882.0
2024	3032	7398.0
2024	3033	43814.0
2024	3034	24645.0
2024	3035	27916.0
2024	3036	16126.0
2024	3037	3041.0
2024	3038	6989.0
2024	3039	1115.0
2024	3040	3301.0
2024	3041	4986.0
2024	3042	2666.0
2024	3043	5007.0
2024	3044	4496.0
2024	3045	3526.0
2024	3046	2241.0
2024	3047	14665.0
2024	3048	20779.0
2024	3049	28470.0
2024	3050	2781.0
2024	3051	1395.0
2024	3052	2486.0
2024	3053	7037.0
2024	3054	9357.0
2024	3101	31935.0
2024	3103	52051.0
2024	3105	59771.0
2024	3107	85230.0
2024	3110	4787.0
2024	3112	7883.0
2024	3114	6145.0
2024	3116	3919.0
2024	3118	47006.0
2024	3120	8420.0
2024	3122	3658.0
2024	3124	1347.0
2024	3201	130921.0
2024	3203	98815.0
2024	3205	94201.0
2024	3207	63560.0
2024	3209	43814.0
2024	3212	20521.0
2024	3214	16244.0
2024	3216	19493.0
2024	3218	22005.0
2024	3220	11482.0
2024	3222	48188.0
2024	3224	20099.0
2024	3226	18058.0
2024	3228	24645.0
2024	3230	7398.0
2024	3232	25882.0
2024	3234	9357.0
2024	3236	7037.0
2024	3238	16126.0
2024	3240	27916.0
2024	3242	3041.0
2024	3301	104487.0
2024	3303	28848.0
2024	3305	31581.0
2024	3310	6989.0
2024	3312	28470.0
2024	3314	20779.0
2024	3316	14665.0
2024	3318	2241.0
2024	3320	1115.0
2024	3322	3301.0
2024	3324	4986.0
2024	3326	2666.0
2024	3328	5007.0
2024	3330	4496.0
2024	3332	3526.0
2024	3334	2781.0
2024	3336	1395.0
2024	3338	2486.0
2024	3401	18058.0
2024	3403	32879.0
2024	3405	28768.0
2024	3407	30903.0
2024	3411	35612.0
2024	3412	7929.0
2024	3413	21605.0
2024	3414	4992.0
2024	3415	8112.0
2024	3416	6040.0
2024	3417	4532.0
2024	3418	7339.0
2024	3419	3615.0
2024	3420	21761.0
2024	3421	6566.0
2024	3422	4289.0
2024	3423	2276.0
2024	3424	1837.0
2024	3425	1361.0
2024	3426	1604.0
2024	3427	5692.0
2024	3428	2526.0
2024	3429	1532.0
2024	3430	1891.0
2024	3431	2503.0
2024	3432	1983.0
2024	3433	2141.0
2024	3434	2212.0
2024	3435	3531.0
2024	3436	5586.0
2024	3437	5756.0
2024	3438	3119.0
2024	3439	4413.0
2024	3440	5124.0
2024	3441	6177.0
2024	3442	14840.0
2024	3443	13691.0
2024	3446	13593.0
2024	3447	5587.0
2024	3448	6510.0
2024	3449	2836.0
2024	3450	1366.0
2024	3451	6562.0
2024	3452	2112.0
2024	3453	3298.0
2024	3454	1645.0
2024	3801	27939.0
2024	3802	26872.0
2024	3803	59174.0
2024	3804	66231.0
2024	3805	48715.0
2024	3806	37193.0
2024	3807	56619.0
2024	3808	13266.0
2024	3811	27501.0
2024	3812	2382.0
2024	3813	14269.0
2024	3814	10445.0
2024	3815	4086.0
2024	3816	6539.0
2024	3817	10904.0
2024	3818	5533.0
2024	3819	1630.0
2024	3820	2979.0
2024	3821	2458.0
2024	3822	1471.0
2024	3823	1256.0
2024	3824	2212.0
2024	3825	3851.0
2024	3901	27939.0
2024	3903	26872.0
2024	3905	59174.0
2024	3907	66231.0
2024	3909	48715.0
2024	3911	27501.0
2024	4001	37193.0
2024	4003	56619.0
2024	4005	13266.0
2024	4010	2382.0
2024	4012	14269.0
2024	4014	10445.0
2024	4016	4086.0
2024	4018	6539.0
2024	4020	10904.0
2024	4022	2979.0
2024	4024	1630.0
2024	4026	5533.0
2024	4028	2458.0
2024	4030	1471.0
2024	4032	1256.0
2024	4034	2212.0
2024	4036	3851.0
2024	4201	6825.0
2024	4202	24969.0
2024	4203	46355.0
2024	4204	116986.0
2024	4205	23690.0
2024	4206	9876.0
2024	4207	9279.0
2024	4211	2444.0
2024	4212	2268.0
2024	4213	6323.0
2024	4214	6236.0
2024	4215	11523.0
2024	4216	5480.0
2024	4217	1802.0
2024	4218	1380.0
2024	4219	3967.0
2024	4220	1180.0
2024	4221	1205.0
2024	4222	1011.0
2024	4223	15452.0
2024	4224	923.0
2024	4225	10835.0
2024	4226	1776.0
2024	4227	6192.0
2024	4228	1873.0
2024	4601	291940.0
2024	4602	17349.0
2024	4611	4072.0
2024	4612	5742.0
2024	4613	12268.0
2024	4614	19287.0
2024	4615	3203.0
2024	4616	2922.0
2024	4617	13089.0
2024	4618	11017.0
2024	4619	968.0
2024	4620	1089.0
2024	4621	16471.0
2024	4622	8496.0
2024	4623	2502.0
2024	4624	26080.0
2024	4625	5300.0
2024	4626	39768.0
2024	4627	30145.0
2024	4628	3852.0
2024	4629	384.0
2024	4630	8200.0
2024	4631	29986.0
2024	4632	2881.0
2024	4633	519.0
2024	4634	1694.0
2024	4635	2234.0
2024	4636	750.0
2024	4637	1268.0
2024	4638	3879.0
2024	4639	2551.0
2024	4640	12319.0
2024	4641	1800.0
2024	4642	2160.0
2024	4643	5239.0
2024	4644	5371.0
2024	4645	2986.0
2024	4646	2869.0
2024	4647	22450.0
2024	4648	3392.0
2024	4649	9610.0
2024	4650	5926.0
2024	4651	7271.0
2024	5001	214565.0
2024	5004	21633.59876115571
2024	5005	12932.089642997253
2024	5006	24032.0
2024	5007	15083.0
2024	5011	3787.8553153947946
2024	5012	895.0017644464049
2024	5013	4448.432376606436
2024	5014	5453.0
2024	5015	5481.964055479586
2024	5016	1715.9814408791
2024	5017	5040.035944520413
2024	5018	3372.6460321154295
2024	5019	966.3539678845706
2024	5020	898.0
2024	5021	7389.0
2024	5022	2484.0
2024	5023	3958.007989741811
2024	5024	12250.060067610633
2024	5025	5685.0
2024	5026	2035.0
2024	5027	6140.0
2024	5028	17560.0
2024	5029	8484.0
2024	5030	5754.845479144872
2024	5031	14783.0
2024	5032	4216.0
2024	5033	773.0
2024	5034	2454.0
2024	5035	24717.0
2024	5036	2645.0
2024	5037	20574.0
2024	5038	15193.0
2024	5039	2398.4012388442893
2024	5040	1554.2570942853408
2024	5041	2114.0
2024	5042	1301.0
2024	5043	423.0
2024	5044	810.0
2024	5045	2322.0
2024	5046	1222.0
2024	5047	3924.0
2024	5048	596.6532627174056
2024	5049	1116.0
2024	5050	4728.860518134715
2024	5051	5239.139481865285
2024	5052	604.0
2024	5053	6938.0
2024	5054	10023.0
2024	5055	6093.0
2024	5056	5323.0
2024	5057	10522.0
2024	5058	4339.0
2024	5059	18793.0
2024	5060	9968.0
2024	5061	1958.0
2024	5401	78745.0
2024	5402	25056.0
2024	5403	21708.0
2024	5404	1972.0
2024	5405	5807.0
2024	5406	11338.0
2024	5411	2845.0
2024	5412	4281.0
2024	5413	1311.0
2024	5414	1070.0
2024	5415	986.0
2024	5416	3986.0
2024	5417	2069.0
2024	5418	6714.0
2024	5419	3485.0
2024	5420	1073.0
2024	5421	14894.0
2024	5422	5571.0
2024	5423	2237.0
2024	5424	2743.0
2024	5425	1825.0
2024	5426	1974.0
2024	5427	2794.0
2024	5428	4794.0
2024	5429	1157.0
2024	5430	2848.0
2024	5432	864.0
2024	5433	979.0
2024	5434	1113.0
2024	5435	2951.0
2024	5436	3889.0
2024	5437	2565.0
2024	5438	1215.0
2024	5439	1070.0
2024	5440	892.0
2024	5441	2807.0
2024	5442	859.0
2024	5443	2113.0
2024	5444	10063.0
2024	5501	78745.0
2024	5503	25056.0
2024	5510	2845.0
2024	5512	4281.0
2024	5514	1311.0
2024	5516	1070.0
2024	5518	986.0
2024	5520	3986.0
2024	5522	2069.0
2024	5524	6714.0
2024	5526	3485.0
2024	5528	1073.0
2024	5530	14894.0
2024	5532	5571.0
2024	5534	2237.0
2024	5536	2743.0
2024	5538	1825.0
2024	5540	1974.0
2024	5542	2794.0
2024	5544	4794.0
2024	5546	1157.0
2024	5601	21708.0
2024	5603	11338.0
2024	5605	10063.0
2024	5607	5807.0
2024	5610	2565.0
2024	5612	2848.0
2024	5614	864.0
2024	5616	979.0
2024	5618	1113.0
2024	5620	2951.0
2024	5622	3889.0
2024	5624	1215.0
2024	5626	1070.0
2024	5628	2807.0
2024	5630	892.0
2024	5632	2113.0
2024	5634	1972.0
2024	5636	859.0
2025	0101	32038.0
2025	0104	35253.892819872715
2025	0105	60139.0
2025	0106	85862.0
2025	0111	4777.0
2025	0118	1346.0
2025	0119	3655.0
2025	0121	717.7151342223254
2025	0122	5724.499165162455
2025	0123	6468.566290613719
2025	0124	16985.071863718407
2025	0125	12230.536462093864
2025	0127	3956.0
2025	0128	8527.0
2025	0135	7850.0
2025	0136	17392.10718012728
2025	0137	6162.0
2025	0138	6040.326218411553
2025	0211	19855.0
2025	0213	34248.93322114807
2025	0214	22344.0
2025	0215	16337.0
2025	0216	20698.0
2025	0217	30419.06677885193
2025	0219	132358.0
2025	0220	65997.38805922352
2025	0221	17596.284865777674
2025	0226	20393.68688270345
2025	0227	13223.568968130881
2025	0228	20509.0
2025	0229	11549.0
2025	0230	50013.0
2025	0231	62144.74414916567
2025	0233	26023.0
2025	0234	7453.0
2025	0235	45066.0
2025	0236	24897.0
2025	0237	28352.0
2025	0238	16505.0
2025	0239	3022.0
2025	0301	724290.0
2025	0402	18109.0
2025	0403	33441.0
2025	0412	35911.0
2025	0415	7931.0
2025	0417	21691.0
2025	0418	5006.0
2025	0419	8150.0
2025	0420	6059.0
2025	0423	4513.0
2025	0425	7247.0
2025	0426	3559.0
2025	0427	21899.0
2025	0428	6542.0
2025	0429	4205.0
2025	0430	2250.0
2025	0432	1846.0
2025	0434	1326.0
2025	0436	1606.0
2025	0437	5722.0
2025	0438	2509.0
2025	0439	1540.0
2025	0441	1895.0
2025	0501	29011.0
2025	0502	31175.0
2025	0511	2516.0
2025	0512	2006.0
2025	0513	2179.0
2025	0514	2215.0
2025	0515	3529.0
2025	0516	5553.0
2025	0517	5623.0
2025	0519	3128.0
2025	0520	4447.0
2025	0521	5134.0
2025	0522	6174.0
2025	0528	14827.0
2025	0529	13649.0
2025	0532	7043.0
2025	0533	9420.0
2025	0534	13660.0
2025	0536	5597.0
2025	0538	6544.0
2025	0540	2822.0
2025	0541	1254.0
2025	0542	6455.0
2025	0543	2142.0
2025	0544	3311.0
2025	0545	1648.0
2025	0602	72271.33072846761
2025	0604	29011.0
2025	0605	31793.0
2025	0612	7065.0
2025	0615	1117.0
2025	0616	3266.0
2025	0617	4888.0
2025	0618	2685.0
2025	0619	4835.0
2025	0620	4527.0
2025	0621	3530.0
2025	0622	2235.0
2025	0623	14664.0
2025	0624	20861.0
2025	0625	26171.923882244155
2025	0626	28642.0
2025	0627	24281.177425036567
2025	0628	10213.434515739922
2025	0631	2797.0
2025	0632	1414.0
2025	0633	2466.0
2025	0701	28039.0
2025	0702	12369.935815958515
2025	0704	49379.67328474492
2025	0706	48236.218500646544
2025	0709	46272.03943553064
2025	0710	66758.0
2025	0711	7008.745389288236
2025	0712	48870.0
2025	0713	11017.817507723996
2025	0714	3617.2466763174893
2025	0715	15987.182492276006
2025	0716	10450.326715255089
2025	0719	6250.074841517645
2025	0720	12271.70665783581
2025	0722	22476.03133903134
2025	0723	5092.968660968661
2025	0728	2597.96056446936
2025	0729	27569.0
2025	0805	37289.0
2025	0806	56866.0
2025	0807	13333.0
2025	0811	2389.0
2025	0814	14310.0
2025	0815	10446.0
2025	0817	4067.0
2025	0819	6558.0
2025	0821	6758.678934358693
2025	0822	4376.321065641307
2025	0826	5529.0
2025	0827	1646.0
2025	0828	2981.0
2025	0829	2473.0
2025	0830	1486.0
2025	0831	1256.0
2025	0833	2238.0
2025	0834	3861.0
2025	0901	6687.0
2025	0904	25419.0
2025	0906	46568.0
2025	0911	2492.0
2025	0912	2285.0
2025	0914	6464.0
2025	0919	6260.0
2025	0926	11734.0
2025	0928	5413.0
2025	0929	1778.0
2025	0935	1399.0
2025	0937	3828.0
2025	0938	1162.0
2025	0940	1205.0
2025	0941	1039.0
2025	1001	98827.53414680544
2025	1002	16246.152691082107
2025	1003	9880.0
2025	1004	9329.0
2025	1014	15622.0
2025	1017	7181.654537054651
2025	1018	12211.811316139901
2025	1021	2383.1287267012963
2025	1026	915.0
2025	1027	1862.240831648859
2025	1029	5138.718582216596
2025	1032	9006.759168351142
2025	1034	1786.0
2025	1037	6163.0
2025	1046	1902.0
2025	1101	15375.0
2025	1102	83616.61122655822
2025	1103	150123.0
2025	1106	38441.0
2025	1108	84908.0
2025	1111	3371.0
2025	1112	3259.0
2025	1114	2905.0
2025	1119	20067.0
2025	1120	21186.0
2025	1121	20157.0
2025	1122	12536.0
2025	1124	29153.0
2025	1127	11795.0
2025	1129	1291.3887734417829
2025	1130	13813.0
2025	1133	2681.0
2025	1134	3939.0
2025	1135	4600.0
2025	1141	2598.011471329916
2025	1142	3997.6386036622553
2025	1144	570.0
2025	1145	893.0
2025	1146	11715.0
2025	1149	43723.0
2025	1151	217.0
2025	1160	9069.0
2025	1201	293709.0
2025	1211	4093.0
2025	1216	5752.0
2025	1219	12365.0
2025	1221	19350.0
2025	1222	3208.0
2025	1223	2986.0
2025	1224	13175.0
2025	1227	1070.3324067431852
2025	1228	6641.575053802009
2025	1231	3269.0925394548067
2025	1232	967.0
2025	1233	1100.0
2025	1234	990.8339445409509
2025	1235	15445.166055459049
2025	1238	8517.0
2025	1241	4123.5135617271435
2025	1242	2491.0
2025	1243	22218.486438272856
2025	1244	5437.0
2025	1245	7430.320067161634
2025	1246	27530.69312905003
2025	1247	30377.0
2025	1251	3875.0
2025	1252	392.0
2025	1253	8172.0
2025	1256	8490.670436576142
2025	1259	5143.986803788336
2025	1260	5279.83427294603
2025	1263	16398.49529047783
2025	1264	2915.0
2025	1265	521.0
2025	1266	1687.0
2025	1401	11583.996633374481
2025	1411	2260.0
2025	1412	740.0
2025	1413	1281.0
2025	1416	3894.0
2025	1417	2550.0
2025	1418	1354.3245487670536
2025	1419	2468.2803152275224
2025	1420	8673.395136005425
2025	1421	1836.0
2025	1422	2188.0
2025	1424	5213.0
2025	1426	5432.0
2025	1428	2930.0
2025	1429	2924.0
2025	1430	3123.9070085158705
2025	1431	3144.547292681816
2025	1432	13511.130015028006
2025	1433	2882.415683774306
2025	1438	3361.0
2025	1439	5835.003366625519
2025	1441	2980.7018431108113
2025	1443	6674.298156889189
2025	1444	1239.0484104744423
2025	1445	5936.0
2025	1449	7311.0
2025	1502	28003.32008381286
2025	1504	50172.91280301068
2025	1505	24578.0
2025	1506	33163.0
2025	1507	68607.0
2025	1508	59198.0
2025	1511	3048.0
2025	1514	2435.0
2025	1515	9031.0
2025	1516	8862.0
2025	1517	5320.0
2025	1519	9891.951589525559
2025	1520	11055.0
2025	1523	2351.953285694696
2025	1524	1590.420524691358
2025	1525	4380.0
2025	1526	915.5794753086419
2025	1528	7626.0
2025	1529	4979.869090244237
2025	1531	9759.0
2025	1532	8773.0
2025	1534	9808.167857632594
2025	1535	7242.0
2025	1539	7196.0
2025	1543	3065.731423567676
2025	1545	2093.9484926194646
2025	1546	1294.096963417793
2025	1547	3759.0
2025	1548	9968.110027960403
2025	1551	3491.8899720395975
2025	1554	5992.0
2025	1557	2708.0
2025	1560	3077.0
2025	1563	7193.0
2025	1566	5950.0
2025	1567	1937.0
2025	1571	1419.6318188501696
2025	1573	2168.0
2025	1576	3394.0
2025	1577	11131.0
2025	1578	2506.0
2025	1579	13460.0
2025	1580	9409.0
2025	1601	216518.0
2025	1612	3813.3439200117627
2025	1613	901.0242611380679
2025	1617	4507.178763917899
2025	1620	5655.0
2025	1621	5536.6690759914045
2025	1622	1714.0619192433803
2025	1624	6584.7225959635925
2025	1627	5090.330924008595
2025	1630	3374.977891552246
2025	1632	967.0221084477542
2025	1633	891.0
2025	1634	7408.0
2025	1635	2513.0
2025	1636	3953.5805048112225
2025	1638	12236.356973405489
2025	1640	5681.0
2025	1644	2048.0
2025	1648	6141.0
2025	1653	17812.0
2025	1657	8521.0
2025	1662	5655.539702942631
2025	1663	15023.0
2025	1664	4233.0
2025	1665	786.0
2025	1702	21662.40515098415
2025	1703	12992.964692036092
2025	1711	2472.0
2025	1714	24927.0
2025	1717	2661.0
2025	1718	3457.277404036407
2025	1719	20732.0
2025	1721	15412.0
2025	1723	848.9118654161086
2025	1724	2401.5948490158526
2025	1725	1561.573427487904
2025	1729	6182.088134583891
2025	1736	2138.0
2025	1738	1316.0
2025	1739	443.0
2025	1740	811.0
2025	1742	2314.0
2025	1743	1235.0
2025	1744	3946.0
2025	1748	599.4618804760038
2025	1749	1121.0
2025	1750	4706.563523316062
2025	1751	5214.436476683938
2025	1755	593.0
2025	1756	7031.0
2025	1804	53725.0
2025	1805	17469.721172638438
2025	1806	21591.0
2025	1811	1374.0
2025	1812	1979.0
2025	1813	7838.0
2025	1815	1207.0
2025	1816	470.0
2025	1818	1888.0
2025	1820	7465.0
2025	1822	2354.0
2025	1824	13475.0
2025	1825	1430.0
2025	1826	1274.0
2025	1827	1447.0
2025	1828	1770.0
2025	1832	4485.0
2025	1833	25927.0
2025	1834	1948.0
2025	1835	463.0
2025	1836	1160.0
2025	1837	6104.0
2025	1838	2003.0
2025	1839	1059.0
2025	1840	4822.0
2025	1841	9805.0
2025	1845	1851.0
2025	1848	2662.0
2025	1849	970.3604220191618
2025	1850	1805.1107491856674
2025	1851	2067.0
2025	1852	1241.5958294283037
2025	1853	1362.0
2025	1854	2316.168078175895
2025	1856	458.0
2025	1857	677.0
2025	1859	1266.0
2025	1860	11582.0
2025	1865	9871.0
2025	1866	8400.0
2025	1867	2617.0
2025	1868	4628.0
2025	1870	10781.0
2025	1871	4542.0
2025	1874	969.0
2025	1875	2786.0
2025	1901	24691.756796015772
2025	1902	79421.0
2025	1903	25167.0
2025	1911	2852.0
2025	1913	2967.4041705716963
2025	1915	475.24320398422907
2025	1917	1301.0
2025	1919	1062.0
2025	1920	985.0
2025	1922	3961.0
2025	1923	2116.0
2025	1924	6794.0
2025	1925	3533.0
2025	1926	1069.0
2025	1927	1506.6500566251411
2025	1928	927.0926653787221
2025	1929	884.2731330357736
2025	1931	11629.984144960363
2025	1933	5595.0
2025	1936	2223.0
2025	1938	2734.0
2025	1939	1829.0
2025	1940	1955.0
2025	1941	2784.0
2025	1942	4810.0
2025	1943	1131.0
2025	2002	1982.0
2025	2003	5777.0
2025	2004	10353.146824019437
2025	2011	2852.0
2025	2012	21877.0
2025	2014	864.0
2025	2015	977.0
2025	2017	970.8531759805624
2025	2018	1098.0
2025	2019	2956.0
2025	2020	3896.0
2025	2021	2524.0
2025	2022	1238.0
2025	2023	1051.0
2025	2024	890.0
2025	2025	2798.0
2025	2027	868.0
2025	2028	2107.0
2025	2030	9963.0
2025	3001	32038.0
2025	3002	52646.0
2025	3003	60139.0
2025	3004	85862.0
2025	3005	105452.0
2025	3006	29011.0
2025	3007	31793.0
2025	3011	4777.0
2025	3012	1346.0
2025	3013	3655.0
2025	3014	47449.0
2025	3015	3956.0
2025	3016	8527.0
2025	3017	7850.0
2025	3018	6162.0
2025	3019	19855.0
2025	3020	64668.0
2025	3021	22344.0
2025	3022	16337.0
2025	3023	20698.0
2025	3024	132358.0
2025	3025	100492.0
2025	3026	18314.0
2025	3027	20509.0
2025	3028	11549.0
2025	3029	50013.0
2025	3030	95762.0
2025	3031	26023.0
2025	3032	7453.0
2025	3033	45066.0
2025	3034	24897.0
2025	3035	28352.0
2025	3036	16505.0
2025	3037	3022.0
2025	3038	7065.0
2025	3039	1117.0
2025	3040	3266.0
2025	3041	4888.0
2025	3042	2685.0
2025	3043	4835.0
2025	3044	4527.0
2025	3045	3530.0
2025	3046	2235.0
2025	3047	14664.0
2025	3048	20861.0
2025	3049	28642.0
2025	3050	2797.0
2025	3051	1414.0
2025	3052	2466.0
2025	3053	7043.0
2025	3054	9420.0
2025	3101	32038.0
2025	3103	52646.0
2025	3105	60139.0
2025	3107	85862.0
2025	3110	4777.0
2025	3112	7850.0
2025	3114	6162.0
2025	3116	3956.0
2025	3118	47449.0
2025	3120	8527.0
2025	3122	3655.0
2025	3124	1346.0
2025	3201	132358.0
2025	3203	100492.0
2025	3205	95762.0
2025	3207	64668.0
2025	3209	45066.0
2025	3212	20698.0
2025	3214	16337.0
2025	3216	19855.0
2025	3218	22344.0
2025	3220	11549.0
2025	3222	50013.0
2025	3224	20509.0
2025	3226	18314.0
2025	3228	24897.0
2025	3230	7453.0
2025	3232	26023.0
2025	3234	9420.0
2025	3236	7043.0
2025	3238	16505.0
2025	3240	28352.0
2025	3242	3022.0
2025	3301	105452.0
2025	3303	29011.0
2025	3305	31793.0
2025	3310	7065.0
2025	3312	28642.0
2025	3314	20861.0
2025	3316	14664.0
2025	3318	2235.0
2025	3320	1117.0
2025	3322	3266.0
2025	3324	4888.0
2025	3326	2685.0
2025	3328	4835.0
2025	3330	4527.0
2025	3332	3530.0
2025	3334	2797.0
2025	3336	1414.0
2025	3338	2466.0
2025	3401	18109.0
2025	3403	33441.0
2025	3405	29011.0
2025	3407	31175.0
2025	3411	35911.0
2025	3412	7931.0
2025	3413	21691.0
2025	3414	5006.0
2025	3415	8150.0
2025	3416	6059.0
2025	3417	4513.0
2025	3418	7247.0
2025	3419	3559.0
2025	3420	21899.0
2025	3421	6542.0
2025	3422	4205.0
2025	3423	2250.0
2025	3424	1846.0
2025	3425	1326.0
2025	3426	1606.0
2025	3427	5722.0
2025	3428	2509.0
2025	3429	1540.0
2025	3430	1895.0
2025	3431	2516.0
2025	3432	2006.0
2025	3433	2179.0
2025	3434	2215.0
2025	3435	3529.0
2025	3436	5553.0
2025	3437	5623.0
2025	3438	3128.0
2025	3439	4447.0
2025	3440	5134.0
2025	3441	6174.0
2025	3442	14827.0
2025	3443	13649.0
2025	3446	13660.0
2025	3447	5597.0
2025	3448	6544.0
2025	3449	2822.0
2025	3450	1254.0
2025	3451	6455.0
2025	3452	2142.0
2025	3453	3311.0
2025	3454	1648.0
2025	3801	28039.0
2025	3802	27005.0
2025	3803	59830.0
2025	3804	66758.0
2025	3805	48870.0
2025	3806	37289.0
2025	3807	56866.0
2025	3808	13333.0
2025	3811	27569.0
2025	3812	2389.0
2025	3813	14310.0
2025	3814	10446.0
2025	3815	4067.0
2025	3816	6558.0
2025	3817	11135.0
2025	3818	5529.0
2025	3819	1646.0
2025	3820	2981.0
2025	3821	2473.0
2025	3822	1486.0
2025	3823	1256.0
2025	3824	2238.0
2025	3825	3861.0
2025	3901	28039.0
2025	3903	27005.0
2025	3905	59830.0
2025	3907	66758.0
2025	3909	48870.0
2025	3911	27569.0
2025	4001	37289.0
2025	4003	56866.0
2025	4005	13333.0
2025	4010	2389.0
2025	4012	14310.0
2025	4014	10446.0
2025	4016	4067.0
2025	4018	6558.0
2025	4020	11135.0
2025	4022	2981.0
2025	4024	1646.0
2025	4026	5529.0
2025	4028	2473.0
2025	4030	1486.0
2025	4032	1256.0
2025	4034	2238.0
2025	4036	3861.0
2025	4201	6687.0
2025	4202	25419.0
2025	4203	46568.0
2025	4204	118221.0
2025	4205	23768.0
2025	4206	9880.0
2025	4207	9329.0
2025	4211	2492.0
2025	4212	2285.0
2025	4213	6464.0
2025	4214	6260.0
2025	4215	11734.0
2025	4216	5413.0
2025	4217	1778.0
2025	4218	1399.0
2025	4219	3828.0
2025	4220	1162.0
2025	4221	1205.0
2025	4222	1039.0
2025	4223	15622.0
2025	4224	915.0
2025	4225	10869.0
2025	4226	1786.0
2025	4227	6163.0
2025	4228	1902.0
2025	4601	293709.0
2025	4602	17419.0
2025	4611	4093.0
2025	4612	5752.0
2025	4613	12365.0
2025	4614	19350.0
2025	4615	3208.0
2025	4616	2986.0
2025	4617	13175.0
2025	4618	10981.0
2025	4619	967.0
2025	4620	1100.0
2025	4621	16436.0
2025	4622	8517.0
2025	4623	2491.0
2025	4624	26342.0
2025	4625	5437.0
2025	4626	40105.0
2025	4627	30377.0
2025	4628	3875.0
2025	4629	392.0
2025	4630	8172.0
2025	4631	30169.0
2025	4632	2915.0
2025	4633	521.0
2025	4634	1687.0
2025	4635	2260.0
2025	4636	740.0
2025	4637	1281.0
2025	4638	3894.0
2025	4639	2550.0
2025	4640	12496.0
2025	4641	1836.0
2025	4642	2188.0
2025	4643	5213.0
2025	4644	5432.0
2025	4645	2930.0
2025	4646	2924.0
2025	4647	22662.0
2025	4648	3361.0
2025	4649	9655.0
2025	4650	5936.0
2025	4651	7311.0
2025	5001	216518.0
2025	5004	21662.40515098415
2025	5005	12992.964692036092
2025	5006	24064.0
2025	5007	15154.0
2025	5011	3813.3439200117627
2025	5012	901.0242611380679
2025	5013	4507.178763917899
2025	5014	5655.0
2025	5015	5536.6690759914045
2025	5016	1714.0619192433803
2025	5017	5090.330924008595
2025	5018	3374.977891552246
2025	5019	967.0221084477542
2025	5020	891.0
2025	5021	7408.0
2025	5022	2513.0
2025	5023	3953.5805048112225
2025	5024	12236.356973405489
2025	5025	5681.0
2025	5026	2048.0
2025	5027	6141.0
2025	5028	17812.0
2025	5029	8521.0
2025	5030	5655.539702942631
2025	5031	15023.0
2025	5032	4233.0
2025	5033	786.0
2025	5034	2472.0
2025	5035	24927.0
2025	5036	2661.0
2025	5037	20732.0
2025	5038	15412.0
2025	5039	2401.5948490158526
2025	5040	1561.573427487904
2025	5041	2138.0
2025	5042	1316.0
2025	5043	443.0
2025	5044	811.0
2025	5045	2314.0
2025	5046	1235.0
2025	5047	3946.0
2025	5048	599.4618804760038
2025	5049	1121.0
2025	5050	4706.563523316062
2025	5051	5214.436476683938
2025	5052	593.0
2025	5053	7031.0
2025	5054	10042.0
2025	5055	6134.0
2025	5056	5414.0
2025	5057	10627.0
2025	5058	4342.0
2025	5059	18798.0
2025	5060	9921.0
2025	5061	1937.0
2025	5401	79421.0
2025	5402	25167.0
2025	5403	21877.0
2025	5404	1982.0
2025	5405	5777.0
2025	5406	11324.0
2025	5411	2852.0
2025	5412	4209.0
2025	5413	1301.0
2025	5414	1062.0
2025	5415	985.0
2025	5416	3961.0
2025	5417	2116.0
2025	5418	6794.0
2025	5419	3533.0
2025	5420	1069.0
2025	5421	14948.0
2025	5422	5595.0
2025	5423	2223.0
2025	5424	2734.0
2025	5425	1829.0
2025	5426	1955.0
2025	5427	2784.0
2025	5428	4810.0
2025	5429	1131.0
2025	5430	2852.0
2025	5432	864.0
2025	5433	977.0
2025	5434	1098.0
2025	5435	2956.0
2025	5436	3896.0
2025	5437	2524.0
2025	5438	1238.0
2025	5439	1051.0
2025	5440	890.0
2025	5441	2798.0
2025	5442	868.0
2025	5443	2107.0
2025	5444	9963.0
2025	5501	79421.0
2025	5503	25167.0
2025	5510	2852.0
2025	5512	4209.0
2025	5514	1301.0
2025	5516	1062.0
2025	5518	985.0
2025	5520	3961.0
2025	5522	2116.0
2025	5524	6794.0
2025	5526	3533.0
2025	5528	1069.0
2025	5530	14948.0
2025	5532	5595.0
2025	5534	2223.0
2025	5536	2734.0
2025	5538	1829.0
2025	5540	1955.0
2025	5542	2784.0
2025	5544	4810.0
2025	5546	1131.0
2025	5601	21877.0
2025	5603	11324.0
2025	5605	9963.0
2025	5607	5777.0
2025	5610	2524.0
2025	5612	2852.0
2025	5614	864.0
2025	5616	977.0
2025	5618	1098.0
2025	5620	2956.0
2025	5622	3896.0
2025	5624	1238.0
2025	5626	1051.0
2025	5628	2798.0
2025	5630	890.0
2025	5632	2107.0
2025	5634	1982.0
2025	5636	868.0
2026	0101	32082.0
2026	0104	35629.561130322676
2026	0105	60614.0
2026	0106	86243.0
2026	0111	4714.0
2026	0118	1354.0
2026	0119	3647.0
2026	0121	723.3584114598494
2026	0122	5784.097946750903
2026	0123	6535.911687725631
2026	0124	17161.906475631764
2026	0125	12357.870758122745
2026	0127	3940.0
2026	0128	8583.0
2026	0135	7892.0
2026	0136	17577.43886967732
2026	0137	6229.0
2026	0138	6103.213131768954
2026	0211	20167.0
2026	0213	34626.54640520632
2026	0214	22725.0
2026	0215	16429.0
2026	0216	21005.0
2026	0217	30754.453594793686
2026	0219	133228.0
2026	0220	66665.29539170998
2026	0221	17734.64158854015
2026	0226	20608.56574973471
2026	0227	13362.899611693507
2026	0228	20904.0
2026	0229	11697.0
2026	0230	51511.0
2026	0231	62799.534638571786
2026	0233	26032.0
2026	0234	7478.0
2026	0235	45982.0
2026	0236	24948.0
2026	0237	28739.0
2026	0238	16662.0
2026	0239	3078.0
2026	0301	728714.0
2026	0402	18191.0
2026	0403	33817.0
2026	0412	36199.0
2026	0415	7951.0
2026	0417	21839.0
2026	0418	4978.0
2026	0419	8165.0
2026	0420	6103.0
2026	0423	4463.0
2026	0425	7216.0
2026	0426	3614.0
2026	0427	21937.0
2026	0428	6474.0
2026	0429	4191.0
2026	0430	2239.0
2026	0432	1836.0
2026	0434	1287.0
2026	0436	1609.0
2026	0437	5762.0
2026	0438	2492.0
2026	0439	1525.0
2026	0441	1871.0
2026	0501	29669.0
2026	0502	31350.0
2026	0511	2523.0
2026	0512	1966.0
2026	0513	2185.0
2026	0514	2239.0
2026	0515	3553.0
2026	0516	5493.0
2026	0517	5469.0
2026	0519	3108.0
2026	0520	4497.0
2026	0521	5130.0
2026	0522	6147.0
2026	0528	14925.0
2026	0529	13612.0
2026	0532	7040.0
2026	0533	9463.0
2026	0534	13689.0
2026	0536	5603.0
2026	0538	6510.0
2026	0540	2841.0
2026	0541	1593.0
2026	0542	6424.0
2026	0543	2190.0
2026	0544	3347.0
2026	0545	1666.0
2026	0602	72655.81102792775
2026	0604	29169.0
2026	0605	31942.0
2026	0612	7205.0
2026	0615	1122.0
2026	0616	3234.0
2026	0617	4902.0
2026	0618	2707.0
2026	0619	5106.0
2026	0620	4552.0
2026	0621	3514.0
2026	0622	2276.0
2026	0623	14776.0
2026	0624	20965.0
2026	0625	26311.157365705243
2026	0626	28797.0
2026	0627	24526.908004995785
2026	0628	10316.796603294228
2026	0631	2790.0
2026	0632	1452.0
2026	0633	2459.0
2026	0701	28173.0
2026	0702	12407.038752492219
2026	0704	49723.011812013065
2026	0706	48455.87472797805
2026	0709	46415.95901797796
2026	0710	67062.0
2026	0711	7046.031606367008
2026	0712	49022.0
2026	0713	11050.864840370752
2026	0714	3628.0964071370313
2026	0715	16035.13515962925
2026	0716	10522.98818798693
2026	0719	6278.536190746522
2026	0720	12327.58908127543
2026	0722	22617.887389413703
2026	0723	5125.112610586295
2026	0728	2606.0409820220375
2026	0729	27743.0
2026	0805	37435.0
2026	0806	56906.0
2026	0807	13389.0
2026	0811	2377.0
2026	0814	14267.0
2026	0815	10378.0
2026	0817	4056.0
2026	0819	6529.0
2026	0821	6772.032408678935
2026	0822	4384.967591321065
2026	0826	5515.0
2026	0827	1638.0
2026	0828	2959.0
2026	0829	2463.0
2026	0830	1509.0
2026	0831	1274.0
2026	0833	2242.0
2026	0834	3829.0
2026	0901	6683.0
2026	0904	25569.0
2026	0906	46603.0
2026	0911	2502.0
2026	0912	2253.0
2026	0914	6430.0
2026	0919	6299.0
2026	0926	11822.0
2026	0928	5447.0
2026	0929	1805.0
2026	0935	1386.0
2026	0937	3842.0
2026	0938	1167.0
2026	0940	1209.0
2026	0941	1057.0
2026	1001	99718.66306130029
2026	1002	16201.039678728885
2026	1003	9949.0
2026	1004	9373.0
2026	1014	15772.0
2026	1017	7246.411591524672
2026	1018	12321.925347175042
2026	1021	2376.511152822035
2026	1026	904.0
2026	1027	1871.3215901434205
2026	1029	5124.44916844908
2026	1032	9050.67840985658
2026	1034	1794.0
2026	1037	6242.0
2026	1046	1911.0
2026	1101	15546.0
2026	1102	84480.27269598033
2026	1103	151669.0
2026	1106	38663.0
2026	1108	85785.0
2026	1111	3356.0
2026	1112	3229.0
2026	1114	2894.0
2026	1119	20087.0
2026	1120	21444.0
2026	1121	20461.0
2026	1122	12715.0
2026	1124	29541.0
2026	1127	11841.0
2026	1129	1304.7273040196842
2026	1130	13959.0
2026	1133	2612.0
2026	1134	3891.0
2026	1135	4603.0
2026	1141	2514.3006378410237
2026	1142	3868.8302195604583
2026	1144	579.0
2026	1145	907.0
2026	1146	11750.0
2026	1149	43990.0
2026	1151	219.0
2026	1160	9181.0
2026	1201	294860.0
2026	1211	4115.0
2026	1216	5766.0
2026	1219	12531.0
2026	1221	19276.0
2026	1222	3237.0
2026	1223	3053.0
2026	1224	13236.0
2026	1227	1065.2638988522237
2026	1228	6610.12419296987
2026	1231	3253.6119081779048
2026	1232	985.0
2026	1233	1114.0
2026	1234	990.9545132857235
2026	1235	15447.045486714276
2026	1238	8490.0
2026	1241	4187.850516926819
2026	1242	2489.0
2026	1243	22565.14948307318
2026	1244	5515.0
2026	1245	7529.625678830968
2026	1246	27898.638560222473
2026	1247	30600.0
2026	1251	3899.0
2026	1252	397.0
2026	1253	8231.0
2026	1256	8523.317119284975
2026	1259	5212.73576094656
2026	1260	5300.135269852183
2026	1263	16461.54761086284
2026	1264	2947.0
2026	1265	529.0
2026	1266	1672.0
2026	1401	11542.100325440466
2026	1411	2301.0
2026	1412	742.0
2026	1413	1275.0
2026	1416	3883.0
2026	1417	2532.0
2026	1418	1360.3938649267009
2026	1419	2479.3417506990922
2026	1420	8712.264384374206
2026	1421	1866.0
2026	1422	2223.0
2026	1424	5178.0
2026	1426	5478.0
2026	1428	2924.0
2026	1429	2948.0
2026	1430	3143.4813971492326
2026	1431	3164.2510132519697
2026	1432	13595.790700851587
2026	1433	2900.4768887472105
2026	1438	3381.0
2026	1439	5813.899674559533
2026	1441	2968.6617217352214
2026	1443	6647.338278264779
2026	1444	1225.4679679196058
2026	1445	5976.0
2026	1449	7319.0
2026	1502	28111.40514761071
2026	1504	50550.26821873143
2026	1505	24479.0
2026	1506	33291.0
2026	1507	69123.0
2026	1508	59663.0
2026	1511	3029.0
2026	1514	2437.0
2026	1515	9003.0
2026	1516	8958.0
2026	1517	5411.0
2026	1519	9783.532032080393
2026	1520	11068.0
2026	1523	2369.642557859613
2026	1524	1616.4409722222222
2026	1525	4333.0
2026	1526	930.5590277777777
2026	1528	7626.0
2026	1529	5017.323175841421
2026	1531	9798.0
2026	1532	8828.0
2026	1534	9881.936053509668
2026	1535	7315.0
2026	1539	7195.0
2026	1543	3077.5642982236677
2026	1545	2102.0305541656244
2026	1546	1303.8299940578675
2026	1547	3780.0
2026	1548	10025.874707171468
2026	1551	3512.125292828534
2026	1554	6007.0
2026	1557	2740.0
2026	1560	3066.0
2026	1563	7094.0
2026	1566	5982.0
2026	1567	1935.0
2026	1571	1405.9770621967361
2026	1573	2141.0
2026	1576	3371.0
2026	1577	11009.0
2026	1578	2547.0
2026	1579	13538.0
2026	1580	9460.0
2026	1601	218460.0
2026	1612	3776.6651962946626
2026	1613	892.3577415086016
2026	1617	4640.353041708369
2026	1620	5794.0
2026	1621	5577.828091424107
2026	1622	1717.2499830267482
2026	1624	6561.116739216462
2026	1627	5128.171908575893
2026	1630	3373.4233185943685
2026	1632	966.5766814056318
2026	1633	911.0
2026	1634	7421.0
2026	1635	2514.0
2026	1636	3960.9339537622272
2026	1638	12259.115944985988
2026	1640	5638.0
2026	1644	2037.0
2026	1648	6088.0
2026	1653	17828.0
2026	1657	8574.0
2026	1662	5561.009673594732
2026	1663	14961.0
2026	1664	4258.0
2026	1665	773.0
2026	1702	21611.093769102245
2026	1703	12956.95409964692
2026	1711	2460.0
2026	1714	25108.0
2026	1717	2667.0
2026	1718	3444.883260783538
2026	1719	20807.0
2026	1721	15435.0
2026	1723	853.1377102873311
2026	1724	2395.9062308977545
2026	1725	1557.245455734275
2026	1729	6212.86228971267
2026	1736	2141.0
2026	1738	1302.0
2026	1739	439.0
2026	1740	803.0
2026	1742	2292.0
2026	1743	1230.0
2026	1744	3944.0
2026	1748	597.8004446188048
2026	1749	1110.0
2026	1750	4706.089119170984
2026	1751	5213.910880829016
2026	1755	596.0
2026	1756	7066.0
2026	1804	53638.0
2026	1805	17515.031921824106
2026	1806	21647.0
2026	1811	1361.0
2026	1812	2006.0
2026	1813	7841.0
2026	1815	1202.0
2026	1816	477.0
2026	1818	1874.0
2026	1820	7489.0
2026	1822	2392.0
2026	1824	13481.0
2026	1825	1415.0
2026	1826	1255.0
2026	1827	1445.0
2026	1828	1796.0
2026	1832	4486.0
2026	1833	25844.0
2026	1834	1953.0
2026	1835	443.0
2026	1836	1140.0
2026	1837	6074.0
2026	1838	2024.0
2026	1839	1032.0
2026	1840	4865.0
2026	1841	9707.0
2026	1845	1819.0
2026	1848	2679.0
2026	1849	981.733153382741
2026	1850	1809.792616720955
2026	1851	1964.0
2026	1852	1222.4217432052485
2026	1853	1397.0
2026	1854	2322.1754614549395
2026	1856	471.0
2026	1857	656.0
2026	1859	1235.0
2026	1860	11606.0
2026	1865	9905.0
2026	1866	8374.0
2026	1867	2609.0
2026	1868	4613.0
2026	1870	10748.0
2026	1871	4525.0
2026	1874	976.0
2026	1875	2808.0
2026	1901	24728.058103340943
2026	1902	79943.0
2026	1903	25204.0
2026	1911	2901.0
2026	1913	2921.5782567947517
2026	1915	475.9418966590579
2026	1917	1287.0
2026	1919	1062.0
2026	1920	1002.0
2026	1922	4004.0
2026	1923	2132.0
2026	1924	6819.0
2026	1925	3528.0
2026	1926	1077.0
2026	1927	1506.4484711211774
2026	1928	926.9686230097926
2026	1929	884.1548197988141
2026	1931	11628.428086070215
2026	1933	5625.0
2026	1936	2235.0
2026	1938	2732.0
2026	1939	1848.0
2026	1940	1939.0
2026	1941	2802.0
2026	1942	4863.0
2026	1943	1125.0
2026	2002	1969.0
2026	2003	5808.0
2026	2004	10414.402637972926
2026	2011	2886.0
2026	2012	22074.0
2026	2014	846.0
2026	2015	987.0
2026	2017	976.5973620270739
2026	2018	1089.0
2026	2019	2945.0
2026	2020	3906.0
2026	2021	2524.0
2026	2022	1249.0
2026	2023	1019.0
2026	2024	864.0
2026	2025	2806.0
2026	2027	874.0
2026	2028	2104.0
2026	2030	9947.0
2026	3001	32082.0
2026	3002	53207.0
2026	3003	60614.0
2026	3004	86243.0
2026	3005	106013.0
2026	3006	29169.0
2026	3007	31942.0
2026	3011	4714.0
2026	3012	1354.0
2026	3013	3647.0
2026	3014	47943.0
2026	3015	3940.0
2026	3016	8583.0
2026	3017	7892.0
2026	3018	6229.0
2026	3019	20167.0
2026	3020	65381.0
2026	3021	22725.0
2026	3022	16429.0
2026	3023	21005.0
2026	3024	133228.0
2026	3025	101509.0
2026	3026	18458.0
2026	3027	20904.0
2026	3028	11697.0
2026	3029	51511.0
2026	3030	96771.0
2026	3031	26032.0
2026	3032	7478.0
2026	3033	45982.0
2026	3034	24948.0
2026	3035	28739.0
2026	3036	16662.0
2026	3037	3078.0
2026	3038	7205.0
2026	3039	1122.0
2026	3040	3234.0
2026	3041	4902.0
2026	3042	2707.0
2026	3043	5106.0
2026	3044	4552.0
2026	3045	3514.0
2026	3046	2276.0
2026	3047	14776.0
2026	3048	20965.0
2026	3049	28797.0
2026	3050	2790.0
2026	3051	1452.0
2026	3052	2459.0
2026	3053	7040.0
2026	3054	9463.0
2026	3101	32082.0
2026	3103	53207.0
2026	3105	60614.0
2026	3107	86243.0
2026	3110	4714.0
2026	3112	7892.0
2026	3114	6229.0
2026	3116	3940.0
2026	3118	47943.0
2026	3120	8583.0
2026	3122	3647.0
2026	3124	1354.0
2026	3201	133228.0
2026	3203	101509.0
2026	3205	96771.0
2026	3207	65381.0
2026	3209	45982.0
2026	3212	21005.0
2026	3214	16429.0
2026	3216	20167.0
2026	3218	22725.0
2026	3220	11697.0
2026	3222	51511.0
2026	3224	20904.0
2026	3226	18458.0
2026	3228	24948.0
2026	3230	7478.0
2026	3232	26032.0
2026	3234	9463.0
2026	3236	7040.0
2026	3238	16662.0
2026	3240	28739.0
2026	3242	3078.0
2026	3301	106013.0
2026	3303	29169.0
2026	3305	31942.0
2026	3310	7205.0
2026	3312	28797.0
2026	3314	20965.0
2026	3316	14776.0
2026	3318	2276.0
2026	3320	1122.0
2026	3322	3234.0
2026	3324	4902.0
2026	3326	2707.0
2026	3328	5106.0
2026	3330	4552.0
2026	3332	3514.0
2026	3334	2790.0
2026	3336	1452.0
2026	3338	2459.0
2026	3401	18191.0
2026	3403	33817.0
2026	3405	29669.0
2026	3407	31350.0
2026	3411	36199.0
2026	3412	7951.0
2026	3413	21839.0
2026	3414	4978.0
2026	3415	8165.0
2026	3416	6103.0
2026	3417	4463.0
2026	3418	7216.0
2026	3419	3614.0
2026	3420	21937.0
2026	3421	6474.0
2026	3422	4191.0
2026	3423	2239.0
2026	3424	1836.0
2026	3425	1287.0
2026	3426	1609.0
2026	3427	5762.0
2026	3428	2492.0
2026	3429	1525.0
2026	3430	1871.0
2026	3431	2523.0
2026	3432	1966.0
2026	3433	2185.0
2026	3434	2239.0
2026	3435	3553.0
2026	3436	5493.0
2026	3437	5469.0
2026	3438	3108.0
2026	3439	4497.0
2026	3440	5130.0
2026	3441	6147.0
2026	3442	14925.0
2026	3443	13612.0
2026	3446	13689.0
2026	3447	5603.0
2026	3448	6510.0
2026	3449	2841.0
2026	3450	1593.0
2026	3451	6424.0
2026	3452	2190.0
2026	3453	3347.0
2026	3454	1666.0
2026	3801	28173.0
2026	3802	27086.0
2026	3803	60246.0
2026	3804	67062.0
2026	3805	49022.0
2026	3806	37435.0
2026	3807	56906.0
2026	3808	13389.0
2026	3811	27743.0
2026	3812	2377.0
2026	3813	14267.0
2026	3814	10378.0
2026	3815	4056.0
2026	3816	6529.0
2026	3817	11157.0
2026	3818	5515.0
2026	3819	1638.0
2026	3820	2959.0
2026	3821	2463.0
2026	3822	1509.0
2026	3823	1274.0
2026	3824	2242.0
2026	3825	3829.0
2026	3901	28173.0
2026	3903	27086.0
2026	3905	60246.0
2026	3907	67062.0
2026	3909	49022.0
2026	3911	27743.0
2026	4001	37435.0
2026	4003	56906.0
2026	4005	13389.0
2026	4010	2377.0
2026	4012	14267.0
2026	4014	10378.0
2026	4016	4056.0
2026	4018	6529.0
2026	4020	11157.0
2026	4022	2959.0
2026	4024	1638.0
2026	4026	5515.0
2026	4028	2463.0
2026	4030	1509.0
2026	4032	1274.0
2026	4034	2242.0
2026	4036	3829.0
2026	4201	6683.0
2026	4202	25569.0
2026	4203	46603.0
2026	4204	119287.0
2026	4205	23702.0
2026	4206	9949.0
2026	4207	9373.0
2026	4211	2502.0
2026	4212	2253.0
2026	4213	6430.0
2026	4214	6299.0
2026	4215	11822.0
2026	4216	5447.0
2026	4217	1805.0
2026	4218	1386.0
2026	4219	3842.0
2026	4220	1167.0
2026	4221	1209.0
2026	4222	1057.0
2026	4223	15772.0
2026	4224	904.0
2026	4225	10922.0
2026	4226	1794.0
2026	4227	6242.0
2026	4228	1911.0
2026	4601	294860.0
2026	4602	17356.0
2026	4611	4115.0
2026	4612	5766.0
2026	4613	12531.0
2026	4614	19276.0
2026	4615	3237.0
2026	4616	3053.0
2026	4617	13236.0
2026	4618	10929.0
2026	4619	985.0
2026	4620	1114.0
2026	4621	16438.0
2026	4622	8490.0
2026	4623	2489.0
2026	4624	26753.0
2026	4625	5515.0
2026	4626	40641.0
2026	4627	30600.0
2026	4628	3899.0
2026	4629	397.0
2026	4630	8231.0
2026	4631	30285.0
2026	4632	2947.0
2026	4633	529.0
2026	4634	1672.0
2026	4635	2301.0
2026	4636	742.0
2026	4637	1275.0
2026	4638	3883.0
2026	4639	2532.0
2026	4640	12552.0
2026	4641	1866.0
2026	4642	2223.0
2026	4643	5178.0
2026	4644	5478.0
2026	4645	2924.0
2026	4646	2948.0
2026	4647	22804.0
2026	4648	3381.0
2026	4649	9616.0
2026	4650	5976.0
2026	4651	7319.0
2026	5001	218460.0
2026	5004	21611.093769102245
2026	5005	12956.95409964692
2026	5006	24007.0
2026	5007	15112.0
2026	5011	3776.6651962946626
2026	5012	892.3577415086016
2026	5013	4640.353041708369
2026	5014	5794.0
2026	5015	5577.828091424107
2026	5016	1717.2499830267482
2026	5017	5128.171908575893
2026	5018	3373.4233185943685
2026	5019	966.5766814056318
2026	5020	911.0
2026	5021	7421.0
2026	5022	2514.0
2026	5023	3960.9339537622272
2026	5024	12259.115944985988
2026	5025	5638.0
2026	5026	2037.0
2026	5027	6088.0
2026	5028	17828.0
2026	5029	8574.0
2026	5030	5561.009673594732
2026	5031	14961.0
2026	5032	4258.0
2026	5033	773.0
2026	5034	2460.0
2026	5035	25108.0
2026	5036	2667.0
2026	5037	20807.0
2026	5038	15435.0
2026	5039	2395.9062308977545
2026	5040	1557.245455734275
2026	5041	2141.0
2026	5042	1302.0
2026	5043	439.0
2026	5044	803.0
2026	5045	2292.0
2026	5046	1230.0
2026	5047	3944.0
2026	5048	597.8004446188048
2026	5049	1110.0
2026	5050	4706.089119170984
2026	5051	5213.910880829016
2026	5052	596.0
2026	5053	7066.0
2026	5054	10006.0
2026	5055	6075.0
2026	5056	5568.0
2026	5057	10706.0
2026	5058	4340.0
2026	5059	18840.0
2026	5060	9920.0
2026	5061	1935.0
2026	5401	79943.0
2026	5402	25204.0
2026	5403	22074.0
2026	5404	1969.0
2026	5405	5808.0
2026	5406	11391.0
2026	5411	2901.0
2026	5412	4144.0
2026	5413	1287.0
2026	5414	1062.0
2026	5415	1002.0
2026	5416	4004.0
2026	5417	2132.0
2026	5418	6819.0
2026	5419	3528.0
2026	5420	1077.0
2026	5421	14946.0
2026	5422	5625.0
2026	5423	2235.0
2026	5424	2732.0
2026	5425	1848.0
2026	5426	1939.0
2026	5427	2802.0
2026	5428	4863.0
2026	5429	1125.0
2026	5430	2886.0
2026	5432	846.0
2026	5433	987.0
2026	5434	1089.0
2026	5435	2945.0
2026	5436	3906.0
2026	5437	2524.0
2026	5438	1249.0
2026	5439	1019.0
2026	5440	864.0
2026	5441	2806.0
2026	5442	874.0
2026	5443	2104.0
2026	5444	9947.0
2026	5501	79943.0
2026	5503	25204.0
2026	5510	2901.0
2026	5512	4144.0
2026	5514	1287.0
2026	5516	1062.0
2026	5518	1002.0
2026	5520	4004.0
2026	5522	2132.0
2026	5524	6819.0
2026	5526	3528.0
2026	5528	1077.0
2026	5530	14946.0
2026	5532	5625.0
2026	5534	2235.0
2026	5536	2732.0
2026	5538	1848.0
2026	5540	1939.0
2026	5542	2802.0
2026	5544	4863.0
2026	5546	1125.0
2026	5601	22074.0
2026	5603	11391.0
2026	5605	9947.0
2026	5607	5808.0
2026	5610	2524.0
2026	5612	2886.0
2026	5614	846.0
2026	5616	987.0
2026	5618	1089.0
2026	5620	2945.0
2026	5622	3906.0
2026	5624	1249.0
2026	5626	1019.0
2026	5628	2806.0
2026	5630	864.0
2026	5632	2104.0
2026	5634	1969.0
2026	5636	874.0
