Code	Year	Value
3101	2024	31935.0
3101	2025	32038.0
3101	2026	32082.0
3103	2024	52051.0
3103	2025	52646.0
3103	2026	53207.0
3105	2024	59771.0
3105	2025	60139.0
3105	2026	60614.0
3107	2024	85230.0
3107	2025	85862.0
3107	2026	86243.0
3110	2024	4787.0
3110	2025	4777.0
3110	2026	4714.0
3112	2024	7883.0
3112	2025	7850.0
3112	2026	7892.0
3114	2024	6145.0
3114	2025	6162.0
3114	2026	6229.0
3116	2024	3919.0
3116	2025	3956.0
3116	2026	3940.0
3118	2024	47006.0
3118	2025	47449.0
3118	2026	47943.0
3120	2024	8420.0
3120	2025	8527.0
3120	2026	8583.0
3122	2024	3658.0
3122	2025	3655.0
3122	2026	3647.0
3124	2024	1347.0
3124	2025	1346.0
3124	2026	1354.0
3201	2024	130921.0
3201	2025	132358.0
3201	2026	133228.0
3203	2024	98815.0
3203	2025	100492.0
3203	2026	101509.0
3205	2024	94201.0
3205	2025	95762.0
3205	2026	96771.0
3207	2024	63560.0
3207	2025	64668.0
3207	2026	65381.0
3209	2024	43814.0
3209	2025	45066.0
3209	2026	45982.0
3212	2024	20521.0
3212	2025	20698.0
3212	2026	21005.0
3214	2024	16244.0
3214	2025	16337.0
3214	2026	16429.0
3216	2024	19493.0
3216	2025	19855.0
3216	2026	20167.0
3218	2024	22005.0
3218	2025	22344.0
3218	2026	22725.0
3220	2024	11482.0
3220	2025	11549.0
3220	2026	11697.0
3222	2024	48188.0
3222	2025	50013.0
3222	2026	51511.0
3224	2024	20099.0
3224	2025	20509.0
3224	2026	20904.0
3226	2024	18058.0
3226	2025	18314.0
3226	2026	18458.0
3228	2024	24645.0
3228	2025	24897.0
3228	2026	24948.0
3230	2024	7398.0
3230	2025	7453.0
3230	2026	7478.0
3232	2024	25882.0
3232	2025	26023.0
3232	2026	26032.0
3234	2024	9357.0
3234	2025	9420.0
3234	2026	9463.0
3236	2024	7037.0
3236	2025	7043.0
3236	2026	7040.0
3238	2024	16126.0
3238	2025	16505.0
3238	2026	16662.0
3240	2024	27916.0
3240	2025	28352.0
3240	2026	28739.0
3242	2024	3041.0
3242	2025	3022.0
3242	2026	3078.0
3001	2020	31373.0
3001	2021	31387.0
3001	2022	31444.0
3001	2023	31730.0
3002	2020	49273.0
3002	2021	49668.0
3002	2022	50290.0
3002	2023	51240.0
3003	2020	56732.0
3003	2021	57372.0
3003	2022	58182.0
3003	2023	59038.0
3004	2020	82385.0
3004	2021	83193.0
3004	2022	83892.0
3004	2023	84444.0
3005	2020	101386.0
3005	2021	101859.0
3005	2022	102273.0
3005	2023	103291.0
3006	2020	27723.0
3006	2021	27694.0
3006	2022	27879.0
3006	2023	28793.0
3007	2020	30641.0
3007	2021	30835.0
3007	2022	31011.0
3007	2023	31444.0
3011	2020	4668.0
3011	2021	4694.0
3011	2022	4741.0
3011	2023	4762.0
3012	2020	1325.0
3012	2021	1325.0
3012	2022	1315.0
3012	2023	1329.0
3013	2020	3595.0
3013	2021	3601.0
3013	2022	3578.0
3013	2023	3639.0
3014	2020	44792.0
3014	2021	45201.0
3014	2022	45608.0
3014	2023	46382.0
3015	2020	3805.0
3015	2021	3825.0
3015	2022	3846.0
3015	2023	3886.0
3016	2020	8255.0
3016	2021	8222.0
3016	2022	8312.0
3016	2023	8371.0
3017	2020	7508.0
3017	2021	7568.0
3017	2022	7633.0
3017	2023	8317.0
3018	2020	5736.0
3018	2021	5805.0
3018	2022	5913.0
3018	2023	6023.0
3019	2020	18042.0
3019	2021	18290.0
3019	2022	18699.0
3019	2023	19089.0
3020	2020	59288.0
3020	2021	60034.0
3020	2022	61032.0
3020	2023	62245.0
3021	2020	20439.0
3021	2021	20439.0
3021	2022	20780.0
3021	2023	21350.0
3022	2020	15877.0
3022	2021	15953.0
3022	2022	16084.0
3022	2023	16106.0
3023	2020	19616.0
3023	2021	19805.0
3023	2022	19939.0
3023	2023	20322.0
3024	2020	127731.0
3024	2021	128233.0
3024	2022	128982.0
3024	2023	129874.0
3025	2020	94441.0
3025	2021	94915.0
3025	2022	96088.0
3025	2023	97784.0
3026	2020	17390.0
3026	2021	17591.0
3026	2022	17754.0
3026	2023	17945.0
3027	2020	18530.0
3027	2021	18730.0
3027	2022	19024.0
3027	2023	19618.0
3028	2020	11110.0
3028	2021	11065.0
3028	2022	11249.0
3028	2023	11392.0
3029	2020	41460.0
3029	2021	42740.0
3029	2022	44693.0
3029	2023	46797.0
3030	2020	85983.0
3030	2021	86953.0
3030	2022	89095.0
3030	2023	91515.0
3031	2020	24249.0
3031	2021	24454.0
3031	2022	24947.0
3031	2023	25440.0
3032	2020	6890.0
3032	2021	7043.0
3032	2022	6989.0
3032	2023	7285.0
3033	2020	39625.0
3033	2021	40459.0
3033	2022	41565.0
3033	2023	42866.0
3034	2020	23092.0
3034	2021	23422.0
3034	2022	23898.0
3034	2023	24283.0
3035	2020	25436.0
3035	2021	26031.0
3035	2022	26716.0
3035	2023	27338.0
3036	2020	14139.0
3036	2021	14637.0
3036	2022	15074.0
3036	2023	15530.0
3037	2020	2854.0
3037	2021	2838.0
3037	2022	2905.0
3037	2023	2944.0
3038	2020	6799.0
3038	2021	6811.0
3038	2022	6859.0
3038	2023	6888.0
3039	2020	1050.0
3039	2021	1049.0
3039	2022	1057.0
3039	2023	1097.0
3040	2020	3273.0
3040	2021	3262.0
3040	2022	3273.0
3040	2023	3299.0
3041	2020	4608.0
3041	2021	4636.0
3041	2022	4667.0
3041	2023	4767.0
3042	2020	2486.0
3042	2021	2546.0
3042	2022	2611.0
3042	2023	2645.0
3043	2020	4674.0
3043	2021	4648.0
3043	2022	4650.0
3043	2023	4862.0
3044	2020	4441.0
3044	2021	4434.0
3044	2022	4504.0
3044	2023	4506.0
3045	2020	3467.0
3045	2021	3465.0
3045	2022	3492.0
3045	2023	3479.0
3046	2020	2212.0
3046	2021	2219.0
3046	2022	2189.0
3046	2023	2211.0
3047	2020	14115.0
3047	2021	14166.0
3047	2022	14273.0
3047	2023	14527.0
3048	2020	19423.0
3048	2021	19709.0
3048	2022	20044.0
3048	2023	20495.0
3049	2020	26811.0
3049	2021	27118.0
3049	2022	27584.0
3049	2023	28167.0
3050	2020	2688.0
3050	2021	2713.0
3050	2022	2720.0
3050	2023	2737.0
3051	2020	1390.0
3051	2021	1386.0
3051	2022	1370.0
3051	2023	1366.0
3052	2020	2439.0
3052	2021	2412.0
3052	2022	2455.0
3052	2023	2486.0
3053	2020	6852.0
3053	2021	6867.0
3053	2022	6908.0
3053	2023	6990.0
3054	2020	9048.0
3054	2021	9062.0
3054	2022	9144.0
3054	2023	9307.0
0101	2011	29220.0
0101	2012	29543.0
0101	2013	29880.0
0101	2014	30132.0
0101	2015	30328.0
0101	2016	30544.0
0101	2017	30790.0
0101	2018	31037.0
0101	2019	31177.0
0104	2011	30265.0
0104	2012	30723.0
0104	2013	30988.0
0104	2014	31308.0
0104	2015	31802.0
0104	2016	32182.0
0104	2017	32407.0
0104	2018	32588.0
0104	2019	32726.0
0105	2011	52805.0
0105	2012	53333.0
0105	2013	53696.0
0105	2014	54059.0
0105	2015	54192.0
0105	2016	54678.0
0105	2017	55127.0
0105	2018	55543.0
0105	2019	55997.0
0106	2011	74579.0
0106	2012	75583.0
0106	2013	76807.0
0106	2014	77591.0
0106	2015	78159.0
0106	2016	78967.0
0106	2017	80121.0
0106	2018	80977.0
0106	2019	81772.0
0111	2011	4160.0
0111	2012	4206.0
0111	2013	4284.0
0111	2014	4386.0
0111	2015	4480.0
0111	2016	4511.0
0111	2017	4517.0
0111	2018	4540.0
0111	2019	4599.0
0118	2011	1414.0
0118	2012	1423.0
0118	2013	1425.0
0118	2014	1408.0
0118	2015	1406.0
0118	2016	1404.0
0118	2017	1398.0
0118	2018	1399.0
0118	2019	1357.0
0119	2011	3476.0
0119	2012	3518.0
0119	2013	3587.0
0119	2014	3596.0
0119	2015	3613.0
0119	2016	3610.0
0119	2017	3597.0
0119	2018	3567.0
0119	2019	3592.0
0121	2011	678.0
0121	2012	688.0
0121	2013	691.0
0121	2014	672.0
0121	2015	672.0
0121	2016	672.0
0121	2017	685.0
0121	2018	682.0
0121	2019	673.0
0122	2011	5142.0
0122	2012	5219.0
0122	2013	5273.0
0122	2014	5366.0
0122	2015	5346.0
0122	2016	5343.0
0122	2017	5367.0
0122	2018	5337.0
0122	2019	5347.0
0123	2011	5265.0
0123	2012	5348.0
0123	2013	5474.0
0123	2014	5620.0
0123	2015	5692.0
0123	2016	5736.0
0123	2017	5765.0
0123	2018	5853.0
0123	2019	6042.0
0124	2011	14909.0
0124	2012	15096.0
0124	2013	15315.0
0124	2014	15430.0
0124	2015	15513.0
0124	2016	15615.0
0124	2017	15720.0
0124	2018	15810.0
0124	2019	15865.0
0125	2011	10940.0
0125	2012	11049.0
0125	2013	11195.0
0125	2014	11323.0
0125	2015	11353.0
0125	2016	11396.0
0125	2017	11406.0
0125	2018	11414.0
0125	2019	11424.0
0127	2011	3576.0
0127	2012	3631.0
0127	2013	3668.0
0127	2014	3727.0
0127	2015	3731.0
0127	2016	3742.0
0127	2017	3783.0
0127	2018	3831.0
0127	2019	3797.0
0128	2011	7601.0
0128	2012	7698.0
0128	2013	7860.0
0128	2014	7974.0
0128	2015	8020.0
0128	2016	8084.0
0128	2017	8173.0
0128	2018	8202.0
0128	2019	8230.0
0135	2011	6946.0
0135	2012	6987.0
0135	2013	7053.0
0135	2014	7104.0
0135	2015	7206.0
0135	2016	7357.0
0135	2017	7398.0
0135	2018	7465.0
0135	2019	7542.0
0136	2011	14426.0
0136	2012	14691.0
0136	2013	14967.0
0136	2014	15101.0
0136	2015	15242.0
0136	2016	15458.0
0136	2017	15747.0
0136	2018	16083.0
0136	2019	16145.0
0137	2011	4573.0
0137	2012	4705.0
0137	2013	4857.0
0137	2014	4978.0
0137	2015	5100.0
0137	2016	5186.0
0137	2017	5335.0
0137	2018	5471.0
0137	2019	5593.0
0138	2011	4852.0
0138	2012	4911.0
0138	2013	4980.0
0138	2014	5187.0
0138	2015	5343.0
0138	2016	5382.0
0138	2017	5557.0
0138	2018	5621.0
0138	2019	5642.0
0211	2011	14708.0
0211	2012	15143.0
0211	2013	15605.0
0211	2014	15944.0
0211	2015	16310.0
0211	2016	16732.0
0211	2017	17188.0
0211	2018	17486.0
0211	2019	17824.0
0213	2011	28587.0
0213	2012	28970.0
0213	2013	29307.0
0213	2014	29542.0
0213	2015	29775.0
0213	2016	30261.0
0213	2017	30698.0
0213	2018	30880.0
0213	2019	30843.0
0214	2011	16733.0
0214	2012	17284.0
0214	2013	17568.0
0214	2014	17969.0
0214	2015	18503.0
0214	2016	18992.0
0214	2017	19288.0
0214	2018	20084.0
0214	2019	20335.0
0215	2011	14814.0
0215	2012	15154.0
0215	2013	15469.0
0215	2014	15671.0
0215	2015	15656.0
0215	2016	15695.0
0215	2017	15743.0
0215	2018	15735.0
0215	2019	15761.0
0216	2011	17515.0
0216	2012	17809.0
0216	2013	17998.0
0216	2014	18297.0
0216	2015	18372.0
0216	2016	18623.0
0216	2017	18869.0
0216	2018	19287.0
0216	2019	19488.0
0217	2011	25072.0
0217	2012	25520.0
0217	2013	25963.0
0217	2014	26255.0
0217	2015	26580.0
0217	2016	26792.0
0217	2017	26988.0
0217	2018	27178.0
0217	2019	27394.0
0219	2011	112789.0
0219	2012	114489.0
0219	2013	116677.0
0219	2014	118588.0
0219	2015	120685.0
0219	2016	122348.0
0219	2017	124008.0
0219	2018	125454.0
0219	2019	126841.0
0220	2011	55284.0
0220	2012	56447.0
0220	2013	57418.0
0220	2014	58338.0
0220	2015	59571.0
0220	2016	60106.0
0220	2017	60781.0
0220	2018	60926.0
0220	2019	61523.0
0221	2011	14632.0
0221	2012	14905.0
0221	2013	15260.0
0221	2014	15500.0
0221	2015	15726.0
0221	2016	15914.0
0221	2017	16162.0
0221	2018	16390.0
0221	2019	16500.0
0226	2011	15686.0
0226	2012	16091.0
0226	2013	16363.0
0226	2014	16918.0
0226	2015	17089.0
0226	2016	17443.0
0226	2017	17665.0
0226	2018	17980.0
0226	2019	18263.0
0227	2011	10431.0
0227	2012	10626.0
0227	2013	10810.0
0227	2014	11048.0
0227	2015	11199.0
0227	2016	11374.0
0227	2017	11555.0
0227	2018	11663.0
0227	2019	11842.0
0228	2011	15920.0
0228	2012	16170.0
0228	2013	16420.0
0228	2014	16806.0
0228	2015	17185.0
0228	2016	17426.0
0228	2017	17730.0
0228	2018	17874.0
0228	2019	18161.0
0229	2011	10262.0
0229	2012	10487.0
0229	2013	10560.0
0229	2014	10626.0
0229	2015	10760.0
0229	2016	10870.0
0229	2017	10927.0
0229	2018	10945.0
0229	2019	11026.0
0230	2011	33308.0
0230	2012	33709.0
0230	2013	34320.0
0230	2014	34697.0
0230	2015	35139.0
0230	2016	36368.0
0230	2017	37406.0
0230	2018	38670.0
0230	2019	40106.0
0231	2011	48752.0
0231	2012	49698.0
0231	2013	50532.0
0231	2014	51188.0
0231	2015	51725.0
0231	2016	52522.0
0231	2017	53276.0
0231	2018	54178.0
0231	2019	55652.0
0233	2011	21165.0
0233	2012	21454.0
0233	2013	21971.0
0233	2014	22385.0
0233	2015	22706.0
0233	2016	22857.0
0233	2017	23213.0
0233	2018	23545.0
0233	2019	24089.0
0234	2011	5990.0
0234	2012	6152.0
0234	2013	6264.0
0234	2014	6292.0
0234	2015	6326.0
0234	2016	6323.0
0234	2017	6546.0
0234	2018	6704.0
0234	2019	6823.0
0235	2011	30081.0
0235	2012	31044.0
0235	2013	31743.0
0235	2014	32438.0
0235	2015	33310.0
0235	2016	34189.0
0235	2017	35102.0
0235	2018	36576.0
0235	2019	38234.0
0236	2011	19049.0
0236	2012	19462.0
0236	2013	19819.0
0236	2014	20164.0
0236	2015	20410.0
0236	2016	20783.0
0236	2017	21241.0
0236	2018	21681.0
0236	2019	21885.0
0237	2011	21128.0
0237	2012	21621.0
0237	2013	22142.0
0237	2014	22689.0
0237	2015	23238.0
0237	2016	23811.0
0237	2017	24415.0
0237	2018	24647.0
0237	2019	24919.0
0238	2011	11128.0
0238	2012	11362.0
0238	2013	11505.0
0238	2014	11707.0
0238	2015	11882.0
0238	2016	12267.0
0238	2017	12657.0
0238	2018	13240.0
0238	2019	13682.0
0239	2011	2619.0
0239	2012	2657.0
0239	2013	2685.0
0239	2014	2695.0
0239	2015	2752.0
0239	2016	2837.0
0239	2017	2910.0
0239	2018	2903.0
0239	2019	2864.0
0602	2011	63582.0
0602	2012	64597.0
0602	2013	65473.0
0602	2014	66214.0
0602	2015	67016.0
0602	2016	67895.0
0602	2017	68363.0
0602	2018	68713.0
0602	2019	68933.0
0604	2011	25090.0
0604	2012	25479.0
0604	2013	25887.0
0604	2014	26406.0
0604	2015	26711.0
0604	2016	27013.0
0604	2017	27216.0
0604	2018	27410.0
0604	2019	27481.0
0605	2011	28946.0
0605	2012	29236.0
0605	2013	29400.0
0605	2014	29624.0
0605	2015	29712.0
0605	2016	29801.0
0605	2017	30034.0
0605	2018	30283.0
0605	2019	30442.0
0612	2011	6140.0
0612	2012	6322.0
0612	2013	6463.0
0612	2014	6595.0
0612	2015	6698.0
0612	2016	6767.0
0612	2017	6772.0
0612	2018	6833.0
0612	2019	6845.0
0615	2011	1000.0
0615	2012	1034.0
0615	2013	1050.0
0615	2014	1033.0
0615	2015	1033.0
0615	2016	1074.0
0615	2017	1081.0
0615	2018	1069.0
0615	2019	1052.0
0616	2011	3445.0
0616	2012	3452.0
0616	2013	3435.0
0616	2014	3445.0
0616	2015	3414.0
0616	2016	3422.0
0616	2017	3357.0
0616	2018	3341.0
0616	2019	3315.0
0617	2011	4572.0
0617	2012	4581.0
0617	2013	4667.0
0617	2014	4631.0
0617	2015	4588.0
0617	2016	4578.0
0617	2017	4612.0
0617	2018	4566.0
0617	2019	4576.0
0618	2011	2140.0
0618	2012	2228.0
0618	2013	2224.0
0618	2014	2295.0
0618	2015	2344.0
0618	2016	2422.0
0618	2017	2442.0
0618	2018	2457.0
0618	2019	2481.0
0619	2011	4713.0
0619	2012	4741.0
0619	2013	4761.0
0619	2014	4713.0
0619	2015	4716.0
0619	2016	4711.0
0619	2017	4719.0
0619	2018	4626.0
0619	2019	4671.0
0620	2011	4453.0
0620	2012	4457.0
0620	2013	4448.0
0620	2014	4452.0
0620	2015	4471.0
0620	2016	4497.0
0620	2017	4535.0
0620	2018	4520.0
0620	2019	4473.0
0621	2011	3524.0
0621	2012	3535.0
0621	2013	3538.0
0621	2014	3509.0
0621	2015	3520.0
0621	2016	3512.0
0621	2017	3502.0
0621	2018	3488.0
0621	2019	3490.0
0622	2011	2164.0
0622	2012	2186.0
0622	2013	2223.0
0622	2014	2265.0
0622	2015	2268.0
0622	2016	2275.0
0622	2017	2257.0
0622	2018	2277.0
0622	2019	2239.0
0623	2011	12940.0
0623	2012	13116.0
0623	2013	13337.0
0623	2014	13581.0
0623	2015	13685.0
0623	2016	13794.0
0623	2017	13786.0
0623	2018	13880.0
0623	2019	13980.0
0624	2011	16987.0
0624	2012	17421.0
0624	2013	17752.0
0624	2014	17919.0
0624	2015	18039.0
0624	2016	18205.0
0624	2017	18562.0
0624	2018	18926.0
0624	2019	19117.0
0625	2011	22917.0
0625	2012	23262.0
0625	2013	23640.0
0625	2014	23811.0
0625	2015	24154.0
0625	2016	24431.0
0625	2017	24718.0
0625	2018	24917.0
0625	2019	24963.0
0626	2011	23580.0
0626	2012	24177.0
0626	2013	24763.0
0626	2014	25175.0
0626	2015	25378.0
0626	2016	25731.0
0626	2017	25740.0
0626	2018	25980.0
0626	2019	26373.0
0627	2011	19264.0
0627	2012	19594.0
0627	2013	20078.0
0627	2014	20621.0
0627	2015	21038.0
0627	2016	21492.0
0627	2017	21931.0
0627	2018	22452.0
0627	2019	22635.0
0628	2011	9155.0
0628	2012	9185.0
0628	2013	9321.0
0628	2014	9330.0
0628	2015	9365.0
0628	2016	9413.0
0628	2017	9462.0
0628	2018	9450.0
0628	2019	9521.0
0631	2011	2592.0
0631	2012	2638.0
0631	2013	2657.0
0631	2014	2683.0
0631	2015	2671.0
0631	2016	2699.0
0631	2017	2696.0
0631	2018	2688.0
0631	2019	2694.0
0632	2011	1382.0
0632	2012	1383.0
0632	2013	1355.0
0632	2014	1369.0
0632	2015	1375.0
0632	2016	1404.0
0632	2017	1399.0
0632	2018	1411.0
0632	2019	1419.0
0633	2011	2524.0
0633	2012	2540.0
0633	2013	2531.0
0633	2014	2557.0
0633	2015	2541.0
0633	2016	2548.0
0633	2017	2530.0
0633	2018	2482.0
0633	2019	2448.0
0301	2011	599230.0
0301	2012	613285.0
0301	2013	623966.0
0301	2014	634463.0
0301	2015	647676.0
0301	2016	658390.0
0301	2017	666759.0
0301	2018	673469.0
0301	2019	681071.0
0301	2020	693494.0
0301	2021	697010.0
0301	2022	699827.0
0301	2023	709037.0
0301	2024	717710.0
0301	2025	724290.0
0301	2026	728714.0
3301	2024	104487.0
3301	2025	105452.0
3301	2026	106013.0
3303	2024	28848.0
3303	2025	29011.0
3303	2026	29169.0
3305	2024	31581.0
3305	2025	31793.0
3305	2026	31942.0
3310	2024	6989.0
3310	2025	7065.0
3310	2026	7205.0
3312	2024	28470.0
3312	2025	28642.0
3312	2026	28797.0
3314	2024	20779.0
3314	2025	20861.0
3314	2026	20965.0
3316	2024	14665.0
3316	2025	14664.0
3316	2026	14776.0
3318	2024	2241.0
3318	2025	2235.0
3318	2026	2276.0
3320	2024	1115.0
3320	2025	1117.0
3320	2026	1122.0
3322	2024	3301.0
3322	2025	3266.0
3322	2026	3234.0
3324	2024	4986.0
3324	2025	4888.0
3324	2026	4902.0
3326	2024	2666.0
3326	2025	2685.0
3326	2026	2707.0
3328	2024	5007.0
3328	2025	4835.0
3328	2026	5106.0
3330	2024	4496.0
3330	2025	4527.0
3330	2026	4552.0
3332	2024	3526.0
3332	2025	3530.0
3332	2026	3514.0
3334	2024	2781.0
3334	2025	2797.0
3334	2026	2790.0
3336	2024	1395.0
3336	2025	1414.0
3336	2026	1452.0
3338	2024	2486.0
3338	2025	2466.0
3338	2026	2459.0
3401	2020	17829.0
3401	2021	17851.0
3401	2022	17949.0
3401	2023	17966.0
3401	2024	18058.0
3401	2025	18109.0
3401	2026	18191.0
3403	2020	31369.0
3403	2021	31509.0
3403	2022	31999.0
3403	2023	32382.0
3403	2024	32879.0
3403	2025	33441.0
3403	2026	33817.0
3405	2020	28345.0
3405	2021	28493.0
3405	2022	28425.0
3405	2023	28560.0
3405	2024	28768.0
3405	2025	29011.0
3405	2026	29669.0
3407	2020	30560.0
3407	2021	30395.0
3407	2022	30267.0
3407	2023	30563.0
3407	2024	30903.0
3407	2025	31175.0
3407	2026	31350.0
3411	2020	34768.0
3411	2021	34897.0
3411	2022	35073.0
3411	2023	35475.0
3411	2024	35612.0
3411	2025	35911.0
3411	2026	36199.0
3412	2020	7674.0
3412	2021	7625.0
3412	2022	7715.0
3412	2023	7836.0
3412	2024	7929.0
3412	2025	7931.0
3412	2026	7951.0
3413	2020	21064.0
3413	2021	21072.0
3413	2022	21156.0
3413	2023	21356.0
3413	2024	21605.0
3413	2025	21691.0
3413	2026	21839.0
3414	2020	5016.0
3414	2021	5038.0
3414	2022	5016.0
3414	2023	5010.0
3414	2024	4992.0
3414	2025	5006.0
3414	2026	4978.0
3415	2020	7905.0
3415	2021	7914.0
3415	2022	7978.0
3415	2023	8069.0
3415	2024	8112.0
3415	2025	8150.0
3415	2026	8165.0
3416	2020	6106.0
3416	2021	6099.0
3416	2022	6032.0
3416	2023	6028.0
3416	2024	6040.0
3416	2025	6059.0
3416	2026	6103.0
3417	2020	4612.0
3417	2021	4545.0
3417	2022	4548.0
3417	2023	4572.0
3417	2024	4532.0
3417	2025	4513.0
3417	2026	4463.0
3418	2020	7203.0
3418	2021	7227.0
3418	2022	7211.0
3418	2023	7267.0
3418	2024	7339.0
3418	2025	7247.0
3418	2026	7216.0
3419	2020	3662.0
3419	2021	3587.0
3419	2022	3597.0
3419	2023	3625.0
3419	2024	3615.0
3419	2025	3559.0
3419	2026	3614.0
3420	2020	21254.0
3420	2021	21292.0
3420	2022	21435.0
3420	2023	21568.0
3420	2024	21761.0
3420	2025	21899.0
3420	2026	21937.0
3421	2020	6627.0
3421	2021	6580.0
3421	2022	6603.0
3421	2023	6582.0
3421	2024	6566.0
3421	2025	6542.0
3421	2026	6474.0
3422	2020	4356.0
3422	2021	4338.0
3422	2022	4195.0
3422	2023	4213.0
3422	2024	4289.0
3422	2025	4205.0
3422	2026	4191.0
3423	2020	2419.0
3423	2021	2378.0
3423	2022	2318.0
3423	2023	2281.0
3423	2024	2276.0
3423	2025	2250.0
3423	2026	2239.0
3424	2020	1780.0
3424	2021	1741.0
3424	2022	1722.0
3424	2023	1769.0
3424	2024	1837.0
3424	2025	1846.0
3424	2026	1836.0
3425	2020	1268.0
3425	2021	1250.0
3425	2022	1253.0
3425	2023	1328.0
3425	2024	1361.0
3425	2025	1326.0
3425	2026	1287.0
3426	2020	1562.0
3426	2021	1563.0
3426	2022	1551.0
3426	2023	1555.0
3426	2024	1604.0
3426	2025	1606.0
3426	2026	1609.0
3427	2020	5578.0
3427	2021	5537.0
3427	2022	5581.0
3427	2023	5628.0
3427	2024	5692.0
3427	2025	5722.0
3427	2026	5762.0
3428	2020	2432.0
3428	2021	2405.0
3428	2022	2445.0
3428	2023	2493.0
3428	2024	2526.0
3428	2025	2509.0
3428	2026	2492.0
3429	2020	1545.0
3429	2021	1518.0
3429	2022	1530.0
3429	2023	1519.0
3429	2024	1532.0
3429	2025	1540.0
3429	2026	1525.0
3430	2020	1891.0
3430	2021	1870.0
3430	2022	1855.0
3430	2023	1844.0
3430	2024	1891.0
3430	2025	1895.0
3430	2026	1871.0
3431	2020	2553.0
3431	2021	2512.0
3431	2022	2498.0
3431	2023	2466.0
3431	2024	2503.0
3431	2025	2516.0
3431	2026	2523.0
3432	2020	1975.0
3432	2021	1980.0
3432	2022	1986.0
3432	2023	1966.0
3432	2024	1983.0
3432	2025	2006.0
3432	2026	1966.0
3433	2020	2197.0
3433	2021	2183.0
3433	2022	2151.0
3433	2023	2147.0
3433	2024	2141.0
3433	2025	2179.0
3433	2026	2185.0
3434	2020	2228.0
3434	2021	2204.0
3434	2022	2211.0
3434	2023	2212.0
3434	2024	2212.0
3434	2025	2215.0
3434	2026	2239.0
3435	2020	3570.0
3435	2021	3564.0
3435	2022	3591.0
3435	2023	3532.0
3435	2024	3531.0
3435	2025	3529.0
3435	2026	3553.0
3436	2020	5723.0
3436	2021	5705.0
3436	2022	5628.0
3436	2023	5589.0
3436	2024	5586.0
3436	2025	5553.0
3436	2026	5493.0
3437	2020	5739.0
3437	2021	5592.0
3437	2022	5531.0
3437	2023	5567.0
3437	2024	5756.0
3437	2025	5623.0
3437	2026	5469.0
3438	2020	3119.0
3438	2021	3064.0
3438	2022	3064.0
3438	2023	3240.0
3438	2024	3119.0
3438	2025	3128.0
3438	2026	3108.0
3439	2020	4392.0
3439	2021	4408.0
3439	2022	4385.0
3439	2023	4416.0
3439	2024	4413.0
3439	2025	4447.0
3439	2026	4497.0
3440	2020	5100.0
3440	2021	5093.0
3440	2022	5082.0
3440	2023	5161.0
3440	2024	5124.0
3440	2025	5134.0
3440	2026	5130.0
3441	2020	6106.0
3441	2021	6023.0
3441	2022	6079.0
3441	2023	6129.0
3441	2024	6177.0
3441	2025	6174.0
3441	2026	6147.0
3442	2020	14973.0
3442	2021	14871.0
3442	2022	14827.0
3442	2023	14896.0
3442	2024	14840.0
3442	2025	14827.0
3442	2026	14925.0
3443	2020	13427.0
3443	2021	13459.0
3443	2022	13572.0
3443	2023	13635.0
3443	2024	13691.0
3443	2025	13649.0
3443	2026	13612.0
3446	2020	13630.0
3446	2021	13611.0
3446	2022	13633.0
3446	2023	13568.0
3446	2024	13593.0
3446	2025	13660.0
3446	2026	13689.0
3447	2020	5617.0
3447	2021	5579.0
3447	2022	5535.0
3447	2023	5564.0
3447	2024	5587.0
3447	2025	5597.0
3447	2026	5603.0
3448	2020	6633.0
3448	2021	6581.0
3448	2022	6577.0
3448	2023	6527.0
3448	2024	6510.0
3448	2025	6544.0
3448	2026	6510.0
3449	2020	2954.0
3449	2021	2904.0
3449	2022	2889.0
3449	2023	2866.0
3449	2024	2836.0
3449	2025	2822.0
3449	2026	2841.0
3450	2020	1279.0
3450	2021	1257.0
3450	2022	1256.0
3450	2023	1239.0
3450	2024	1366.0
3450	2025	1254.0
3450	2026	1593.0
3451	2020	6413.0
3451	2021	6360.0
3451	2022	6354.0
3451	2023	6401.0
3451	2024	6562.0
3451	2025	6455.0
3451	2026	6424.0
3452	2020	2125.0
3452	2021	2120.0
3452	2022	2111.0
3452	2023	2091.0
3452	2024	2112.0
3452	2025	2142.0
3452	2026	2190.0
3453	2020	3229.0
3453	2021	3236.0
3453	2022	3252.0
3453	2023	3291.0
3453	2024	3298.0
3453	2025	3311.0
3453	2026	3347.0
3454	2020	1578.0
3454	2021	1573.0
3454	2022	1587.0
3454	2023	1636.0
3454	2024	1645.0
3454	2025	1648.0
3454	2026	1666.0
0402	2011	17436.0
0402	2012	17522.0
0402	2013	17638.0
0402	2014	17825.0
0402	2015	17881.0
0402	2016	17835.0
0402	2017	17857.0
0402	2018	17934.0
0402	2019	17823.0
0403	2011	28662.0
0403	2012	29045.0
0403	2013	29353.0
0403	2014	29520.0
0403	2015	29847.0
0403	2016	30120.0
0403	2017	30598.0
0403	2018	30930.0
0403	2019	31144.0
0412	2011	32842.0
0412	2012	33191.0
0412	2013	33406.0
0412	2014	33463.0
0412	2015	33603.0
0412	2016	33597.0
0412	2017	33842.0
0412	2018	34151.0
0412	2019	34488.0
0415	2011	7353.0
0415	2012	7477.0
0415	2013	7479.0
0415	2014	7546.0
0415	2015	7552.0
0415	2016	7588.0
0415	2017	7633.0
0415	2018	7615.0
0415	2019	7663.0
0417	2011	19154.0
0417	2012	19190.0
0417	2013	19407.0
0417	2014	19737.0
0417	2015	20013.0
0417	2016	20119.0
0417	2017	20317.0
0417	2018	20646.0
0417	2019	20916.0
0418	2011	5113.0
0418	2012	5141.0
0418	2013	5190.0
0418	2014	5118.0
0418	2015	5128.0
0418	2016	5131.0
0418	2017	5100.0
0418	2018	5097.0
0418	2019	5024.0
0419	2011	7831.0
0419	2012	7859.0
0419	2013	7806.0
0419	2014	7847.0
0419	2015	7800.0
0419	2016	7901.0
0419	2017	7866.0
0419	2018	7884.0
0419	2019	7879.0
0420	2011	6299.0
0420	2012	6288.0
0420	2013	6282.0
0420	2014	6253.0
0420	2015	6219.0
0420	2016	6142.0
0420	2017	6127.0
0420	2018	6142.0
0420	2019	6114.0
0423	2011	5024.0
0423	2012	5003.0
0423	2013	4997.0
0423	2014	4948.0
0423	2015	4853.0
0423	2016	4763.0
0423	2017	4777.0
0423	2018	4740.0
0423	2019	4646.0
0425	2011	7597.0
0425	2012	7606.0
0425	2013	7600.0
0425	2014	7544.0
0425	2015	7561.0
0425	2016	7456.0
0425	2017	7329.0
0425	2018	7279.0
0425	2019	7214.0
0426	2011	3882.0
0426	2012	3844.0
0426	2013	3826.0
0426	2014	3783.0
0426	2015	3790.0
0426	2016	3760.0
0426	2017	3743.0
0426	2018	3680.0
0426	2019	3705.0
0427	2011	19979.0
0427	2012	20152.0
0427	2013	20343.0
0427	2014	20563.0
0427	2015	20794.0
0427	2016	21030.0
0427	2017	21086.0
0427	2018	21123.0
0427	2019	21191.0
0428	2011	6754.0
0428	2012	6752.0
0428	2013	6689.0
0428	2014	6621.0
0428	2015	6569.0
0428	2016	6525.0
0428	2017	6550.0
0428	2018	6567.0
0428	2019	6607.0
0429	2011	4317.0
0429	2012	4337.0
0429	2013	4387.0
0429	2014	4455.0
0429	2015	4456.0
0429	2016	4429.0
0429	2017	4518.0
0429	2018	4480.0
0429	2019	4407.0
0430	2011	2665.0
0430	2012	2678.0
0430	2013	2641.0
0430	2014	2699.0
0430	2015	2619.0
0430	2016	2600.0
0430	2017	2530.0
0430	2018	2490.0
0430	2019	2459.0
0432	2011	1974.0
0432	2012	1959.0
0432	2013	1910.0
0432	2014	1883.0
0432	2015	1885.0
0432	2016	1881.0
0432	2017	1858.0
0432	2018	1827.0
0432	2019	1791.0
0434	2011	1409.0
0434	2012	1390.0
0434	2013	1376.0
0434	2014	1345.0
0434	2015	1359.0
0434	2016	1305.0
0434	2017	1274.0
0434	2018	1294.0
0434	2019	1286.0
0436	2011	1684.0
0436	2012	1681.0
0436	2013	1681.0
0436	2014	1658.0
0436	2015	1656.0
0436	2016	1620.0
0436	2017	1620.0
0436	2018	1553.0
0436	2019	1551.0
0437	2011	5495.0
0437	2012	5564.0
0437	2013	5570.0
0437	2014	5549.0
0437	2015	5562.0
0437	2016	5580.0
0437	2017	5584.0
0437	2018	5605.0
0437	2019	5591.0
0438	2011	2447.0
0438	2012	2431.0
0438	2013	2449.0
0438	2014	2432.0
0438	2015	2418.0
0438	2016	2426.0
0438	2017	2441.0
0438	2018	2424.0
0438	2019	2418.0
0439	2011	1660.0
0439	2012	1641.0
0439	2013	1654.0
0439	2014	1631.0
0439	2015	1597.0
0439	2016	1592.0
0439	2017	1577.0
0439	2018	1569.0
0439	2019	1577.0
0441	2011	2045.0
0441	2012	2040.0
0441	2013	2035.0
0441	2014	2013.0
0441	2015	1991.0
0441	2016	1956.0
0441	2017	1963.0
0441	2018	1936.0
0441	2019	1912.0
0501	2011	26571.0
0501	2012	26765.0
0501	2013	26850.0
0501	2014	27028.0
0501	2015	27300.0
0501	2016	27476.0
0501	2017	27781.0
0501	2018	27938.0
0501	2019	28023.0
0502	2011	28974.0
0502	2012	29202.0
0502	2013	29407.0
0502	2014	29668.0
0502	2015	30063.0
0502	2016	30137.0
0502	2017	30319.0
0502	2018	30642.0
0502	2019	30676.0
0511	2011	2748.0
0511	2012	2742.0
0511	2013	2727.0
0511	2014	2704.0
0511	2015	2745.0
0511	2016	2701.0
0511	2017	2675.0
0511	2018	2642.0
0511	2019	2615.0
0512	2011	2197.0
0512	2012	2195.0
0512	2013	2145.0
0512	2014	2076.0
0512	2015	2059.0
0512	2016	2055.0
0512	2017	2048.0
0512	2018	2038.0
0512	2019	2009.0
0513	2011	2299.0
0513	2012	2307.0
0513	2013	2279.0
0513	2014	2264.0
0513	2015	2245.0
0513	2016	2204.0
0513	2017	2202.0
0513	2018	2179.0
0513	2019	2204.0
0514	2011	2401.0
0514	2012	2382.0
0514	2013	2364.0
0514	2014	2361.0
0514	2015	2356.0
0514	2016	2347.0
0514	2017	2360.0
0514	2018	2331.0
0514	2019	2293.0
0515	2011	3718.0
0515	2012	3739.0
0515	2013	3716.0
0515	2014	3686.0
0515	2015	3675.0
0515	2016	3664.0
0515	2017	3640.0
0515	2018	3638.0
0515	2019	3589.0
0516	2011	5834.0
0516	2012	5830.0
0516	2013	5827.0
0516	2014	5765.0
0516	2015	5754.0
0516	2016	5741.0
0516	2017	5723.0
0516	2018	5728.0
0516	2019	5742.0
0517	2011	6004.0
0517	2012	5992.0
0517	2013	5952.0
0517	2014	5974.0
0517	2015	5965.0
0517	2016	5935.0
0517	2017	5916.0
0517	2018	5872.0
0517	2019	5789.0
0519	2011	3212.0
0519	2012	3208.0
0519	2013	3193.0
0519	2014	3191.0
0519	2015	3204.0
0519	2016	3154.0
0519	2017	3163.0
0519	2018	3146.0
0519	2019	3127.0
0520	2011	4556.0
0520	2012	4561.0
0520	2013	4496.0
0520	2014	4495.0
0520	2015	4459.0
0520	2016	4462.0
0520	2017	4502.0
0520	2018	4454.0
0520	2019	4425.0
0521	2011	5092.0
0521	2012	5095.0
0521	2013	5102.0
0521	2014	5090.0
0521	2015	5065.0
0521	2016	5072.0
0521	2017	5082.0
0521	2018	5130.0
0521	2019	5119.0
0522	2011	6141.0
0522	2012	6160.0
0522	2013	6141.0
0522	2014	6237.0
0522	2015	6210.0
0522	2016	6227.0
0522	2017	6204.0
0522	2018	6148.0
0522	2019	6112.0
0528	2011	14604.0
0528	2012	14747.0
0528	2013	14766.0
0528	2014	14777.0
0528	2015	14796.0
0528	2016	14906.0
0528	2017	14887.0
0528	2018	14888.0
0528	2019	14948.0
0529	2011	12803.0
0529	2012	12928.0
0529	2013	12999.0
0529	2014	13075.0
0529	2015	13152.0
0529	2016	13180.0
0529	2017	13179.0
0529	2018	13314.0
0529	2019	13384.0
0532	2011	6359.0
0532	2012	6483.0
0532	2013	6444.0
0532	2014	6516.0
0532	2015	6599.0
0532	2016	6629.0
0532	2017	6696.0
0532	2018	6777.0
0532	2019	6846.0
0533	2011	8654.0
0533	2012	8776.0
0533	2013	8880.0
0533	2014	8952.0
0533	2015	9003.0
0533	2016	9044.0
0533	2017	9080.0
0533	2018	9065.0
0533	2019	9051.0
0534	2011	13434.0
0534	2012	13493.0
0534	2013	13550.0
0534	2014	13607.0
0534	2015	13685.0
0534	2016	13695.0
0534	2017	13707.0
0534	2018	13770.0
0534	2019	13642.0
0536	2011	5837.0
0536	2012	5761.0
0536	2013	5703.0
0536	2014	5701.0
0536	2015	5772.0
0536	2016	5758.0
0536	2017	5717.0
0536	2018	5650.0
0536	2019	5623.0
0538	2011	6716.0
0538	2012	6768.0
0538	2013	6758.0
0538	2014	6700.0
0538	2015	6740.0
0538	2016	6751.0
0538	2017	6773.0
0538	2018	6750.0
0538	2019	6671.0
0540	2011	3164.0
0540	2012	3154.0
0540	2013	3147.0
0540	2014	3133.0
0540	2015	3094.0
0540	2016	3058.0
0540	2017	3026.0
0540	2018	3014.0
0540	2019	2981.0
0541	2011	1388.0
0541	2012	1408.0
0541	2013	1399.0
0541	2014	1408.0
0541	2015	1402.0
0541	2016	1321.0
0541	2017	1351.0
0541	2018	1352.0
0541	2019	1305.0
0542	2011	6402.0
0542	2012	6428.0
0542	2013	6396.0
0542	2014	6417.0
0542	2015	6466.0
0542	2016	6458.0
0542	2017	6490.0
0542	2018	6443.0
0542	2019	6418.0
0543	2011	2217.0
0543	2012	2232.0
0543	2013	2219.0
0543	2014	2187.0
0543	2015	2180.0
0543	2016	2168.0
0543	2017	2114.0
0543	2018	2139.0
0543	2019	2135.0
0544	2011	3171.0
0544	2012	3174.0
0544	2013	3197.0
0544	2014	3206.0
0544	2015	3199.0
0544	2016	3220.0
0544	2017	3248.0
0544	2018	3221.0
0544	2019	3208.0
0545	2011	1591.0
0545	2012	1617.0
0545	2013	1597.0
0545	2014	1602.0
0545	2015	1619.0
0545	2016	1590.0
0545	2017	1596.0
0545	2018	1601.0
0545	2019	1610.0
3801	2020	27351.0
3801	2021	27510.0
3801	2022	27502.0
3801	2023	27682.0
3802	2020	24699.0
3802	2021	25011.0
3802	2022	25681.0
3802	2023	26206.0
3803	2020	56293.0
3803	2021	57026.0
3803	2022	57794.0
3803	2023	58561.0
3804	2020	63764.0
3804	2021	64345.0
3804	2022	64943.0
3804	2023	65574.0
3805	2020	47204.0
3805	2021	47499.0
3805	2022	47777.0
3805	2023	48246.0
3806	2020	36397.0
3806	2021	36526.0
3806	2022	36624.0
3806	2023	37056.0
3807	2020	54942.0
3807	2021	55144.0
3807	2022	55513.0
3807	2023	55924.0
3808	2020	13049.0
3808	2021	12994.0
3808	2022	13029.0
3808	2023	13025.0
3811	2020	26730.0
3811	2021	26957.0
3811	2022	27165.0
3811	2023	27286.0
3812	2020	2340.0
3812	2021	2347.0
3812	2022	2349.0
3812	2023	2375.0
3813	2020	14061.0
3813	2021	14014.0
3813	2022	14056.0
3813	2023	14172.0
3814	2020	10380.0
3814	2021	10416.0
3814	2022	10351.0
3814	2023	10413.0
3815	2020	4060.0
3815	2021	4071.0
3815	2022	4093.0
3815	2023	4091.0
3816	2020	6515.0
3816	2021	6488.0
3816	2022	6494.0
3816	2023	6559.0
3817	2020	10444.0
3817	2021	10461.0
3817	2022	10539.0
3817	2023	10735.0
3818	2020	5691.0
3818	2021	5604.0
3818	2022	5512.0
3818	2023	5546.0
3819	2020	1573.0
3819	2021	1561.0
3819	2022	1562.0
3819	2023	1588.0
3820	2020	2888.0
3820	2021	2900.0
3820	2022	2889.0
3820	2023	2939.0
3821	2020	2403.0
3821	2021	2430.0
3821	2022	2452.0
3821	2023	2427.0
3822	2020	1448.0
3822	2021	1430.0
3822	2022	1414.0
3822	2023	1442.0
3823	2020	1287.0
3823	2021	1228.0
3823	2022	1198.0
3823	2023	1224.0
3824	2020	2201.0
3824	2021	2164.0
3824	2022	2140.0
3824	2023	2198.0
3825	2020	3676.0
3825	2021	3756.0
3825	2022	3755.0
3825	2023	3832.0
3901	2024	27939.0
3901	2025	28039.0
3901	2026	28173.0
3903	2024	26872.0
3903	2025	27005.0
3903	2026	27086.0
3905	2024	59174.0
3905	2025	59830.0
3905	2026	60246.0
3907	2024	66231.0
3907	2025	66758.0
3907	2026	67062.0
3909	2024	48715.0
3909	2025	48870.0
3909	2026	49022.0
3911	2024	27501.0
3911	2025	27569.0
3911	2026	27743.0
4001	2024	37193.0
4001	2025	37289.0
4001	2026	37435.0
4003	2024	56619.0
4003	2025	56866.0
4003	2026	56906.0
4005	2024	13266.0
4005	2025	13333.0
4005	2026	13389.0
4010	2024	2382.0
4010	2025	2389.0
4010	2026	2377.0
4012	2024	14269.0
4012	2025	14310.0
4012	2026	14267.0
4014	2024	10445.0
4014	2025	10446.0
4014	2026	10378.0
4016	2024	4086.0
4016	2025	4067.0
4016	2026	4056.0
4018	2024	6539.0
4018	2025	6558.0
4018	2026	6529.0
4020	2024	10904.0
4020	2025	11135.0
4020	2026	11157.0
4022	2024	2979.0
4022	2025	2981.0
4022	2026	2959.0
4024	2024	1630.0
4024	2025	1646.0
4024	2026	1638.0
4026	2024	5533.0
4026	2025	5529.0
4026	2026	5515.0
4028	2024	2458.0
4028	2025	2473.0
4028	2026	2463.0
4030	2024	1471.0
4030	2025	1486.0
4030	2026	1509.0
4032	2024	1256.0
4032	2025	1256.0
4032	2026	1274.0
4034	2024	2212.0
4034	2025	2238.0
4034	2026	2242.0
4036	2024	3851.0
4036	2025	3861.0
4036	2026	3829.0
0701	2011	26036.0
0701	2012	26307.0
0701	2013	26595.0
0701	2014	26751.0
0701	2015	26903.0
0701	2016	27178.0
0701	2017	27202.0
0701	2018	27317.0
0701	2019	27334.0
0702	2011	10152.0
0702	2012	10251.0
0702	2013	10350.0
0702	2014	10456.0
0702	2015	10661.0
0702	2016	10741.0
0702	2017	10861.0
0704	2011	39758.0
0704	2012	40677.0
0704	2013	41239.0
0704	2014	41550.0
0704	2015	41920.0
0704	2016	42276.0
0704	2017	44922.0
0704	2018	45360.0
0704	2019	45976.0
0706	2011	43648.0
0706	2012	44150.0
0706	2013	44629.0
0706	2014	44976.0
0706	2015	45281.0
0706	2016	45820.0
0709	2011	42638.0
0709	2012	42947.0
0709	2013	43132.0
0709	2014	43258.0
0709	2015	43506.0
0709	2016	43867.0
0709	2017	44082.0
0710	2017	62019.0
0710	2018	62615.0
0710	2019	63271.0
0711	2011	6494.0
0711	2012	6581.0
0711	2013	6570.0
0711	2014	6580.0
0711	2015	6601.0
0711	2016	6604.0
0711	2017	6653.0
0711	2018	6672.0
0711	2019	6685.0
0712	2018	46801.0
0712	2019	47107.0
0713	2011	8529.0
0713	2012	8680.0
0713	2013	8835.0
0713	2014	9036.0
0713	2015	9149.0
0713	2016	9297.0
0713	2017	9496.0
0713	2018	9726.0
0713	2019	9904.0
0714	2011	3073.0
0714	2012	3048.0
0714	2013	3060.0
0714	2014	3091.0
0714	2015	3114.0
0714	2016	3163.0
0714	2017	3176.0
0715	2018	14212.0
0715	2019	14371.0
0716	2011	8821.0
0716	2012	8936.0
0716	2013	8994.0
0716	2014	9144.0
0716	2015	9253.0
0716	2016	9361.0
0716	2017	9486.0
0716	2018	9621.0
0716	2019	9730.0
0719	2011	5372.0
0719	2012	5448.0
0719	2013	5546.0
0719	2014	5719.0
0719	2015	5860.0
0719	2016	5937.0
0720	2011	11129.0
0720	2012	11178.0
0720	2013	11398.0
0720	2014	11509.0
0720	2015	11506.0
0720	2016	11657.0
0722	2011	20897.0
0722	2012	20995.0
0722	2013	21100.0
0722	2014	21403.0
0722	2015	21483.0
0722	2016	21621.0
0722	2017	21748.0
0723	2011	4738.0
0723	2012	4813.0
0723	2013	4865.0
0723	2014	4927.0
0723	2015	4962.0
0723	2016	4971.0
0723	2017	4928.0
0728	2011	2420.0
0728	2012	2413.0
0728	2013	2435.0
0728	2014	2460.0
0728	2015	2463.0
0728	2016	2474.0
0728	2017	2475.0
0729	2018	26734.0
0729	2019	26700.0
0805	2011	35043.0
0805	2012	35219.0
0805	2013	35392.0
0805	2014	35516.0
0805	2015	35755.0
0805	2016	35955.0
0805	2017	36198.0
0805	2018	36091.0
0805	2019	36224.0
0806	2011	52077.0
0806	2012	52509.0
0806	2013	53015.0
0806	2014	53439.0
0806	2015	53745.0
0806	2016	53952.0
0806	2017	54316.0
0806	2018	54510.0
0806	2019	54645.0
0807	2011	12396.0
0807	2012	12469.0
0807	2013	12497.0
0807	2014	12609.0
0807	2015	12599.0
0807	2016	12717.0
0807	2017	12757.0
0807	2018	12664.0
0807	2019	12682.0
0811	2011	2419.0
0811	2012	2432.0
0811	2013	2426.0
0811	2014	2404.0
0811	2015	2361.0
0811	2016	2335.0
0811	2017	2357.0
0811	2018	2351.0
0811	2019	2329.0
0814	2011	14030.0
0814	2012	14106.0
0814	2013	14129.0
0814	2014	14193.0
0814	2015	14140.0
0814	2016	14088.0
0814	2017	14138.0
0814	2018	14183.0
0814	2019	14089.0
0815	2011	10695.0
0815	2012	10710.0
0815	2013	10700.0
0815	2014	10621.0
0815	2015	10636.0
0815	2016	10607.0
0815	2017	10586.0
0815	2018	10506.0
0815	2019	10406.0
0817	2011	4124.0
0817	2012	4126.0
0817	2013	4139.0
0817	2014	4135.0
0817	2015	4111.0
0817	2016	4136.0
0817	2017	4148.0
0817	2018	4105.0
0817	2019	4080.0
0819	2011	6561.0
0819	2012	6579.0
0819	2013	6625.0
0819	2014	6643.0
0819	2015	6630.0
0819	2016	6534.0
0819	2017	6585.0
0819	2018	6609.0
0819	2019	6538.0
0821	2011	5659.0
0821	2012	5766.0
0821	2013	5791.0
0821	2014	5834.0
0821	2015	5977.0
0821	2016	6101.0
0821	2017	6262.0
0821	2018	6460.0
0821	2019	6630.0
0822	2011	4358.0
0822	2012	4314.0
0822	2013	4369.0
0822	2014	4325.0
0822	2015	4346.0
0822	2016	4338.0
0822	2017	4303.0
0822	2018	4359.0
0822	2019	4293.0
0826	2011	6037.0
0826	2012	5982.0
0826	2013	5973.0
0826	2014	5957.0
0826	2015	5913.0
0826	2016	5940.0
0826	2017	5894.0
0826	2018	5856.0
0826	2019	5780.0
0827	2011	1597.0
0827	2012	1602.0
0827	2013	1609.0
0827	2014	1602.0
0827	2015	1594.0
0827	2016	1613.0
0827	2017	1593.0
0827	2018	1587.0
0827	2019	1572.0
0828	2011	2955.0
0828	2012	2959.0
0828	2013	2945.0
0828	2014	2989.0
0828	2015	3002.0
0828	2016	2991.0
0828	2017	2979.0
0828	2018	2959.0
0828	2019	2934.0
0829	2011	2501.0
0829	2012	2498.0
0829	2013	2507.0
0829	2014	2468.0
0829	2015	2466.0
0829	2016	2448.0
0829	2017	2442.0
0829	2018	2397.0
0829	2019	2403.0
0830	2011	1405.0
0830	2012	1430.0
0830	2013	1430.0
0830	2014	1451.0
0830	2015	1439.0
0830	2016	1443.0
0830	2017	1476.0
0830	2018	1489.0
0830	2019	1476.0
0831	2011	1351.0
0831	2012	1335.0
0831	2013	1350.0
0831	2014	1303.0
0831	2015	1298.0
0831	2016	1323.0
0831	2017	1319.0
0831	2018	1320.0
0831	2019	1286.0
0833	2011	2316.0
0833	2012	2287.0
0833	2013	2284.0
0833	2014	2257.0
0833	2015	2252.0
0833	2016	2246.0
0833	2017	2228.0
0833	2018	2236.0
0833	2019	2228.0
0834	2011	3661.0
0834	2012	3700.0
0834	2013	3721.0
0834	2014	3723.0
0834	2015	3689.0
0834	2016	3727.0
0834	2017	3726.0
0834	2018	3709.0
0834	2019	3723.0
4201	2020	6809.0
4201	2021	6762.0
4201	2022	6735.0
4201	2023	6806.0
4201	2024	6825.0
4201	2025	6687.0
4201	2026	6683.0
4202	2020	23544.0
4202	2021	23891.0
4202	2022	24017.0
4202	2023	24587.0
4202	2024	24969.0
4202	2025	25419.0
4202	2026	25569.0
4203	2020	44999.0
4203	2021	45065.0
4203	2022	45509.0
4203	2023	45891.0
4203	2024	46355.0
4203	2025	46568.0
4203	2026	46603.0
4204	2020	111633.0
4204	2021	112588.0
4204	2022	113737.0
4204	2023	115569.0
4204	2024	116986.0
4204	2025	118221.0
4204	2026	119287.0
4205	2020	23046.0
4205	2021	23055.0
4205	2022	23147.0
4205	2023	23479.0
4205	2024	23690.0
4205	2025	23768.0
4205	2026	23702.0
4206	2020	9691.0
4206	2021	9645.0
4206	2022	9622.0
4206	2023	9860.0
4206	2024	9876.0
4206	2025	9880.0
4206	2026	9949.0
4207	2020	9028.0
4207	2021	9027.0
4207	2022	9048.0
4207	2023	9216.0
4207	2024	9279.0
4207	2025	9329.0
4207	2026	9373.0
4211	2020	2428.0
4211	2021	2430.0
4211	2022	2427.0
4211	2023	2421.0
4211	2024	2444.0
4211	2025	2492.0
4211	2026	2502.0
4212	2020	2097.0
4212	2021	2128.0
4212	2022	2131.0
4212	2023	2143.0
4212	2024	2268.0
4212	2025	2285.0
4212	2026	2253.0
4213	2020	6053.0
4213	2021	6067.0
4213	2022	6115.0
4213	2023	6184.0
4213	2024	6323.0
4213	2025	6464.0
4213	2026	6430.0
4214	2020	5951.0
4214	2021	6004.0
4214	2022	6098.0
4214	2023	6174.0
4214	2024	6236.0
4214	2025	6260.0
4214	2026	6299.0
4215	2020	11074.0
4215	2021	11180.0
4215	2022	11279.0
4215	2023	11419.0
4215	2024	11523.0
4215	2025	11734.0
4215	2026	11822.0
4216	2020	5226.0
4216	2021	5274.0
4216	2022	5342.0
4216	2023	5390.0
4216	2024	5480.0
4216	2025	5413.0
4216	2026	5447.0
4217	2020	1836.0
4217	2021	1822.0
4217	2022	1801.0
4217	2023	1786.0
4217	2024	1802.0
4217	2025	1778.0
4217	2026	1805.0
4218	2020	1331.0
4218	2021	1335.0
4218	2022	1323.0
4218	2023	1344.0
4218	2024	1380.0
4218	2025	1399.0
4218	2026	1386.0
4219	2020	3634.0
4219	2021	3619.0
4219	2022	3653.0
4219	2023	3904.0
4219	2024	3967.0
4219	2025	3828.0
4219	2026	3842.0
4220	2020	1162.0
4220	2021	1142.0
4220	2022	1134.0
4220	2023	1136.0
4220	2024	1180.0
4220	2025	1162.0
4220	2026	1167.0
4221	2020	1164.0
4221	2021	1169.0
4221	2022	1169.0
4221	2023	1180.0
4221	2024	1205.0
4221	2025	1205.0
4221	2026	1209.0
4222	2020	965.0
4222	2021	930.0
4222	2022	935.0
4222	2023	995.0
4222	2024	1011.0
4222	2025	1039.0
4222	2026	1057.0
4223	2020	14774.0
4223	2021	14935.0
4223	2022	15123.0
4223	2023	15294.0
4223	2024	15452.0
4223	2025	15622.0
4223	2026	15772.0
4224	2020	932.0
4224	2021	927.0
4224	2022	912.0
4224	2023	911.0
4224	2024	923.0
4224	2025	915.0
4224	2026	904.0
4225	2020	10365.0
4225	2021	10464.0
4225	2022	10480.0
4225	2023	10751.0
4225	2024	10835.0
4225	2025	10869.0
4225	2026	10922.0
4226	2020	1680.0
4226	2021	1690.0
4226	2022	1704.0
4226	2023	1750.0
4226	2024	1776.0
4226	2025	1786.0
4226	2026	1794.0
4227	2020	5987.0
4227	2021	5922.0
4227	2022	5883.0
4227	2023	6024.0
4227	2024	6192.0
4227	2025	6163.0
4227	2026	6242.0
4228	2020	1822.0
4228	2021	1772.0
4228	2022	1810.0
4228	2023	1837.0
4228	2024	1873.0
4228	2025	1902.0
4228	2026	1911.0
0901	2011	6871.0
0901	2012	6899.0
0901	2013	6848.0
0901	2014	6899.0
0901	2015	6909.0
0901	2016	6920.0
0901	2017	6936.0
0901	2018	6882.0
0901	2019	6848.0
0904	2011	20823.0
0904	2012	21301.0
0904	2013	21594.0
0904	2014	21783.0
0904	2015	22098.0
0904	2016	22550.0
0904	2017	22692.0
0904	2018	23017.0
0904	2019	23246.0
0906	2011	42229.0
0906	2012	42801.0
0906	2013	43336.0
0906	2014	43841.0
0906	2015	44219.0
0906	2016	44313.0
0906	2017	44576.0
0906	2018	44645.0
0906	2019	44785.0
0911	2011	2497.0
0911	2012	2478.0
0911	2013	2484.0
0911	2014	2489.0
0911	2015	2481.0
0911	2016	2473.0
0911	2017	2511.0
0911	2018	2467.0
0911	2019	2454.0
0912	2011	1922.0
0912	2012	1933.0
0912	2013	1986.0
0912	2014	2000.0
0912	2015	2018.0
0912	2016	2036.0
0912	2017	2104.0
0912	2018	2087.0
0912	2019	2093.0
0914	2011	5969.0
0914	2012	6019.0
0914	2013	6064.0
0914	2014	6059.0
0914	2015	6048.0
0914	2016	6014.0
0914	2017	6051.0
0914	2018	6086.0
0914	2019	6069.0
0919	2011	5127.0
0919	2012	5257.0
0919	2013	5425.0
0919	2014	5486.0
0919	2015	5532.0
0919	2016	5618.0
0919	2017	5713.0
0919	2018	5790.0
0919	2019	5845.0
0926	2011	9713.0
0926	2012	9878.0
0926	2013	10032.0
0926	2014	10106.0
0926	2015	10340.0
0926	2016	10577.0
0926	2017	10702.0
0926	2018	10871.0
0926	2019	10990.0
0928	2011	4776.0
0928	2012	4828.0
0928	2013	4936.0
0928	2014	4993.0
0928	2015	5035.0
0928	2016	5147.0
0928	2017	5178.0
0928	2018	5187.0
0928	2019	5212.0
0929	2011	1829.0
0929	2012	1825.0
0929	2013	1815.0
0929	2014	1810.0
0929	2015	1832.0
0929	2016	1847.0
0929	2017	1856.0
0929	2018	1845.0
0929	2019	1848.0
0935	2011	1305.0
0935	2012	1298.0
0935	2013	1283.0
0935	2014	1314.0
0935	2015	1315.0
0935	2016	1317.0
0935	2017	1342.0
0935	2018	1330.0
0935	2019	1326.0
0937	2011	3475.0
0937	2012	3496.0
0937	2013	3556.0
0937	2014	3549.0
0937	2015	3567.0
0937	2016	3582.0
0937	2017	3614.0
0937	2018	3625.0
0937	2019	3638.0
0938	2011	1239.0
0938	2012	1219.0
0938	2013	1207.0
0938	2014	1200.0
0938	2015	1189.0
0938	2016	1204.0
0938	2017	1200.0
0938	2018	1207.0
0938	2019	1192.0
0940	2011	1284.0
0940	2012	1293.0
0940	2013	1277.0
0940	2014	1270.0
0940	2015	1251.0
0940	2016	1242.0
0940	2017	1246.0
0940	2018	1225.0
0940	2019	1156.0
0941	2011	989.0
0941	2012	970.0
0941	2013	929.0
0941	2014	948.0
0941	2015	933.0
0941	2016	945.0
0941	2017	952.0
0941	2018	958.0
0941	2019	953.0
1001	2011	82394.0
1001	2012	83243.0
1001	2013	84476.0
1001	2014	85983.0
1001	2015	87446.0
1001	2016	88447.0
1001	2017	89268.0
1001	2018	91440.0
1001	2019	92282.0
1002	2011	14960.0
1002	2012	15149.0
1002	2013	15237.0
1002	2014	15349.0
1002	2015	15437.0
1002	2016	15529.0
1002	2017	15600.0
1002	2018	15659.0
1002	2019	15659.0
1003	2011	9415.0
1003	2012	9433.0
1003	2013	9441.0
1003	2014	9516.0
1003	2015	9596.0
1003	2016	9705.0
1003	2017	9769.0
1003	2018	9726.0
1003	2019	9695.0
1004	2011	9013.0
1004	2012	9046.0
1004	2013	9060.0
1004	2014	9013.0
1004	2015	9069.0
1004	2016	9096.0
1004	2017	9090.0
1004	2018	9066.0
1004	2019	9066.0
1014	2011	13334.0
1014	2012	13583.0
1014	2013	13756.0
1014	2014	13986.0
1014	2015	14095.0
1014	2016	14308.0
1014	2017	14425.0
1014	2018	14532.0
1014	2019	14630.0
1017	2011	5999.0
1017	2012	6165.0
1017	2013	6285.0
1017	2014	6303.0
1017	2015	6354.0
1017	2016	6419.0
1017	2017	6568.0
1017	2018	6656.0
1017	2019	6706.0
1018	2011	10709.0
1018	2012	10855.0
1018	2013	10960.0
1018	2014	11005.0
1018	2015	11217.0
1018	2016	11260.0
1018	2017	11321.0
1018	2018	11342.0
1018	2019	11403.0
1021	2011	2227.0
1021	2012	2286.0
1021	2013	2292.0
1021	2014	2290.0
1021	2015	2294.0
1021	2016	2290.0
1021	2017	2309.0
1021	2018	2308.0
1021	2019	2297.0
1026	2011	912.0
1026	2012	912.0
1026	2013	912.0
1026	2014	923.0
1026	2015	925.0
1026	2016	942.0
1026	2017	937.0
1026	2018	943.0
1026	2019	939.0
1027	2011	1660.0
1027	2012	1689.0
1027	2013	1728.0
1027	2014	1743.0
1027	2015	1750.0
1027	2016	1750.0
1027	2017	1765.0
1027	2018	1786.0
1027	2019	1780.0
1029	2011	4724.0
1029	2012	4753.0
1029	2013	4796.0
1029	2014	4853.0
1029	2015	4880.0
1029	2016	4943.0
1029	2017	4950.0
1029	2018	4938.0
1029	2019	4953.0
1032	2011	7815.0
1032	2012	7895.0
1032	2013	8011.0
1032	2014	8102.0
1032	2015	8335.0
1032	2016	8497.0
1032	2017	8588.0
1032	2018	8571.0
1032	2019	8609.0
1034	2011	1639.0
1034	2012	1665.0
1034	2013	1669.0
1034	2014	1690.0
1034	2015	1693.0
1034	2016	1702.0
1034	2017	1702.0
1034	2018	1699.0
1034	2019	1683.0
1037	2011	5816.0
1037	2012	5834.0
1037	2013	5899.0
1037	2014	5891.0
1037	2015	5948.0
1037	2016	5981.0
1037	2017	5988.0
1037	2018	6024.0
1037	2019	6048.0
1046	2011	1791.0
1046	2012	1816.0
1046	2013	1831.0
1046	2014	1831.0
1046	2015	1838.0
1046	2016	1832.0
1046	2017	1836.0
1046	2018	1842.0
1046	2019	1839.0
1101	2011	14346.0
1101	2012	14475.0
1101	2013	14636.0
1101	2014	14811.0
1101	2015	14916.0
1101	2016	14942.0
1101	2017	14899.0
1101	2018	14898.0
1101	2019	14830.0
1101	2020	14811.0
1101	2021	14787.0
1101	2022	14860.0
1101	2023	15011.0
1101	2024	15221.0
1101	2025	15375.0
1101	2026	15546.0
1102	2011	66245.0
1102	2012	67814.0
1102	2013	70046.0
1102	2014	71900.0
1102	2015	73624.0
1102	2016	74820.0
1102	2017	75497.0
1102	2018	76328.0
1102	2019	77246.0
1103	2011	126021.0
1103	2012	127506.0
1103	2013	129191.0
1103	2014	130754.0
1103	2015	132102.0
1103	2016	132644.0
1103	2017	132729.0
1103	2018	133140.0
1103	2019	134037.0
1103	2020	143574.0
1103	2021	144147.0
1103	2022	144699.0
1103	2023	146011.0
1103	2024	149048.0
1103	2025	150123.0
1103	2026	151669.0
1106	2011	34619.0
1106	2012	35099.0
1106	2013	35753.0
1106	2014	36099.0
1106	2015	36538.0
1106	2016	36951.0
1106	2017	37166.0
1106	2018	37167.0
1106	2019	37250.0
1106	2020	37357.0
1106	2021	37323.0
1106	2022	37444.0
1106	2023	37855.0
1106	2024	38292.0
1106	2025	38441.0
1106	2026	38663.0
1108	2020	79537.0
1108	2021	80450.0
1108	2022	81305.0
1108	2023	82548.0
1108	2024	83702.0
1108	2025	84908.0
1108	2026	85785.0
1111	2011	3265.0
1111	2012	3257.0
1111	2013	3286.0
1111	2014	3303.0
1111	2015	3309.0
1111	2016	3313.0
1111	2017	3316.0
1111	2018	3331.0
1111	2019	3305.0
1111	2020	3280.0
1111	2021	3257.0
1111	2022	3281.0
1111	2023	3324.0
1111	2024	3347.0
1111	2025	3371.0
1111	2026	3356.0
1112	2011	3186.0
1112	2012	3183.0
1112	2013	3173.0
1112	2014	3225.0
1112	2015	3247.0
1112	2016	3243.0
1112	2017	3259.0
1112	2018	3237.0
1112	2019	3213.0
1112	2020	3202.0
1112	2021	3174.0
1112	2022	3178.0
1112	2023	3206.0
1112	2024	3226.0
1112	2025	3259.0
1112	2026	3229.0
1114	2011	2651.0
1114	2012	2739.0
1114	2013	2779.0
1114	2014	2820.0
1114	2015	2861.0
1114	2016	2825.0
1114	2017	2826.0
1114	2018	2826.0
1114	2019	2807.0
1114	2020	2787.0
1114	2021	2791.0
1114	2022	2789.0
1114	2023	2848.0
1114	2024	2892.0
1114	2025	2905.0
1114	2026	2894.0
1119	2011	16822.0
1119	2012	17244.0
1119	2013	17635.0
1119	2014	18115.0
1119	2015	18528.0
1119	2016	18591.0
1119	2017	18800.0
1119	2018	18762.0
1119	2019	18814.0
1119	2020	18991.0
1119	2021	19120.0
1119	2022	19296.0
1119	2023	19649.0
1119	2024	19827.0
1119	2025	20067.0
1119	2026	20087.0
1120	2011	17397.0
1120	2012	17746.0
1120	2013	18227.0
1120	2014	18485.0
1120	2015	18741.0
1120	2016	18970.0
1120	2017	19042.0
1120	2018	19217.0
1120	2019	19354.0
1120	2020	19588.0
1120	2021	19848.0
1120	2022	20163.0
1120	2023	20615.0
1120	2024	20900.0
1120	2025	21186.0
1120	2026	21444.0
1121	2011	16450.0
1121	2012	16769.0
1121	2013	17437.0
1121	2014	17897.0
1121	2015	18306.0
1121	2016	18572.0
1121	2017	18656.0
1121	2018	18699.0
1121	2019	18795.0
1121	2020	18916.0
1121	2021	19106.0
1121	2022	19353.0
1121	2023	19781.0
1121	2024	19910.0
1121	2025	20157.0
1121	2026	20461.0
1122	2011	10508.0
1122	2012	10778.0
1122	2013	11039.0
1122	2014	11317.0
1122	2015	11600.0
1122	2016	11853.0
1122	2017	11902.0
1122	2018	11866.0
1122	2019	11899.0
1122	2020	12002.0
1122	2021	12064.0
1122	2022	12131.0
1122	2023	12302.0
1122	2024	12362.0
1122	2025	12536.0
1122	2026	12715.0
1124	2011	23350.0
1124	2012	23877.0
1124	2013	24579.0
1124	2014	25083.0
1124	2015	25708.0
1124	2016	26096.0
1124	2017	26016.0
1124	2018	26265.0
1124	2019	26582.0
1124	2020	27153.0
1124	2021	27457.0
1124	2022	27568.0
1124	2023	28315.0
1124	2024	28685.0
1124	2025	29153.0
1124	2026	29541.0
1127	2011	10061.0
1127	2012	10265.0
1127	2013	10397.0
1127	2014	10416.0
1127	2015	10556.0
1127	2016	10737.0
1127	2017	10873.0
1127	2018	10972.0
1127	2019	11053.0
1127	2020	11221.0
1127	2021	11315.0
1127	2022	11454.0
1127	2023	11671.0
1127	2024	11742.0
1127	2025	11795.0
1127	2026	11841.0
1129	2011	1166.0
1129	2012	1190.0
1129	2013	1227.0
1129	2014	1242.0
1129	2015	1208.0
1129	2016	1238.0
1129	2017	1245.0
1129	2018	1246.0
1129	2019	1193.0
1130	2011	11379.0
1130	2012	11533.0
1130	2013	11882.0
1130	2014	12139.0
1130	2015	12395.0
1130	2016	12464.0
1130	2017	12662.0
1130	2018	12638.0
1130	2019	12720.0
1130	2020	12968.0
1130	2021	13070.0
1130	2022	13268.0
1130	2023	13474.0
1130	2024	13703.0
1130	2025	13813.0
1130	2026	13959.0
1133	2011	2814.0
1133	2012	2807.0
1133	2013	2799.0
1133	2014	2787.0
1133	2015	2785.0
1133	2016	2737.0
1133	2017	2708.0
1133	2018	2723.0
1133	2019	2684.0
1133	2020	2574.0
1133	2021	2580.0
1133	2022	2534.0
1133	2023	2619.0
1133	2024	2643.0
1133	2025	2681.0
1133	2026	2612.0
1134	2011	3850.0
1134	2012	3845.0
1134	2013	3872.0
1134	2014	3881.0
1134	2015	3892.0
1134	2016	3903.0
1134	2017	3853.0
1134	2018	3849.0
1134	2019	3794.0
1134	2020	3804.0
1134	2021	3809.0
1134	2022	3784.0
1134	2023	3815.0
1134	2024	3889.0
1134	2025	3939.0
1134	2026	3891.0
1135	2011	4703.0
1135	2012	4754.0
1135	2013	4745.0
1135	2014	4760.0
1135	2015	4756.0
1135	2016	4710.0
1135	2017	4760.0
1135	2018	4663.0
1135	2019	4597.0
1135	2020	4595.0
1135	2021	4561.0
1135	2022	4525.0
1135	2023	4543.0
1135	2024	4572.0
1135	2025	4600.0
1135	2026	4603.0
1141	2011	2919.0
1141	2012	2955.0
1141	2013	3015.0
1141	2014	3058.0
1141	2015	3147.0
1141	2016	3221.0
1141	2017	3235.0
1141	2018	3197.0
1141	2019	3150.0
1142	2011	4202.0
1142	2012	4388.0
1142	2013	4619.0
1142	2014	4755.0
1142	2015	4794.0
1142	2016	4856.0
1142	2017	4892.0
1142	2018	4849.0
1142	2019	4847.0
1144	2011	528.0
1144	2012	519.0
1144	2013	528.0
1144	2014	531.0
1144	2015	534.0
1144	2016	524.0
1144	2017	534.0
1144	2018	542.0
1144	2019	516.0
1144	2020	517.0
1144	2021	507.0
1144	2022	523.0
1144	2023	535.0
1144	2024	544.0
1144	2025	570.0
1144	2026	579.0
1145	2011	837.0
1145	2012	851.0
1145	2013	865.0
1145	2014	868.0
1145	2015	865.0
1145	2016	865.0
1145	2017	855.0
1145	2018	844.0
1145	2019	840.0
1145	2020	852.0
1145	2021	859.0
1145	2022	855.0
1145	2023	868.0
1145	2024	883.0
1145	2025	893.0
1145	2026	907.0
1146	2011	10191.0
1146	2012	10320.0
1146	2013	10487.0
1146	2014	10668.0
1146	2015	10857.0
1146	2016	10925.0
1146	2017	11041.0
1146	2018	11023.0
1146	2019	11028.0
1146	2020	11065.0
1146	2021	11178.0
1146	2022	11283.0
1146	2023	11405.0
1146	2024	11570.0
1146	2025	11715.0
1146	2026	11750.0
1149	2011	40063.0
1149	2012	40536.0
1149	2013	41118.0
1149	2014	41753.0
1149	2015	42062.0
1149	2016	42187.0
1149	2017	42229.0
1149	2018	42243.0
1149	2019	42161.0
1149	2020	42186.0
1149	2021	42345.0
1149	2022	42541.0
1149	2023	42903.0
1149	2024	43306.0
1149	2025	43723.0
1149	2026	43990.0
1151	2011	216.0
1151	2012	218.0
1151	2013	209.0
1151	2014	211.0
1151	2015	206.0
1151	2016	200.0
1151	2017	201.0
1151	2018	208.0
1151	2019	196.0
1151	2020	198.0
1151	2021	192.0
1151	2022	188.0
1151	2023	208.0
1151	2024	215.0
1151	2025	217.0
1151	2026	219.0
1160	2011	8298.0
1160	2012	8447.0
1160	2013	8615.0
1160	2014	8747.0
1160	2015	8765.0
1160	2016	8788.0
1160	2017	8828.0
1160	2018	8793.0
1160	2019	8743.0
1160	2020	8714.0
1160	2021	8705.0
1160	2022	8775.0
1160	2023	8844.0
1160	2024	8938.0
1160	2025	9069.0
1160	2026	9181.0
4601	2020	283929.0
4601	2021	285601.0
4601	2022	286930.0
4601	2023	289330.0
4601	2024	291940.0
4601	2025	293709.0
4601	2026	294860.0
4602	2020	17207.0
4602	2021	17160.0
4602	2022	17131.0
4602	2023	17179.0
4602	2024	17349.0
4602	2025	17419.0
4602	2026	17356.0
4611	2020	4062.0
4611	2021	4053.0
4611	2022	4043.0
4611	2023	4073.0
4611	2024	4072.0
4611	2025	4093.0
4611	2026	4115.0
4612	2020	5766.0
4612	2021	5798.0
4612	2022	5775.0
4612	2023	5732.0
4612	2024	5742.0
4612	2025	5752.0
4612	2026	5766.0
4613	2020	11957.0
4613	2021	11953.0
4613	2022	12061.0
4613	2023	12132.0
4613	2024	12268.0
4613	2025	12365.0
4613	2026	12531.0
4614	2020	18759.0
4614	2021	18861.0
4614	2022	18919.0
4614	2023	19098.0
4614	2024	19287.0
4614	2025	19350.0
4614	2026	19276.0
4615	2020	3189.0
4615	2021	3147.0
4615	2022	3117.0
4615	2023	3181.0
4615	2024	3203.0
4615	2025	3208.0
4615	2026	3237.0
4616	2020	2869.0
4616	2021	2924.0
4616	2022	2883.0
4616	2023	2910.0
4616	2024	2922.0
4616	2025	2986.0
4616	2026	3053.0
4617	2020	13071.0
4617	2021	13039.0
4617	2022	13017.0
4617	2023	13058.0
4617	2024	13089.0
4617	2025	13175.0
4617	2026	13236.0
4618	2020	11048.0
4618	2021	11002.0
4618	2022	10881.0
4618	2023	11148.0
4618	2024	11017.0
4618	2025	10981.0
4618	2026	10929.0
4619	2020	906.0
4619	2021	903.0
4619	2022	937.0
4619	2023	962.0
4619	2024	968.0
4619	2025	967.0
4619	2026	985.0
4620	2020	1080.0
4620	2021	1061.0
4620	2022	1051.0
4620	2023	1056.0
4620	2024	1089.0
4620	2025	1100.0
4620	2026	1114.0
4621	2020	15740.0
4621	2021	15787.0
4621	2022	15875.0
4621	2023	16144.0
4621	2024	16471.0
4621	2025	16436.0
4621	2026	16438.0
4622	2020	8457.0
4622	2021	8461.0
4622	2022	8497.0
4622	2023	8531.0
4622	2024	8496.0
4622	2025	8517.0
4622	2026	8490.0
4623	2020	2485.0
4623	2021	2504.0
4623	2022	2501.0
4623	2023	2495.0
4623	2024	2502.0
4623	2025	2491.0
4623	2026	2489.0
4624	2020	24908.0
4624	2021	25049.0
4624	2022	25213.0
4624	2023	25596.0
4624	2024	26080.0
4624	2025	26342.0
4624	2026	26753.0
4625	2020	5236.0
4625	2021	5276.0
4625	2022	5283.0
4625	2023	5297.0
4625	2024	5300.0
4625	2025	5437.0
4625	2026	5515.0
4626	2020	38316.0
4626	2021	38664.0
4626	2022	39032.0
4626	2023	39368.0
4626	2024	39768.0
4626	2025	40105.0
4626	2026	40641.0
4627	2020	29553.0
4627	2021	29594.0
4627	2022	29816.0
4627	2023	29989.0
4627	2024	30145.0
4627	2025	30377.0
4627	2026	30600.0
4628	2020	3977.0
4628	2021	3918.0
4628	2022	3867.0
4628	2023	3875.0
4628	2024	3852.0
4628	2025	3875.0
4628	2026	3899.0
4629	2020	388.0
4629	2021	376.0
4629	2022	378.0
4629	2023	380.0
4629	2024	384.0
4629	2025	392.0
4629	2026	397.0
4630	2020	8098.0
4630	2021	8080.0
4630	2022	8131.0
4630	2023	8152.0
4630	2024	8200.0
4630	2025	8172.0
4630	2026	8231.0
4631	2020	29224.0
4631	2021	29337.0
4631	2022	29593.0
4631	2023	29920.0
4631	2024	29986.0
4631	2025	30169.0
4631	2026	30285.0
4632	2020	2870.0
4632	2021	2860.0
4632	2022	2889.0
4632	2023	2856.0
4632	2024	2881.0
4632	2025	2915.0
4632	2026	2947.0
4633	2020	548.0
4633	2021	525.0
4633	2022	502.0
4633	2023	513.0
4633	2024	519.0
4633	2025	521.0
4633	2026	529.0
4634	2020	1691.0
4634	2021	1660.0
4634	2022	1629.0
4634	2023	1654.0
4634	2024	1694.0
4634	2025	1687.0
4634	2026	1672.0
4635	2020	2297.0
4635	2021	2272.0
4635	2022	2230.0
4635	2023	2228.0
4635	2024	2234.0
4635	2025	2260.0
4635	2026	2301.0
4636	2020	802.0
4636	2021	786.0
4636	2022	768.0
4636	2023	756.0
4636	2024	750.0
4636	2025	740.0
4636	2026	742.0
4637	2020	1328.0
4637	2021	1294.0
4637	2022	1290.0
4637	2023	1268.0
4637	2024	1268.0
4637	2025	1281.0
4637	2026	1275.0
4638	2020	4101.0
4638	2021	4049.0
4638	2022	3965.0
4638	2023	3949.0
4638	2024	3879.0
4638	2025	3894.0
4638	2026	3883.0
4639	2020	2635.0
4639	2021	2611.0
4639	2022	2560.0
4639	2023	2561.0
4639	2024	2551.0
4639	2025	2550.0
4639	2026	2532.0
4640	2020	11847.0
4640	2021	11938.0
4640	2022	12097.0
4640	2023	12198.0
4640	2024	12319.0
4640	2025	12496.0
4640	2026	12552.0
4641	2020	1781.0
4641	2021	1777.0
4641	2022	1766.0
4641	2023	1775.0
4641	2024	1800.0
4641	2025	1836.0
4641	2026	1866.0
4642	2020	2126.0
4642	2021	2129.0
4642	2022	2117.0
4642	2023	2129.0
4642	2024	2160.0
4642	2025	2188.0
4642	2026	2223.0
4643	2020	5193.0
4643	2021	5170.0
4643	2022	5204.0
4643	2023	5172.0
4643	2024	5239.0
4643	2025	5213.0
4643	2026	5178.0
4644	2020	5174.0
4644	2021	5189.0
4644	2022	5246.0
4644	2023	5302.0
4644	2024	5371.0
4644	2025	5432.0
4644	2026	5478.0
4645	2020	3011.0
4645	2021	2991.0
4645	2022	2951.0
4645	2023	2949.0
4645	2024	2986.0
4645	2025	2930.0
4645	2026	2924.0
4646	2020	2802.0
4646	2021	2885.0
4646	2022	2901.0
4646	2023	2913.0
4646	2024	2869.0
4646	2025	2924.0
4646	2026	2948.0
4647	2020	22030.0
4647	2021	22020.0
4647	2022	22116.0
4647	2023	22215.0
4647	2024	22450.0
4647	2025	22662.0
4647	2026	22804.0
4648	2020	3629.0
4648	2021	3597.0
4648	2022	3521.0
4648	2023	3482.0
4648	2024	3392.0
4648	2025	3361.0
4648	2026	3381.0
4649	2020	9457.0
4649	2021	9517.0
4649	2022	9527.0
4649	2023	9543.0
4649	2024	9610.0
4649	2025	9655.0
4649	2026	9616.0
4650	2020	5854.0
4650	2021	5885.0
4650	2022	5875.0
4650	2023	5892.0
4650	2024	5926.0
4650	2025	5936.0
4650	2026	5976.0
4651	2020	7130.0
4651	2021	7118.0
4651	2022	7207.0
4651	2023	7244.0
4651	2024	7271.0
4651	2025	7311.0
4651	2026	7319.0
1201	2011	260392.0
1201	2012	263762.0
1201	2013	267950.0
1201	2014	271949.0
1201	2015	275112.0
1201	2016	277391.0
1201	2017	278556.0
1201	2018	279792.0
1201	2019	281190.0
1211	2011	3909.0
1211	2012	3963.0
1211	2013	4040.0
1211	2014	4057.0
1211	2015	4103.0
1211	2016	4106.0
1211	2017	4135.0
1211	2018	4083.0
1211	2019	4077.0
1216	2011	5138.0
1216	2012	5228.0
1216	2013	5400.0
1216	2014	5463.0
1216	2015	5509.0
1216	2016	5593.0
1216	2017	5656.0
1216	2018	5721.0
1216	2019	5721.0
1219	2011	11421.0
1219	2012	11503.0
1219	2013	11638.0
1219	2014	11749.0
1219	2015	11761.0
1219	2016	11778.0
1219	2017	11806.0
1219	2018	11902.0
1219	2019	11960.0
1221	2011	17804.0
1221	2012	17957.0
1221	2013	18161.0
1221	2014	18425.0
1221	2015	18685.0
1221	2016	18775.0
1221	2017	18821.0
1221	2018	18780.0
1221	2019	18699.0
1222	2011	2929.0
1222	2012	2944.0
1222	2013	2980.0
1222	2014	3009.0
1222	2015	3093.0
1222	2016	3140.0
1222	2017	3189.0
1222	2018	3194.0
1222	2019	3201.0
1223	2011	2756.0
1223	2012	2766.0
1223	2013	2736.0
1223	2014	2745.0
1223	2015	2782.0
1223	2016	2797.0
1223	2017	2847.0
1223	2018	2857.0
1223	2019	2846.0
1224	2011	13243.0
1224	2012	13318.0
1224	2013	13305.0
1224	2014	13232.0
1224	2015	13234.0
1224	2016	13271.0
1224	2017	13241.0
1224	2018	13180.0
1224	2019	13137.0
1227	2011	1041.0
1227	2012	1050.0
1227	2013	1046.0
1227	2014	1094.0
1227	2015	1100.0
1227	2016	1104.0
1227	2017	1108.0
1227	2018	1096.0
1227	2019	1087.0
1228	2011	6985.0
1228	2012	6946.0
1228	2013	6988.0
1228	2014	7006.0
1228	2015	6952.0
1228	2016	6930.0
1228	2017	7025.0
1228	2018	6835.0
1228	2019	6745.0
1231	2011	3405.0
1231	2012	3417.0
1231	2013	3403.0
1231	2014	3369.0
1231	2015	3411.0
1231	2016	3401.0
1231	2017	3377.0
1231	2018	3363.0
1231	2019	3320.0
1232	2011	959.0
1232	2012	957.0
1232	2013	952.0
1232	2014	950.0
1232	2015	950.0
1232	2016	925.0
1232	2017	921.0
1232	2018	931.0
1232	2019	906.0
1233	2011	1118.0
1233	2012	1112.0
1233	2013	1113.0
1233	2014	1094.0
1233	2015	1107.0
1233	2016	1116.0
1233	2017	1131.0
1233	2018	1117.0
1233	2019	1093.0
1234	2011	947.0
1234	2012	923.0
1234	2013	904.0
1234	2014	911.0
1234	2015	921.0
1234	2016	920.0
1234	2017	933.0
1234	2018	931.0
1234	2019	937.0
1235	2011	13957.0
1235	2012	13978.0
1235	2013	14061.0
1235	2014	14168.0
1235	2015	14347.0
1235	2016	14425.0
1235	2017	14514.0
1235	2018	14577.0
1235	2019	14606.0
1238	2011	8442.0
1238	2012	8522.0
1238	2013	8584.0
1238	2014	8584.0
1238	2015	8539.0
1238	2016	8475.0
1238	2017	8423.0
1238	2018	8455.0
1238	2019	8441.0
1241	2011	3851.0
1241	2012	3811.0
1241	2013	3818.0
1241	2014	3829.0
1241	2015	3838.0
1241	2016	3876.0
1241	2017	3895.0
1241	2018	3920.0
1241	2019	3861.0
1242	2011	2394.0
1242	2012	2417.0
1242	2013	2434.0
1242	2014	2436.0
1242	2015	2443.0
1242	2016	2443.0
1242	2017	2488.0
1242	2018	2463.0
1242	2019	2465.0
1243	2011	17210.0
1243	2012	17726.0
1243	2013	18142.0
1243	2014	18678.0
1243	2015	19097.0
1243	2016	19742.0
1243	2017	20152.0
1243	2018	20573.0
1243	2019	20804.0
1244	2011	4680.0
1244	2012	4792.0
1244	2013	4838.0
1244	2014	4924.0
1244	2015	5012.0
1244	2016	5118.0
1244	2017	5156.0
1244	2018	5189.0
1244	2019	5212.0
1245	2011	6265.0
1245	2012	6409.0
1245	2013	6514.0
1245	2014	6635.0
1245	2015	6752.0
1245	2016	6975.0
1245	2017	7058.0
1245	2018	7085.0
1245	2019	7062.0
1246	2011	22220.0
1246	2012	22720.0
1246	2013	23277.0
1246	2014	23852.0
1246	2015	24427.0
1246	2016	24870.0
1246	2017	25204.0
1246	2018	25725.0
1246	2019	26166.0
1247	2011	25602.0
1247	2012	26210.0
1247	2013	26831.0
1247	2014	27346.0
1247	2015	27858.0
1247	2016	28380.0
1247	2017	28821.0
1247	2018	29071.0
1247	2019	29275.0
1251	2011	4153.0
1251	2012	4138.0
1251	2013	4132.0
1251	2014	4140.0
1251	2015	4096.0
1251	2016	4125.0
1251	2017	4123.0
1251	2018	4127.0
1251	2019	4045.0
1252	2011	370.0
1252	2012	370.0
1252	2013	383.0
1252	2014	372.0
1252	2015	378.0
1252	2016	381.0
1252	2017	383.0
1252	2018	380.0
1252	2019	380.0
1253	2011	7465.0
1253	2012	7521.0
1253	2013	7674.0
1253	2014	7786.0
1253	2015	7842.0
1253	2016	7957.0
1253	2017	8026.0
1253	2018	8125.0
1253	2019	8120.0
1256	2011	6824.0
1256	2012	7036.0
1256	2013	7347.0
1256	2014	7544.0
1256	2015	7736.0
1256	2016	7812.0
1256	2017	8021.0
1256	2018	8079.0
1256	2019	8187.0
1259	2011	4300.0
1259	2012	4419.0
1259	2013	4563.0
1259	2014	4704.0
1259	2015	4733.0
1259	2016	4852.0
1259	2017	4913.0
1259	2018	4877.0
1259	2019	4889.0
1260	2011	4896.0
1260	2012	4952.0
1260	2013	5003.0
1260	2014	5039.0
1260	2015	5014.0
1260	2016	5077.0
1260	2017	5128.0
1260	2018	5129.0
1260	2019	5091.0
1263	2011	14516.0
1263	2012	14668.0
1263	2013	14820.0
1263	2014	15069.0
1263	2015	15402.0
1263	2016	15607.0
1263	2017	15731.0
1263	2018	15789.0
1263	2019	15812.0
1264	2011	2789.0
1264	2012	2776.0
1264	2013	2833.0
1264	2014	2833.0
1264	2015	2856.0
1264	2016	2858.0
1264	2017	2884.0
1264	2018	2902.0
1264	2019	2887.0
1265	2011	587.0
1265	2012	576.0
1265	2013	569.0
1265	2014	561.0
1265	2015	563.0
1265	2016	576.0
1265	2017	587.0
1265	2018	561.0
1265	2019	562.0
1266	2011	1672.0
1266	2012	1683.0
1266	2013	1696.0
1266	2014	1693.0
1266	2015	1704.0
1266	2016	1701.0
1266	2017	1710.0
1266	2018	1730.0
1266	2019	1711.0
1401	2011	11588.0
1401	2012	11654.0
1401	2013	11697.0
1401	2014	11779.0
1401	2015	11862.0
1401	2016	11923.0
1401	2017	11999.0
1401	2018	11988.0
1401	2019	11852.0
1411	2011	2299.0
1411	2012	2310.0
1411	2013	2305.0
1411	2014	2315.0
1411	2015	2335.0
1411	2016	2370.0
1411	2017	2371.0
1411	2018	2345.0
1411	2019	2322.0
1412	2011	862.0
1412	2012	851.0
1412	2013	842.0
1412	2014	815.0
1412	2015	800.0
1412	2016	785.0
1412	2017	794.0
1412	2018	807.0
1412	2019	820.0
1413	2011	1483.0
1413	2012	1461.0
1413	2013	1428.0
1413	2014	1391.0
1413	2015	1405.0
1413	2016	1395.0
1413	2017	1438.0
1413	2018	1378.0
1413	2019	1366.0
1416	2011	4280.0
1416	2012	4216.0
1416	2013	4222.0
1416	2014	4183.0
1416	2015	4169.0
1416	2016	4161.0
1416	2017	4190.0
1416	2018	4154.0
1416	2019	4091.0
1417	2011	2758.0
1417	2012	2748.0
1417	2013	2731.0
1417	2014	2688.0
1417	2015	2678.0
1417	2016	2689.0
1417	2017	2722.0
1417	2018	2674.0
1417	2019	2672.0
1418	2011	1343.0
1418	2012	1338.0
1418	2013	1337.0
1418	2014	1306.0
1418	2015	1304.0
1418	2016	1294.0
1418	2017	1288.0
1418	2018	1262.0
1418	2019	1279.0
1419	2011	2225.0
1419	2012	2236.0
1419	2013	2255.0
1419	2014	2268.0
1419	2015	2276.0
1419	2016	2298.0
1419	2017	2332.0
1419	2018	2345.0
1419	2019	2331.0
1420	2011	7160.0
1420	2012	7348.0
1420	2013	7477.0
1420	2014	7623.0
1420	2015	7677.0
1420	2016	7839.0
1420	2017	7941.0
1420	2018	8059.0
1420	2019	8191.0
1421	2011	1689.0
1421	2012	1712.0
1421	2013	1714.0
1421	2014	1715.0
1421	2015	1738.0
1421	2016	1764.0
1421	2017	1787.0
1421	2018	1778.0
1421	2019	1764.0
1422	2011	2224.0
1422	2012	2205.0
1422	2013	2176.0
1422	2014	2174.0
1422	2015	2146.0
1422	2016	2172.0
1422	2017	2159.0
1422	2018	2153.0
1422	2019	2151.0
1424	2011	5601.0
1424	2012	5572.0
1424	2013	5521.0
1424	2014	5496.0
1424	2015	5429.0
1424	2016	5359.0
1424	2017	5363.0
1424	2018	5277.0
1424	2019	5245.0
1426	2011	5023.0
1426	2012	5026.0
1426	2013	5041.0
1426	2014	5089.0
1426	2015	5118.0
1426	2016	5093.0
1426	2017	5151.0
1426	2018	5223.0
1426	2019	5195.0
1428	2011	3000.0
1428	2012	3010.0
1428	2013	3018.0
1428	2014	3011.0
1428	2015	3008.0
1428	2016	3023.0
1428	2017	3065.0
1428	2018	3052.0
1428	2019	3038.0
1429	2011	2909.0
1429	2012	2832.0
1429	2013	2871.0
1429	2014	2853.0
1429	2015	2823.0
1429	2016	2830.0
1429	2017	2862.0
1429	2018	2846.0
1429	2019	2770.0
1430	2011	2798.0
1430	2012	2848.0
1430	2013	2923.0
1430	2014	2928.0
1430	2015	2960.0
1430	2016	2942.0
1430	2017	2966.0
1430	2018	3006.0
1430	2019	3027.0
1431	2011	3021.0
1431	2012	3052.0
1431	2013	3078.0
1431	2014	3070.0
1431	2015	3026.0
1431	2016	3020.0
1431	2017	3049.0
1431	2018	3043.0
1431	2019	3047.0
1432	2011	12207.0
1432	2012	12307.0
1432	2013	12559.0
1432	2014	12685.0
1432	2015	12801.0
1432	2016	12900.0
1432	2017	13009.0
1432	2018	13089.0
1432	2019	13092.0
1433	2011	2687.0
1433	2012	2710.0
1433	2013	2713.0
1433	2014	2776.0
1433	2015	2777.0
1433	2016	2840.0
1433	2017	2848.0
1433	2018	2825.0
1433	2019	2793.0
1438	2011	3910.0
1438	2012	3891.0
1438	2013	3945.0
1438	2014	3950.0
1438	2015	3890.0
1438	2016	3846.0
1438	2017	3847.0
1438	2018	3767.0
1438	2019	3705.0
1439	2011	6030.0
1439	2012	6129.0
1439	2013	6119.0
1439	2014	6091.0
1439	2015	6082.0
1439	2016	6046.0
1439	2017	6031.0
1439	2018	6001.0
1439	2019	5970.0
1441	2011	2810.0
1441	2012	2831.0
1441	2013	2789.0
1441	2014	2782.0
1441	2015	2752.0
1441	2016	2774.0
1441	2017	2791.0
1441	2018	2757.0
1441	2019	2747.0
1443	2011	5905.0
1443	2012	5950.0
1443	2013	5920.0
1443	2014	5926.0
1443	2015	5987.0
1443	2016	6015.0
1443	2017	6064.0
1443	2018	6157.0
1443	2019	6151.0
1444	2011	1207.0
1444	2012	1220.0
1444	2013	1238.0
1444	2014	1223.0
1444	2015	1221.0
1444	2016	1200.0
1444	2017	1198.0
1444	2018	1175.0
1444	2019	1152.0
1445	2011	5705.0
1445	2012	5679.0
1445	2013	5676.0
1445	2014	5694.0
1445	2015	5751.0
1445	2016	5784.0
1445	2017	5783.0
1445	2018	5874.0
1445	2019	5836.0
1449	2011	7018.0
1449	2012	7065.0
1449	2013	7105.0
1449	2014	7134.0
1449	2015	7155.0
1449	2016	7168.0
1449	2017	7218.0
1449	2018	7195.0
1449	2019	7167.0
1502	2011	25089.0
1502	2012	25488.0
1502	2013	25936.0
1502	2014	26048.0
1502	2015	26392.0
1502	2016	26732.0
1502	2017	26822.0
1502	2018	26900.0
1502	2019	27001.0
1504	2011	43670.0
1504	2012	44416.0
1504	2013	45033.0
1504	2014	45747.0
1504	2015	46316.0
1504	2016	46747.0
1504	2017	47199.0
1504	2018	47510.0
1504	2019	47998.0
1505	2011	23570.0
1505	2012	23813.0
1505	2013	24131.0
1505	2014	24395.0
1505	2015	24507.0
1505	2016	24526.0
1505	2017	24442.0
1505	2018	24300.0
1505	2019	24274.0
1505	2020	24179.0
1505	2021	24099.0
1505	2022	24013.0
1505	2023	24159.0
1505	2024	24404.0
1505	2025	24578.0
1505	2026	24479.0
1506	2020	31967.0
1506	2021	31870.0
1506	2022	32002.0
1506	2023	32446.0
1506	2024	32816.0
1506	2025	33163.0
1506	2026	33291.0
1507	2020	66258.0
1507	2021	66670.0
1507	2022	67114.0
1507	2023	67520.0
1508	2024	58509.0
1508	2025	59198.0
1508	2026	59663.0
1511	2011	3417.0
1511	2012	3388.0
1511	2013	3336.0
1511	2014	3302.0
1511	2015	3258.0
1511	2016	3256.0
1511	2017	3203.0
1511	2018	3187.0
1511	2019	3163.0
1511	2020	3117.0
1511	2021	3083.0
1511	2022	3045.0
1511	2023	3013.0
1511	2024	3026.0
1511	2025	3048.0
1511	2026	3029.0
1514	2011	2625.0
1514	2012	2588.0
1514	2013	2628.0
1514	2014	2636.0
1514	2015	2635.0
1514	2016	2559.0
1514	2017	2540.0
1514	2018	2522.0
1514	2019	2493.0
1514	2020	2461.0
1514	2021	2445.0
1514	2022	2422.0
1514	2023	2442.0
1514	2024	2438.0
1514	2025	2435.0
1514	2026	2437.0
1515	2011	8533.0
1515	2012	8727.0
1515	2013	8847.0
1515	2014	8847.0
1515	2015	8934.0
1515	2016	8972.0
1515	2017	8957.0
1515	2018	8965.0
1515	2019	8927.0
1515	2020	8900.0
1515	2021	8858.0
1515	2022	8765.0
1515	2023	8842.0
1515	2024	8968.0
1515	2025	9031.0
1515	2026	9003.0
1516	2011	7751.0
1516	2012	7828.0
1516	2013	7927.0
1516	2014	8092.0
1516	2015	8292.0
1516	2016	8430.0
1516	2017	8457.0
1516	2018	8555.0
1516	2019	8609.0
1516	2020	8571.0
1516	2021	8575.0
1516	2022	8557.0
1516	2023	8797.0
1516	2024	8861.0
1516	2025	8862.0
1516	2026	8958.0
1517	2011	4932.0
1517	2012	5000.0
1517	2013	5057.0
1517	2014	5021.0
1517	2015	5065.0
1517	2016	5189.0
1517	2017	5185.0
1517	2018	5150.0
1517	2019	5155.0
1517	2020	5175.0
1517	2021	5140.0
1517	2022	5126.0
1517	2023	5159.0
1517	2024	5322.0
1517	2025	5320.0
1517	2026	5411.0
1519	2011	8655.0
1519	2012	8693.0
1519	2013	8827.0
1519	2014	8909.0
1519	2015	8977.0
1519	2016	9037.0
1519	2017	9102.0
1519	2018	9188.0
1519	2019	9197.0
1520	2011	10373.0
1520	2012	10398.0
1520	2013	10456.0
1520	2014	10536.0
1520	2015	10589.0
1520	2016	10677.0
1520	2017	10744.0
1520	2018	10812.0
1520	2019	10857.0
1520	2020	10825.0
1520	2021	10830.0
1520	2022	10833.0
1520	2023	10929.0
1520	2024	10958.0
1520	2025	11055.0
1520	2026	11068.0
1523	2011	2120.0
1523	2012	2202.0
1523	2013	2267.0
1523	2014	2301.0
1523	2015	2294.0
1523	2016	2310.0
1523	2017	2296.0
1523	2018	2267.0
1523	2019	2250.0
1524	2011	1761.0
1524	2012	1738.0
1524	2013	1739.0
1524	2014	1685.0
1524	2015	1676.0
1524	2016	1652.0
1524	2017	1663.0
1524	2018	1670.0
1524	2019	1645.0
1525	2011	4575.0
1525	2012	4602.0
1525	2013	4610.0
1525	2014	4616.0
1525	2015	4605.0
1525	2016	4598.0
1525	2017	4623.0
1525	2018	4587.0
1525	2019	4565.0
1525	2020	4523.0
1525	2021	4482.0
1525	2022	4467.0
1525	2023	4421.0
1525	2024	4348.0
1525	2025	4380.0
1525	2026	4333.0
1526	2011	1022.0
1526	2012	1026.0
1526	2013	1052.0
1526	2014	1035.0
1526	2015	1043.0
1526	2016	1020.0
1526	2017	1005.0
1526	2018	972.0
1526	2019	947.0
1528	2011	7662.0
1528	2012	7664.0
1528	2013	7673.0
1528	2014	7730.0
1528	2015	7707.0
1528	2016	7675.0
1528	2017	7695.0
1528	2018	7695.0
1528	2019	7657.0
1528	2020	7625.0
1528	2021	7596.0
1528	2022	7558.0
1528	2023	7630.0
1528	2024	7617.0
1528	2025	7626.0
1528	2026	7626.0
1529	2011	4079.0
1529	2012	4184.0
1529	2013	4282.0
1529	2014	4387.0
1529	2015	4465.0
1529	2016	4620.0
1529	2017	4667.0
1529	2018	4680.0
1529	2019	4764.0
1531	2011	8096.0
1531	2012	8256.0
1531	2013	8397.0
1531	2014	8651.0
1531	2015	8855.0
1531	2016	8952.0
1531	2017	9007.0
1531	2018	9131.0
1531	2019	9271.0
1531	2020	9310.0
1531	2021	9409.0
1531	2022	9547.0
1531	2023	9636.0
1531	2024	9720.0
1531	2025	9759.0
1531	2026	9798.0
1532	2011	7149.0
1532	2012	7312.0
1532	2013	7541.0
1532	2014	7739.0
1532	2015	7924.0
1532	2016	8094.0
1532	2017	8176.0
1532	2018	8292.0
1532	2019	8398.0
1532	2020	8462.0
1532	2021	8506.0
1532	2022	8597.0
1532	2023	8692.0
1532	2024	8691.0
1532	2025	8773.0
1532	2026	8828.0
1534	2011	8857.0
1534	2012	8973.0
1534	2013	9020.0
1534	2014	9084.0
1534	2015	9120.0
1534	2016	9200.0
1534	2017	9312.0
1534	2018	9345.0
1534	2019	9383.0
1535	2011	6504.0
1535	2012	6539.0
1535	2013	6626.0
1535	2014	6615.0
1535	2015	6708.0
1535	2016	6611.0
1535	2017	6577.0
1535	2018	6559.0
1535	2019	6536.0
1535	2020	6532.0
1535	2021	6958.0
1535	2022	6936.0
1535	2023	7051.0
1535	2024	7147.0
1535	2025	7242.0
1535	2026	7315.0
1539	2011	7400.0
1539	2012	7428.0
1539	2013	7421.0
1539	2014	7453.0
1539	2015	7445.0
1539	2016	7492.0
1539	2017	7503.0
1539	2018	7507.0
1539	2019	7487.0
1539	2020	7468.0
1539	2021	7026.0
1539	2022	7019.0
1539	2023	7046.0
1539	2024	7299.0
1539	2025	7196.0
1539	2026	7195.0
1543	2011	2988.0
1543	2012	3004.0
1543	2013	2995.0
1543	2014	3001.0
1543	2015	2975.0
1543	2016	2970.0
1543	2017	2963.0
1543	2018	2946.0
1543	2019	2956.0
1545	2011	1968.0
1545	2012	1988.0
1545	2013	2010.0
1545	2014	2036.0
1545	2015	2068.0
1545	2016	2088.0
1545	2017	2085.0
1545	2018	2049.0
1545	2019	2019.0
1546	2011	1332.0
1546	2012	1315.0
1546	2013	1291.0
1546	2014	1285.0
1546	2015	1262.0
1546	2016	1270.0
1546	2017	1246.0
1546	2018	1263.0
1546	2019	1238.0
1547	2011	3249.0
1547	2012	3289.0
1547	2013	3339.0
1547	2014	3377.0
1547	2015	3466.0
1547	2016	3518.0
1547	2017	3547.0
1547	2018	3557.0
1547	2019	3539.0
1547	2020	3509.0
1547	2021	3522.0
1547	2022	3518.0
1547	2023	3654.0
1547	2024	3678.0
1547	2025	3759.0
1547	2026	3780.0
1548	2011	9324.0
1548	2012	9484.0
1548	2013	9614.0
1548	2014	9720.0
1548	2015	9787.0
1548	2016	9717.0
1548	2017	9741.0
1548	2018	9775.0
1548	2019	9800.0
1551	2011	3438.0
1551	2012	3442.0
1551	2013	3476.0
1551	2014	3471.0
1551	2015	3463.0
1551	2016	3467.0
1551	2017	3454.0
1551	2018	3440.0
1551	2019	3433.0
1554	2011	5520.0
1554	2012	5593.0
1554	2013	5651.0
1554	2014	5687.0
1554	2015	5794.0
1554	2016	5826.0
1554	2017	5856.0
1554	2018	5859.0
1554	2019	5849.0
1554	2020	5788.0
1554	2021	5808.0
1554	2022	5828.0
1554	2023	5872.0
1554	2024	5955.0
1554	2025	5992.0
1554	2026	6007.0
1557	2011	2582.0
1557	2012	2579.0
1557	2013	2557.0
1557	2014	2565.0
1557	2015	2580.0
1557	2016	2593.0
1557	2017	2611.0
1557	2018	2623.0
1557	2019	2641.0
1557	2020	2629.0
1557	2021	2658.0
1557	2022	2669.0
1557	2023	2669.0
1557	2024	2700.0
1557	2025	2708.0
1557	2026	2740.0
1560	2011	3065.0
1560	2012	3101.0
1560	2013	3116.0
1560	2014	3064.0
1560	2015	3090.0
1560	2016	3103.0
1560	2017	3109.0
1560	2018	3078.0
1560	2019	3045.0
1560	2020	3025.0
1560	2021	2985.0
1560	2022	2960.0
1560	2023	3031.0
1560	2024	3041.0
1560	2025	3077.0
1560	2026	3066.0
1563	2011	7267.0
1563	2012	7196.0
1563	2013	7205.0
1563	2014	7171.0
1563	2015	7155.0
1563	2016	7160.0
1563	2017	7126.0
1563	2018	7119.0
1563	2019	7106.0
1563	2020	7036.0
1563	2021	6956.0
1563	2022	6932.0
1563	2023	7110.0
1563	2024	7227.0
1563	2025	7193.0
1563	2026	7094.0
1566	2011	5949.0
1566	2012	5952.0
1566	2013	5927.0
1566	2014	5954.0
1566	2015	5976.0
1566	2016	5969.0
1566	2017	5986.0
1566	2018	5978.0
1566	2019	5928.0
1566	2020	5920.0
1566	2021	5872.0
1566	2022	5849.0
1566	2023	5912.0
1566	2024	5953.0
1566	2025	5950.0
1566	2026	5982.0
1567	2011	2061.0
1567	2012	2088.0
1567	2013	2061.0
1567	2014	2046.0
1567	2015	2038.0
1567	2016	2036.0
1567	2017	2026.0
1567	2018	2039.0
1571	2011	1661.0
1571	2012	1641.0
1571	2013	1606.0
1571	2014	1581.0
1571	2015	1563.0
1571	2016	1547.0
1571	2017	1599.0
1571	2018	1571.0
1571	2019	1574.0
1573	2011	2137.0
1573	2012	2182.0
1573	2013	2180.0
1573	2014	2166.0
1573	2015	2146.0
1573	2016	2141.0
1573	2017	2160.0
1573	2018	2172.0
1573	2019	2134.0
1573	2020	2150.0
1573	2021	2128.0
1573	2022	2120.0
1573	2023	2158.0
1573	2024	2159.0
1573	2025	2168.0
1573	2026	2141.0
1576	2011	3523.0
1576	2012	3511.0
1576	2013	3570.0
1576	2014	3577.0
1576	2015	3549.0
1576	2016	3536.0
1576	2017	3590.0
1576	2018	3593.0
1576	2019	3553.0
1576	2020	3507.0
1576	2021	3468.0
1576	2022	3384.0
1576	2023	3381.0
1576	2024	3408.0
1576	2025	3394.0
1576	2026	3371.0
1577	2020	10473.0
1577	2021	10781.0
1577	2022	10809.0
1577	2023	10960.0
1577	2024	11093.0
1577	2025	11131.0
1577	2026	11009.0
1578	2020	2549.0
1578	2021	2502.0
1578	2022	2491.0
1578	2023	2494.0
1578	2024	2492.0
1578	2025	2506.0
1578	2026	2547.0
1579	2020	13279.0
1579	2021	13317.0
1579	2022	13287.0
1579	2023	13341.0
1579	2024	13437.0
1579	2025	13460.0
1579	2026	13538.0
1580	2024	9357.0
1580	2025	9409.0
1580	2026	9460.0
5001	2018	193501.0
5001	2019	196159.0
5001	2020	205163.0
5001	2021	207595.0
5001	2022	210496.0
5001	2023	212660.0
5001	2024	214565.0
5001	2025	216518.0
5001	2026	218460.0
5004	2018	22096.0
5004	2019	22090.0
5005	2018	13078.0
5005	2019	13113.0
5006	2020	24357.0
5006	2021	24152.0
5006	2022	24004.0
5006	2023	23955.0
5006	2024	24032.0
5006	2025	24064.0
5006	2026	24007.0
5007	2020	15230.0
5007	2021	15096.0
5007	2022	15001.0
5007	2023	14923.0
5007	2024	15083.0
5007	2025	15154.0
5007	2026	15112.0
5011	2018	4225.0
5011	2019	4228.0
5012	2018	987.0
5012	2019	999.0
5013	2018	4648.0
5013	2019	4694.0
5014	2018	4962.0
5014	2019	5068.0
5014	2020	5151.0
5014	2021	5204.0
5014	2022	5265.0
5014	2023	5391.0
5014	2024	5453.0
5014	2025	5655.0
5014	2026	5794.0
5015	2018	5351.0
5015	2019	5334.0
5016	2018	1684.0
5016	2019	1693.0
5017	2018	4864.0
5017	2019	4904.0
5018	2018	3277.0
5018	2019	3340.0
5019	2018	953.0
5019	2019	957.0
5020	2018	967.0
5020	2019	947.0
5020	2020	948.0
5020	2021	925.0
5020	2022	904.0
5020	2023	904.0
5020	2024	898.0
5020	2025	891.0
5020	2026	911.0
5021	2018	6970.0
5021	2019	6975.0
5021	2020	7001.0
5021	2021	6981.0
5021	2022	7066.0
5021	2023	7256.0
5021	2024	7389.0
5021	2025	7408.0
5021	2026	7421.0
5022	2018	2541.0
5022	2019	2501.0
5022	2020	2486.0
5022	2021	2454.0
5022	2022	2443.0
5022	2023	2481.0
5022	2024	2484.0
5022	2025	2513.0
5022	2026	2514.0
5023	2018	3930.0
5023	2019	3905.0
5024	2018	11933.0
5024	2019	12086.0
5025	2018	5663.0
5025	2019	5610.0
5025	2020	5581.0
5025	2021	5550.0
5025	2022	5572.0
5025	2023	5598.0
5025	2024	5685.0
5025	2025	5681.0
5025	2026	5638.0
5026	2018	2028.0
5026	2019	2025.0
5026	2020	1981.0
5026	2021	1968.0
5026	2022	1953.0
5026	2023	1997.0
5026	2024	2035.0
5026	2025	2048.0
5026	2026	2037.0
5027	2018	6225.0
5027	2019	6246.0
5027	2020	6238.0
5027	2021	6243.0
5027	2022	6120.0
5027	2023	6133.0
5027	2024	6140.0
5027	2025	6141.0
5027	2026	6088.0
5028	2018	16424.0
5028	2019	16562.0
5028	2020	16733.0
5028	2021	16949.0
5028	2022	17123.0
5028	2023	17340.0
5028	2024	17560.0
5028	2025	17812.0
5028	2026	17828.0
5029	2018	8142.0
5029	2019	8231.0
5029	2020	8325.0
5029	2021	8367.0
5029	2022	8360.0
5029	2023	8441.0
5029	2024	8484.0
5029	2025	8521.0
5029	2026	8574.0
5030	2018	6094.0
5030	2019	6076.0
5031	2018	13958.0
5031	2019	14040.0
5031	2020	14148.0
5031	2021	14334.0
5031	2022	14425.0
5031	2023	14662.0
5031	2024	14783.0
5031	2025	15023.0
5031	2026	14961.0
5032	2018	4093.0
5032	2019	4088.0
5032	2020	4062.0
5032	2021	4069.0
5032	2022	4090.0
5032	2023	4144.0
5032	2024	4216.0
5032	2025	4233.0
5032	2026	4258.0
5033	2018	834.0
5033	2019	794.0
5033	2020	769.0
5033	2021	759.0
5033	2022	750.0
5033	2023	753.0
5033	2024	773.0
5033	2025	786.0
5033	2026	773.0
5034	2018	2469.0
5034	2019	2432.0
5034	2020	2422.0
5034	2021	2413.0
5034	2022	2399.0
5034	2023	2426.0
5034	2024	2454.0
5034	2025	2472.0
5034	2026	2460.0
5035	2018	23964.0
5035	2019	24028.0
5035	2020	24145.0
5035	2021	24283.0
5035	2022	24287.0
5035	2023	24541.0
5035	2024	24717.0
5035	2025	24927.0
5035	2026	25108.0
5036	2018	2616.0
5036	2019	2632.0
5036	2020	2627.0
5036	2021	2609.0
5036	2022	2608.0
5036	2023	2645.0
5036	2024	2645.0
5036	2025	2661.0
5036	2026	2667.0
5037	2018	20115.0
5037	2019	20254.0
5037	2020	20164.0
5037	2021	20170.0
5037	2022	20171.0
5037	2023	20344.0
5037	2024	20574.0
5037	2025	20732.0
5037	2026	20807.0
5038	2018	14943.0
5038	2019	14933.0
5038	2020	14948.0
5038	2021	14986.0
5038	2022	14955.0
5038	2023	15002.0
5038	2024	15193.0
5038	2025	15412.0
5038	2026	15435.0
5039	2018	2473.0
5039	2019	2449.0
5040	2018	1585.0
5040	2019	1576.0
5041	2018	2094.0
5041	2019	2100.0
5041	2020	2063.0
5041	2021	2054.0
5041	2022	2033.0
5041	2023	2021.0
5041	2024	2114.0
5041	2025	2138.0
5041	2026	2141.0
5042	2018	1379.0
5042	2019	1386.0
5042	2020	1355.0
5042	2021	1328.0
5042	2022	1309.0
5042	2023	1295.0
5042	2024	1301.0
5042	2025	1316.0
5042	2026	1302.0
5043	2018	474.0
5043	2019	482.0
5043	2020	461.0
5043	2021	459.0
5043	2022	441.0
5043	2023	429.0
5043	2024	423.0
5043	2025	443.0
5043	2026	439.0
5044	2018	902.0
5044	2019	871.0
5044	2020	843.0
5044	2021	846.0
5044	2022	818.0
5044	2023	814.0
5044	2024	810.0
5044	2025	811.0
5044	2026	803.0
5045	2018	2400.0
5045	2019	2374.0
5045	2020	2359.0
5045	2021	2347.0
5045	2022	2287.0
5045	2023	2296.0
5045	2024	2322.0
5045	2025	2314.0
5045	2026	2292.0
5046	2018	1268.0
5046	2019	1254.0
5046	2020	1231.0
5046	2021	1215.0
5046	2022	1193.0
5046	2023	1216.0
5046	2024	1222.0
5046	2025	1235.0
5046	2026	1230.0
5047	2018	3845.0
5047	2019	3879.0
5047	2020	3884.0
5047	2021	3865.0
5047	2022	3817.0
5047	2023	3873.0
5047	2024	3924.0
5047	2025	3946.0
5047	2026	3944.0
5048	2018	618.0
5048	2019	605.0
5049	2018	1105.0
5049	2019	1103.0
5049	2020	1103.0
5049	2021	1100.0
5049	2022	1101.0
5049	2023	1108.0
5049	2024	1116.0
5049	2025	1121.0
5049	2026	1110.0
5050	2018	4492.0
5050	2019	4578.0
5051	2018	5117.0
5051	2019	5072.0
5052	2018	582.0
5052	2019	567.0
5052	2020	557.0
5052	2021	563.0
5052	2022	570.0
5052	2023	582.0
5052	2024	604.0
5052	2025	593.0
5052	2026	596.0
5053	2018	6785.0
5053	2019	6804.0
5053	2020	6816.0
5053	2021	6764.0
5053	2022	6794.0
5053	2023	6841.0
5053	2024	6938.0
5053	2025	7031.0
5053	2026	7066.0
5054	2018	10090.0
5054	2019	9988.0
5054	2020	10084.0
5054	2021	9948.0
5054	2022	9899.0
5054	2023	9977.0
5054	2024	10023.0
5054	2025	10042.0
5054	2026	10006.0
5055	2020	5963.0
5055	2021	5941.0
5055	2022	5884.0
5055	2023	5880.0
5055	2024	6093.0
5055	2025	6134.0
5055	2026	6075.0
5056	2020	5050.0
5056	2021	5140.0
5056	2022	5156.0
5056	2023	5281.0
5056	2024	5323.0
5056	2025	5414.0
5056	2026	5568.0
5057	2020	10323.0
5057	2021	10306.0
5057	2022	10371.0
5057	2023	10472.0
5057	2024	10522.0
5057	2025	10627.0
5057	2026	10706.0
5058	2020	4288.0
5058	2021	4271.0
5058	2022	4252.0
5058	2023	4252.0
5058	2024	4339.0
5058	2025	4342.0
5058	2026	4340.0
5059	2020	18217.0
5059	2021	18300.0
5059	2022	18502.0
5059	2023	18690.0
5059	2024	18793.0
5059	2025	18798.0
5059	2026	18840.0
5060	2020	9623.0
5060	2021	9581.0
5060	2022	9732.0
5060	2023	9890.0
5060	2024	9968.0
5060	2025	9921.0
5060	2026	9920.0
5061	2019	2028.0
5061	2020	2003.0
5061	2021	1989.0
5061	2022	1980.0
5061	2023	1957.0
5061	2024	1958.0
5061	2025	1937.0
5061	2026	1935.0
1601	2011	173486.0
1601	2012	176348.0
1601	2013	179692.0
1601	2014	182035.0
1601	2015	184960.0
1601	2016	187353.0
1601	2017	190464.0
1612	2011	4232.0
1612	2012	4221.0
1612	2013	4228.0
1612	2014	4224.0
1612	2015	4254.0
1612	2016	4260.0
1612	2017	4259.0
1613	2011	992.0
1613	2012	981.0
1613	2013	985.0
1613	2014	980.0
1613	2015	982.0
1613	2016	978.0
1613	2017	982.0
1617	2011	4340.0
1617	2012	4399.0
1617	2013	4477.0
1617	2014	4522.0
1617	2015	4569.0
1617	2016	4622.0
1617	2017	4659.0
1620	2011	4326.0
1620	2012	4369.0
1620	2013	4506.0
1620	2014	4547.0
1620	2015	4634.0
1620	2016	4799.0
1620	2017	4937.0
1621	2011	5133.0
1621	2012	5119.0
1621	2013	5155.0
1621	2014	5164.0
1621	2015	5183.0
1621	2016	5209.0
1621	2017	5291.0
1622	2011	1745.0
1622	2012	1715.0
1622	2013	1712.0
1622	2014	1744.0
1622	2015	1770.0
1622	2016	1733.0
1622	2017	1711.0
1624	2011	6543.0
1624	2012	6543.0
1624	2013	6652.0
1624	2014	6646.0
1624	2015	6676.0
1624	2016	6644.0
1624	2017	6628.0
1627	2011	4570.0
1627	2012	4584.0
1627	2013	4665.0
1627	2014	4711.0
1627	2015	4715.0
1627	2016	4779.0
1627	2017	4822.0
1630	2011	3229.0
1630	2012	3257.0
1630	2013	3237.0
1630	2014	3242.0
1630	2015	3248.0
1630	2016	3272.0
1630	2017	3263.0
1632	2011	994.0
1632	2012	987.0
1632	2013	996.0
1632	2014	986.0
1632	2015	977.0
1632	2016	961.0
1632	2017	959.0
1633	2011	1025.0
1633	2012	1020.0
1633	2013	1010.0
1633	2014	997.0
1633	2015	1010.0
1633	2016	976.0
1633	2017	978.0
1634	2011	6691.0
1634	2012	6755.0
1634	2013	6794.0
1634	2014	6814.0
1634	2015	6852.0
1634	2016	6886.0
1634	2017	6973.0
1635	2011	2629.0
1635	2012	2569.0
1635	2013	2534.0
1635	2014	2556.0
1635	2015	2567.0
1635	2016	2562.0
1635	2017	2556.0
1636	2011	3903.0
1636	2012	3924.0
1636	2013	3967.0
1636	2014	3962.0
1636	2015	3967.0
1636	2016	3954.0
1636	2017	3960.0
1638	2011	11365.0
1638	2012	11429.0
1638	2013	11519.0
1638	2014	11628.0
1638	2015	11722.0
1638	2016	11779.0
1638	2017	11891.0
1640	2011	5581.0
1640	2012	5604.0
1640	2013	5589.0
1640	2014	5583.0
1640	2015	5593.0
1640	2016	5635.0
1640	2017	5623.0
1644	2011	2048.0
1644	2012	2013.0
1644	2013	2030.0
1644	2014	2024.0
1644	2015	2014.0
1644	2016	2031.0
1644	2017	2046.0
1648	2011	6015.0
1648	2012	6153.0
1648	2013	6266.0
1648	2014	6361.0
1648	2015	6336.0
1648	2016	6298.0
1648	2017	6319.0
1653	2011	15028.0
1653	2012	15392.0
1653	2013	15679.0
1653	2014	15844.0
1653	2015	15916.0
1653	2016	16096.0
1653	2017	16213.0
1657	2011	6756.0
1657	2012	6941.0
1657	2013	7143.0
1657	2014	7392.0
1657	2015	7668.0
1657	2016	7755.0
1657	2017	8000.0
1662	2011	5894.0
1662	2012	5930.0
1662	2013	5939.0
1662	2014	5970.0
1662	2015	5995.0
1662	2016	6067.0
1662	2017	6050.0
1663	2011	12677.0
1663	2012	12785.0
1663	2013	13085.0
1663	2014	13371.0
1663	2015	13498.0
1663	2016	13738.0
1663	2017	13820.0
1664	2011	3996.0
1664	2012	4042.0
1664	2013	4030.0
1664	2014	4030.0
1664	2015	4078.0
1664	2016	4132.0
1664	2017	4098.0
1665	2011	868.0
1665	2012	870.0
1665	2013	865.0
1665	2014	864.0
1665	2015	863.0
1665	2016	851.0
1665	2017	861.0
1702	2011	21151.0
1702	2012	21303.0
1702	2013	21392.0
1702	2014	21555.0
1702	2015	21650.0
1702	2016	21781.0
1702	2017	21972.0
1703	2011	12906.0
1703	2012	12953.0
1703	2013	12988.0
1703	2014	13083.0
1703	2015	13026.0
1703	2016	13010.0
1703	2017	13051.0
1711	2011	2503.0
1711	2012	2513.0
1711	2013	2510.0
1711	2014	2553.0
1711	2015	2558.0
1711	2016	2523.0
1711	2017	2508.0
1714	2011	21659.0
1714	2012	22058.0
1714	2013	22379.0
1714	2014	22683.0
1714	2015	22957.0
1714	2016	23308.0
1714	2017	23625.0
1717	2011	2538.0
1717	2012	2618.0
1717	2013	2627.0
1717	2014	2653.0
1717	2015	2624.0
1717	2016	2631.0
1717	2017	2630.0
1718	2011	3522.0
1718	2012	3527.0
1718	2013	3531.0
1718	2014	3555.0
1718	2015	3506.0
1718	2016	3531.0
1718	2017	3480.0
1719	2011	18741.0
1719	2012	18922.0
1719	2013	19078.0
1719	2014	19212.0
1719	2015	19474.0
1719	2016	19610.0
1719	2017	19892.0
1721	2011	14334.0
1721	2012	14387.0
1721	2013	14539.0
1721	2014	14788.0
1721	2015	14809.0
1721	2016	14885.0
1721	2017	14849.0
1723	2011	811.0
1724	2011	2609.0
1724	2012	2705.0
1724	2013	2834.0
1724	2014	2562.0
1724	2015	2547.0
1724	2016	2527.0
1724	2017	2515.0
1725	2011	1707.0
1725	2012	1694.0
1725	2013	1699.0
1725	2014	1676.0
1725	2015	1644.0
1725	2016	1622.0
1725	2017	1593.0
1729	2011	5906.0
1736	2011	2172.0
1736	2012	2164.0
1736	2013	2154.0
1736	2014	2156.0
1736	2015	2153.0
1736	2016	2139.0
1736	2017	2159.0
1738	2011	1406.0
1738	2012	1410.0
1738	2013	1401.0
1738	2014	1385.0
1738	2015	1394.0
1738	2016	1375.0
1738	2017	1389.0
1739	2011	499.0
1739	2012	494.0
1739	2013	503.0
1739	2014	498.0
1739	2015	475.0
1739	2016	469.0
1739	2017	469.0
1740	2011	928.0
1740	2012	916.0
1740	2013	902.0
1740	2014	922.0
1740	2015	892.0
1740	2016	867.0
1740	2017	872.0
1742	2011	2357.0
1742	2012	2409.0
1742	2013	2465.0
1742	2014	2449.0
1742	2015	2489.0
1742	2016	2466.0
1742	2017	2467.0
1743	2011	1270.0
1743	2012	1264.0
1743	2013	1263.0
1743	2014	1257.0
1743	2015	1252.0
1743	2016	1250.0
1743	2017	1264.0
1744	2011	3636.0
1744	2012	3679.0
1744	2013	3688.0
1744	2014	3732.0
1744	2015	3751.0
1744	2016	3825.0
1744	2017	3840.0
1748	2011	653.0
1748	2012	668.0
1748	2013	669.0
1748	2014	642.0
1748	2015	630.0
1748	2016	633.0
1748	2017	628.0
1749	2011	1109.0
1749	2012	1141.0
1749	2013	1158.0
1749	2014	1120.0
1749	2015	1119.0
1749	2016	1103.0
1749	2017	1090.0
1750	2011	4135.0
1750	2012	4241.0
1750	2013	4300.0
1750	2014	4321.0
1750	2015	4363.0
1750	2016	4387.0
1750	2017	4418.0
1751	2011	4999.0
1751	2012	5069.0
1751	2013	5097.0
1751	2014	5064.0
1751	2015	5081.0
1751	2016	5126.0
1751	2017	5138.0
1755	2011	589.0
1755	2012	573.0
1755	2013	574.0
1755	2014	556.0
1755	2015	574.0
1755	2016	562.0
1755	2017	584.0
1756	2012	6682.0
1756	2013	6692.0
1756	2014	6720.0
1756	2015	6770.0
1756	2016	6769.0
1756	2017	6800.0
1804	2011	47847.0
1804	2012	48422.0
1804	2013	49203.0
1804	2014	49731.0
1804	2015	50185.0
1804	2016	50488.0
1804	2017	51022.0
1804	2018	51558.0
1804	2019	52024.0
1804	2020	52357.0
1804	2021	52560.0
1804	2022	52803.0
1804	2023	53259.0
1804	2024	53712.0
1804	2025	53725.0
1804	2026	53638.0
1805	2011	18380.0
1805	2012	18473.0
1805	2013	18509.0
1805	2014	18705.0
1805	2015	18853.0
1805	2016	18787.0
1805	2017	18756.0
1805	2018	18638.0
1805	2019	18630.0
1806	2020	21845.0
1806	2021	21661.0
1806	2022	21530.0
1806	2023	21515.0
1806	2024	21580.0
1806	2025	21591.0
1806	2026	21647.0
1811	2011	1592.0
1811	2012	1562.0
1811	2013	1545.0
1811	2014	1503.0
1811	2015	1482.0
1811	2016	1465.0
1811	2017	1473.0
1811	2018	1486.0
1811	2019	1450.0
1811	2020	1426.0
1811	2021	1397.0
1811	2022	1406.0
1811	2023	1391.0
1811	2024	1399.0
1811	2025	1374.0
1811	2026	1361.0
1812	2011	2025.0
1812	2012	2038.0
1812	2013	2033.0
1812	2014	2047.0
1812	2015	2063.0
1812	2016	2031.0
1812	2017	2047.0
1812	2018	2020.0
1812	2019	2014.0
1812	2020	1975.0
1812	2021	1990.0
1812	2022	1981.0
1812	2023	1970.0
1812	2024	1976.0
1812	2025	1979.0
1812	2026	2006.0
1813	2011	7719.0
1813	2012	7778.0
1813	2013	7859.0
1813	2014	7897.0
1813	2015	7934.0
1813	2016	7962.0
1813	2017	7956.0
1813	2018	7948.0
1813	2019	7916.0
1813	2020	7917.0
1813	2021	7803.0
1813	2022	7777.0
1813	2023	7787.0
1813	2024	7826.0
1813	2025	7838.0
1813	2026	7841.0
1815	2011	1270.0
1815	2012	1256.0
1815	2013	1238.0
1815	2014	1223.0
1815	2015	1225.0
1815	2016	1244.0
1815	2017	1234.0
1815	2018	1221.0
1815	2019	1232.0
1815	2020	1200.0
1815	2021	1182.0
1815	2022	1175.0
1815	2023	1219.0
1815	2024	1208.0
1815	2025	1207.0
1815	2026	1202.0
1816	2011	520.0
1816	2012	511.0
1816	2013	500.0
1816	2014	495.0
1816	2015	510.0
1816	2016	507.0
1816	2017	528.0
1816	2018	506.0
1816	2019	497.0
1816	2020	462.0
1816	2021	465.0
1816	2022	462.0
1816	2023	454.0
1816	2024	480.0
1816	2025	470.0
1816	2026	477.0
1818	2011	1649.0
1818	2012	1711.0
1818	2013	1759.0
1818	2014	1733.0
1818	2015	1737.0
1818	2016	1743.0
1818	2017	1788.0
1818	2018	1790.0
1818	2019	1780.0
1818	2020	1777.0
1818	2021	1793.0
1818	2022	1825.0
1818	2023	1839.0
1818	2024	1842.0
1818	2025	1888.0
1818	2026	1874.0
1820	2011	7296.0
1820	2012	7372.0
1820	2013	7361.0
1820	2014	7394.0
1820	2015	7454.0
1820	2016	7437.0
1820	2017	7428.0
1820	2018	7450.0
1820	2019	7415.0
1820	2020	7447.0
1820	2021	7394.0
1820	2022	7333.0
1820	2023	7300.0
1820	2024	7421.0
1820	2025	7465.0
1820	2026	7489.0
1822	2011	2160.0
1822	2012	2107.0
1822	2013	2144.0
1822	2014	2188.0
1822	2015	2188.0
1822	2016	2216.0
1822	2017	2278.0
1822	2018	2307.0
1822	2019	2320.0
1822	2020	2294.0
1822	2021	2278.0
1822	2022	2257.0
1822	2023	2270.0
1822	2024	2352.0
1822	2025	2354.0
1822	2026	2392.0
1824	2011	13307.0
1824	2012	13258.0
1824	2013	13252.0
1824	2014	13286.0
1824	2015	13352.0
1824	2016	13427.0
1824	2017	13465.0
1824	2018	13448.0
1824	2019	13403.0
1824	2020	13278.0
1824	2021	13268.0
1824	2022	13233.0
1824	2023	13342.0
1824	2024	13469.0
1824	2025	13475.0
1824	2026	13481.0
1825	2011	1487.0
1825	2012	1455.0
1825	2013	1459.0
1825	2014	1465.0
1825	2015	1458.0
1825	2016	1462.0
1825	2017	1469.0
1825	2018	1463.0
1825	2019	1493.0
1825	2020	1482.0
1825	2021	1453.0
1825	2022	1461.0
1825	2023	1454.0
1825	2024	1447.0
1825	2025	1430.0
1825	2026	1415.0
1826	2011	1463.0
1826	2012	1456.0
1826	2013	1471.0
1826	2014	1500.0
1826	2015	1533.0
1826	2016	1465.0
1826	2017	1414.0
1826	2018	1411.0
1826	2019	1359.0
1826	2020	1297.0
1826	2021	1267.0
1826	2022	1273.0
1826	2023	1278.0
1826	2024	1284.0
1826	2025	1274.0
1826	2026	1255.0
1827	2011	1449.0
1827	2012	1433.0
1827	2013	1431.0
1827	2014	1420.0
1827	2015	1407.0
1827	2016	1402.0
1827	2017	1410.0
1827	2018	1403.0
1827	2019	1391.0
1827	2020	1371.0
1827	2021	1371.0
1827	2022	1369.0
1827	2023	1391.0
1827	2024	1427.0
1827	2025	1447.0
1827	2026	1445.0
1828	2011	1808.0
1828	2012	1813.0
1828	2013	1875.0
1828	2014	1902.0
1828	2015	1871.0
1828	2016	1838.0
1828	2017	1837.0
1828	2018	1805.0
1828	2019	1792.0
1828	2020	1761.0
1828	2021	1701.0
1828	2022	1698.0
1828	2023	1783.0
1828	2024	1808.0
1828	2025	1770.0
1828	2026	1796.0
1832	2011	4600.0
1832	2012	4585.0
1832	2013	4620.0
1832	2014	4553.0
1832	2015	4528.0
1832	2016	4486.0
1832	2017	4524.0
1832	2018	4503.0
1832	2019	4501.0
1832	2020	4454.0
1832	2021	4428.0
1832	2022	4420.0
1832	2023	4459.0
1832	2024	4485.0
1832	2025	4485.0
1832	2026	4486.0
1833	2011	25499.0
1833	2012	25652.0
1833	2013	25752.0
1833	2014	25943.0
1833	2015	26078.0
1833	2016	26039.0
1833	2017	26101.0
1833	2018	26230.0
1833	2019	26315.0
1833	2020	26184.0
1833	2021	26083.0
1833	2022	26092.0
1833	2023	25980.0
1833	2024	25994.0
1833	2025	25927.0
1833	2026	25844.0
1834	2011	1912.0
1834	2012	1937.0
1834	2013	1916.0
1834	2014	1901.0
1834	2015	1917.0
1834	2016	1923.0
1834	2017	1920.0
1834	2018	1920.0
1834	2019	1904.0
1834	2020	1890.0
1834	2021	1876.0
1834	2022	1869.0
1834	2023	1852.0
1834	2024	1886.0
1834	2025	1948.0
1834	2026	1953.0
1835	2011	490.0
1835	2012	497.0
1835	2013	506.0
1835	2014	489.0
1835	2015	486.0
1835	2016	478.0
1835	2017	465.0
1835	2018	454.0
1835	2019	456.0
1835	2020	435.0
1835	2021	442.0
1835	2022	450.0
1835	2023	444.0
1835	2024	442.0
1835	2025	463.0
1835	2026	443.0
1836	2011	1294.0
1836	2012	1320.0
1836	2013	1310.0
1836	2014	1305.0
1836	2015	1269.0
1836	2016	1268.0
1836	2017	1267.0
1836	2018	1249.0
1836	2019	1238.0
1836	2020	1213.0
1836	2021	1206.0
1836	2022	1153.0
1836	2023	1139.0
1836	2024	1139.0
1836	2025	1160.0
1836	2026	1140.0
1837	2011	6650.0
1837	2012	6657.0
1837	2013	6582.0
1837	2014	6491.0
1837	2015	6454.0
1837	2016	6471.0
1837	2017	6435.0
1837	2018	6346.0
1837	2019	6331.0
1837	2020	6288.0
1837	2021	6247.0
1837	2022	6214.0
1837	2023	6212.0
1837	2024	6180.0
1837	2025	6104.0
1837	2026	6074.0
1838	2011	2020.0
1838	2012	2000.0
1838	2013	2006.0
1838	2014	2023.0
1838	2015	2014.0
1838	2016	2043.0
1838	2017	2024.0
1838	2018	1998.0
1838	2019	1978.0
1838	2020	1950.0
1838	2021	1920.0
1838	2022	1894.0
1838	2023	1928.0
1838	2024	1958.0
1838	2025	2003.0
1838	2026	2024.0
1839	2011	1103.0
1839	2012	1097.0
1839	2013	1075.0
1839	2014	1088.0
1839	2015	1058.0
1839	2016	1034.0
1839	2017	1043.0
1839	2018	1029.0
1839	2019	1022.0
1839	2020	1017.0
1839	2021	999.0
1839	2022	1012.0
1839	2023	1027.0
1839	2024	1062.0
1839	2025	1059.0
1839	2026	1032.0
1840	2011	4672.0
1840	2012	4710.0
1840	2013	4745.0
1840	2014	4690.0
1840	2015	4734.0
1840	2016	4700.0
1840	2017	4702.0
1840	2018	4691.0
1840	2019	4657.0
1840	2020	4671.0
1840	2021	4632.0
1840	2022	4617.0
1840	2023	4650.0
1840	2024	4880.0
1840	2025	4822.0
1840	2026	4865.0
1841	2011	9533.0
1841	2012	9513.0
1841	2013	9513.0
1841	2014	9556.0
1841	2015	9622.0
1841	2016	9604.0
1841	2017	9729.0
1841	2018	9775.0
1841	2019	9760.0
1841	2020	9739.0
1841	2021	9640.0
1841	2022	9603.0
1841	2023	9572.0
1841	2024	9827.0
1841	2025	9805.0
1841	2026	9707.0
1845	2011	1989.0
1845	2012	2003.0
1845	2013	1981.0
1845	2014	1987.0
1845	2015	1953.0
1845	2016	1963.0
1845	2017	1958.0
1845	2018	1979.0
1845	2019	1975.0
1845	2020	1926.0
1845	2021	1912.0
1845	2022	1869.0
1845	2023	1845.0
1845	2024	1858.0
1845	2025	1851.0
1845	2026	1819.0
1848	2011	2619.0
1848	2012	2609.0
1848	2013	2552.0
1848	2014	2579.0
1848	2015	2507.0
1848	2016	2543.0
1848	2017	2543.0
1848	2018	2534.0
1848	2019	2576.0
1848	2020	2608.0
1848	2021	2586.0
1848	2022	2591.0
1848	2023	2665.0
1848	2024	2672.0
1848	2025	2662.0
1848	2026	2679.0
1849	2011	1771.0
1849	2012	1783.0
1849	2013	1791.0
1849	2014	1820.0
1849	2015	1811.0
1849	2016	1824.0
1849	2017	1810.0
1849	2018	1801.0
1849	2019	1747.0
1850	2011	2002.0
1850	2012	1956.0
1850	2013	1978.0
1850	2014	2000.0
1850	2015	1996.0
1850	2016	1974.0
1850	2017	1960.0
1850	2018	1953.0
1850	2019	1925.0
1851	2011	2196.0
1851	2012	2179.0
1851	2013	2220.0
1851	2014	2248.0
1851	2015	2160.0
1851	2016	2144.0
1851	2017	2134.0
1851	2018	2102.0
1851	2019	2077.0
1851	2020	2034.0
1851	2021	2003.0
1851	2022	1976.0
1851	2023	1985.0
1851	2024	2060.0
1851	2025	2067.0
1851	2026	1964.0
1852	2011	1325.0
1852	2012	1284.0
1852	2013	1278.0
1852	2014	1256.0
1852	2015	1280.0
1852	2016	1283.0
1852	2017	1252.0
1852	2018	1259.0
1852	2019	1259.0
1853	2011	1342.0
1853	2012	1359.0
1853	2013	1376.0
1853	2014	1391.0
1853	2015	1385.0
1853	2016	1400.0
1853	2017	1402.0
1853	2018	1387.0
1853	2019	1387.0
1853	2020	1348.0
1853	2021	1324.0
1853	2022	1334.0
1853	2023	1310.0
1853	2024	1330.0
1853	2025	1362.0
1853	2026	1397.0
1854	2011	2620.0
1854	2012	2616.0
1854	2013	2599.0
1854	2014	2591.0
1854	2015	2581.0
1854	2016	2556.0
1854	2017	2554.0
1854	2018	2522.0
1854	2019	2470.0
1856	2011	605.0
1856	2012	595.0
1856	2013	565.0
1856	2014	566.0
1856	2015	545.0
1856	2016	551.0
1856	2017	535.0
1856	2018	517.0
1856	2019	508.0
1856	2020	498.0
1856	2021	488.0
1856	2022	469.0
1856	2023	469.0
1856	2024	460.0
1856	2025	458.0
1856	2026	471.0
1857	2011	748.0
1857	2012	751.0
1857	2013	754.0
1857	2014	777.0
1857	2015	780.0
1857	2016	765.0
1857	2017	744.0
1857	2018	746.0
1857	2019	732.0
1857	2020	728.0
1857	2021	698.0
1857	2022	678.0
1857	2023	688.0
1857	2024	683.0
1857	2025	677.0
1857	2026	656.0
1859	2011	1360.0
1859	2012	1383.0
1859	2013	1376.0
1859	2014	1368.0
1859	2015	1358.0
1859	2016	1336.0
1859	2017	1349.0
1859	2018	1301.0
1859	2019	1292.0
1859	2020	1272.0
1859	2021	1238.0
1859	2022	1216.0
1859	2023	1220.0
1859	2024	1229.0
1859	2025	1266.0
1859	2026	1235.0
1860	2011	10780.0
1860	2012	10848.0
1860	2013	10870.0
1860	2014	10997.0
1860	2015	11140.0
1860	2016	11198.0
1860	2017	11294.0
1860	2018	11397.0
1860	2019	11480.0
1860	2020	11433.0
1860	2021	11521.0
1860	2022	11566.0
1860	2023	11551.0
1860	2024	11619.0
1860	2025	11582.0
1860	2026	11606.0
1865	2011	9023.0
1865	2012	9086.0
1865	2013	9207.0
1865	2014	9223.0
1865	2015	9285.0
1865	2016	9350.0
1865	2017	9444.0
1865	2018	9611.0
1865	2019	9595.0
1865	2020	9608.0
1865	2021	9670.0
1865	2022	9724.0
1865	2023	9736.0
1865	2024	9793.0
1865	2025	9871.0
1865	2026	9905.0
1866	2011	7924.0
1866	2012	7937.0
1866	2013	8050.0
1866	2014	8112.0
1866	2015	8057.0
1866	2016	8082.0
1866	2017	8009.0
1866	2018	8042.0
1866	2019	8091.0
1866	2020	8061.0
1866	2021	8065.0
1866	2022	8107.0
1866	2023	8184.0
1866	2024	8236.0
1866	2025	8400.0
1866	2026	8374.0
1867	2011	2790.0
1867	2012	2720.0
1867	2013	2654.0
1867	2014	2642.0
1867	2015	2642.0
1867	2016	2632.0
1867	2017	2624.0
1867	2018	2623.0
1867	2019	2616.0
1867	2020	2569.0
1867	2021	2576.0
1867	2022	2565.0
1867	2023	2584.0
1867	2024	2634.0
1867	2025	2617.0
1867	2026	2609.0
1868	2011	4432.0
1868	2012	4467.0
1868	2013	4472.0
1868	2014	4562.0
1868	2015	4563.0
1868	2016	4529.0
1868	2017	4580.0
1868	2018	4541.0
1868	2019	4449.0
1868	2020	4410.0
1868	2021	4416.0
1868	2022	4458.0
1868	2023	4533.0
1868	2024	4569.0
1868	2025	4628.0
1868	2026	4613.0
1870	2011	9856.0
1870	2012	9983.0
1870	2013	10082.0
1870	2014	10129.0
1870	2015	10166.0
1870	2016	10214.0
1870	2017	10378.0
1870	2018	10401.0
1870	2019	10518.0
1870	2020	10566.0
1870	2021	10514.0
1870	2022	10468.0
1870	2023	10561.0
1870	2024	10618.0
1870	2025	10781.0
1870	2026	10748.0
1871	2011	5033.0
1871	2012	5032.0
1871	2013	5024.0
1871	2014	4993.0
1871	2015	4991.0
1871	2016	4980.0
1871	2017	4908.0
1871	2018	4902.0
1871	2019	4771.0
1871	2020	4663.0
1871	2021	4588.0
1871	2022	4572.0
1871	2023	4577.0
1871	2024	4553.0
1871	2025	4542.0
1871	2026	4525.0
1874	2011	1120.0
1874	2012	1116.0
1874	2013	1118.0
1874	2014	1108.0
1874	2015	1070.0
1874	2016	1062.0
1874	2017	1073.0
1874	2018	1068.0
1874	2019	1039.0
1874	2020	1015.0
1874	2021	989.0
1874	2022	982.0
1874	2023	979.0
1874	2024	954.0
1874	2025	969.0
1874	2026	976.0
1875	2020	2766.0
1875	2021	2701.0
1875	2022	2708.0
1875	2023	2682.0
1875	2024	2729.0
1875	2025	2786.0
1875	2026	2808.0
5501	2024	78745.0
5501	2025	79421.0
5501	2026	79943.0
5503	2024	25056.0
5503	2025	25167.0
5503	2026	25204.0
5510	2024	2845.0
5510	2025	2852.0
5510	2026	2901.0
5512	2024	4281.0
5512	2025	4209.0
5512	2026	4144.0
5514	2024	1311.0
5514	2025	1301.0
5514	2026	1287.0
5516	2024	1070.0
5516	2025	1062.0
5516	2026	1062.0
5518	2024	986.0
5518	2025	985.0
5518	2026	1002.0
5520	2024	3986.0
5520	2025	3961.0
5520	2026	4004.0
5522	2024	2069.0
5522	2025	2116.0
5522	2026	2132.0
5524	2024	6714.0
5524	2025	6794.0
5524	2026	6819.0
5526	2024	3485.0
5526	2025	3533.0
5526	2026	3528.0
5528	2024	1073.0
5528	2025	1069.0
5528	2026	1077.0
5530	2024	14894.0
5530	2025	14948.0
5530	2026	14946.0
5532	2024	5571.0
5532	2025	5595.0
5532	2026	5625.0
5534	2024	2237.0
5534	2025	2223.0
5534	2026	2235.0
5536	2024	2743.0
5536	2025	2734.0
5536	2026	2732.0
5538	2024	1825.0
5538	2025	1829.0
5538	2026	1848.0
5540	2024	1974.0
5540	2025	1955.0
5540	2026	1939.0
5542	2024	2794.0
5542	2025	2784.0
5542	2026	2802.0
5544	2024	4794.0
5544	2025	4810.0
5544	2026	4863.0
5546	2024	1157.0
5546	2025	1131.0
5546	2026	1125.0
5601	2024	21708.0
5601	2025	21877.0
5601	2026	22074.0
5603	2024	11338.0
5603	2025	11324.0
5603	2026	11391.0
5605	2024	10063.0
5605	2025	9963.0
5605	2026	9947.0
5607	2024	5807.0
5607	2025	5777.0
5607	2026	5808.0
5610	2024	2565.0
5610	2025	2524.0
5610	2026	2524.0
5612	2024	2848.0
5612	2025	2852.0
5612	2026	2886.0
5614	2024	864.0
5614	2025	864.0
5614	2026	846.0
5616	2024	979.0
5616	2025	977.0
5616	2026	987.0
5618	2024	1113.0
5618	2025	1098.0
5618	2026	1089.0
5620	2024	2951.0
5620	2025	2956.0
5620	2026	2945.0
5622	2024	3889.0
5622	2025	3896.0
5622	2026	3906.0
5624	2024	1215.0
5624	2025	1238.0
5624	2026	1249.0
5626	2024	1070.0
5626	2025	1051.0
5626	2026	1019.0
5628	2024	2807.0
5628	2025	2798.0
5628	2026	2806.0
5630	2024	892.0
5630	2025	890.0
5630	2026	864.0
5632	2024	2113.0
5632	2025	2107.0
5632	2026	2104.0
5634	2024	1972.0
5634	2025	1982.0
5634	2026	1969.0
5636	2024	859.0
5636	2025	868.0
5636	2026	874.0
5401	2020	76974.0
5401	2021	77095.0
5401	2022	77544.0
5401	2023	77992.0
5402	2020	24703.0
5402	2021	24738.0
5402	2022	24804.0
5402	2023	24903.0
5403	2020	20789.0
5403	2021	20847.0
5403	2022	21144.0
5403	2023	21317.0
5404	2020	2029.0
5404	2021	1959.0
5404	2022	1897.0
5404	2023	1933.0
5405	2020	5788.0
5405	2021	5642.0
5405	2022	5568.0
5405	2023	5593.0
5406	2020	11448.0
5406	2021	11331.0
5406	2022	11274.0
5406	2023	11310.0
5411	2020	2839.0
5411	2021	2822.0
5411	2022	2789.0
5411	2023	2866.0
5412	2020	4216.0
5412	2021	4209.0
5412	2022	4201.0
5412	2023	4206.0
5413	2020	1361.0
5413	2021	1320.0
5413	2022	1289.0
5413	2023	1279.0
5414	2020	1091.0
5414	2021	1092.0
5414	2022	1070.0
5414	2023	1079.0
5415	2020	1034.0
5415	2021	1020.0
5415	2022	970.0
5415	2023	983.0
5416	2020	4005.0
5416	2021	3959.0
5416	2022	3993.0
5416	2023	3949.0
5417	2020	2146.0
5417	2021	2089.0
5417	2022	2087.0
5417	2023	2048.0
5418	2020	6640.0
5418	2021	6609.0
5418	2022	6599.0
5418	2023	6782.0
5419	2020	3464.0
5419	2021	3465.0
5419	2022	3414.0
5419	2023	3428.0
5420	2020	1083.0
5420	2021	1063.0
5420	2022	1068.0
5420	2023	1056.0
5421	2020	14851.0
5421	2021	14725.0
5421	2022	14738.0
5421	2023	14851.0
5422	2020	5559.0
5422	2021	5559.0
5422	2022	5576.0
5422	2023	5517.0
5423	2020	2200.0
5423	2021	2172.0
5423	2022	2179.0
5423	2023	2171.0
5424	2020	2794.0
5424	2021	2773.0
5424	2022	2729.0
5424	2023	2714.0
5425	2020	1829.0
5425	2021	1831.0
5425	2022	1836.0
5425	2023	1836.0
5426	2020	2071.0
5426	2021	2072.0
5426	2022	2012.0
5426	2023	2000.0
5427	2020	2927.0
5427	2021	2893.0
5427	2022	2804.0
5427	2023	2790.0
5428	2020	4861.0
5428	2021	4812.0
5428	2022	4746.0
5428	2023	4772.0
5429	2020	1191.0
5429	2021	1166.0
5429	2022	1159.0
5429	2023	1118.0
5430	2020	2910.0
5430	2021	2920.0
5430	2022	2877.0
5430	2023	2847.0
5432	2020	888.0
5432	2021	860.0
5432	2022	859.0
5432	2023	862.0
5433	2020	1005.0
5433	2021	983.0
5433	2022	964.0
5433	2023	970.0
5434	2020	1225.0
5434	2021	1197.0
5434	2022	1162.0
5434	2023	1119.0
5435	2020	3162.0
5435	2021	3075.0
5435	2022	2947.0
5435	2023	2932.0
5436	2020	3998.0
5436	2021	3921.0
5436	2022	3904.0
5436	2023	3863.0
5437	2020	2628.0
5437	2021	2641.0
5437	2022	2584.0
5437	2023	2543.0
5438	2020	1290.0
5438	2021	1271.0
5438	2022	1221.0
5438	2023	1226.0
5439	2020	1132.0
5439	2021	1097.0
5439	2022	1057.0
5439	2023	1054.0
5440	2020	957.0
5440	2021	928.0
5440	2022	906.0
5440	2023	908.0
5441	2020	2918.0
5441	2021	2829.0
5441	2022	2821.0
5441	2023	2804.0
5442	2020	926.0
5442	2021	880.0
5442	2022	854.0
5442	2023	864.0
5443	2020	2221.0
5443	2021	2200.0
5443	2022	2165.0
5443	2023	2117.0
5444	2020	10158.0
5444	2021	10103.0
5444	2022	9925.0
5444	2023	9850.0
1901	2011	23423.0
1901	2012	23640.0
1902	2011	68239.0
1902	2012	69116.0
1902	2013	70358.0
1902	2014	71590.0
1902	2015	72681.0
1902	2016	73480.0
1902	2017	74541.0
1902	2018	75638.0
1902	2019	76649.0
1903	2013	24291.0
1903	2014	24441.0
1903	2015	24676.0
1903	2016	24695.0
1903	2017	24845.0
1903	2018	24820.0
1903	2019	24827.0
1911	2011	3050.0
1911	2012	3025.0
1911	2013	3082.0
1911	2014	3107.0
1911	2015	3076.0
1911	2016	3029.0
1911	2017	2986.0
1911	2018	2928.0
1911	2019	2858.0
1913	2011	2896.0
1913	2012	2972.0
1913	2013	2940.0
1913	2014	2951.0
1913	2015	2988.0
1913	2016	3041.0
1913	2017	3048.0
1913	2018	2994.0
1913	2019	3009.0
1915	2011	476.0
1915	2012	455.0
1917	2011	1419.0
1917	2012	1410.0
1917	2013	1421.0
1917	2014	1436.0
1917	2015	1410.0
1917	2016	1403.0
1917	2017	1394.0
1917	2018	1380.0
1917	2019	1375.0
1919	2011	1115.0
1919	2012	1136.0
1919	2013	1119.0
1919	2014	1135.0
1919	2015	1137.0
1919	2016	1137.0
1919	2017	1121.0
1919	2018	1117.0
1919	2019	1105.0
1920	2011	1003.0
1920	2012	1016.0
1920	2013	1012.0
1920	2014	1014.0
1920	2015	1008.0
1920	2016	1051.0
1920	2017	1076.0
1920	2018	1061.0
1920	2019	1042.0
1922	2011	3942.0
1922	2012	3875.0
1922	2013	3933.0
1922	2014	3985.0
1922	2015	4078.0
1922	2016	4019.0
1922	2017	3994.0
1922	2018	3979.0
1922	2019	4030.0
1923	2011	2179.0
1923	2012	2214.0
1923	2013	2220.0
1923	2014	2223.0
1923	2015	2219.0
1923	2016	2230.0
1923	2017	2220.0
1923	2018	2226.0
1923	2019	2183.0
1924	2011	6563.0
1924	2012	6599.0
1924	2013	6630.0
1924	2014	6634.0
1924	2015	6693.0
1924	2016	6741.0
1924	2017	6781.0
1924	2018	6798.0
1924	2019	6805.0
1925	2011	3371.0
1925	2012	3381.0
1925	2013	3407.0
1925	2014	3450.0
1925	2015	3451.0
1925	2016	3452.0
1925	2017	3496.0
1925	2018	3494.0
1925	2019	3489.0
1926	2011	1205.0
1926	2012	1188.0
1926	2013	1190.0
1926	2014	1171.0
1926	2015	1154.0
1926	2016	1158.0
1926	2017	1138.0
1926	2018	1165.0
1926	2019	1129.0
1927	2011	1538.0
1927	2012	1524.0
1927	2013	1514.0
1927	2014	1510.0
1927	2015	1544.0
1927	2016	1543.0
1927	2017	1540.0
1927	2018	1536.0
1927	2019	1513.0
1928	2011	911.0
1928	2012	892.0
1928	2013	880.0
1928	2014	878.0
1928	2015	884.0
1928	2016	913.0
1928	2017	921.0
1928	2018	943.0
1928	2019	931.0
1929	2011	907.0
1929	2012	887.0
1929	2013	924.0
1929	2014	918.0
1929	2015	905.0
1929	2016	915.0
1929	2017	914.0
1929	2018	902.0
1929	2019	888.0
1931	2011	11294.0
1931	2012	11345.0
1931	2013	11455.0
1931	2014	11557.0
1931	2015	11535.0
1931	2016	11618.0
1931	2017	11697.0
1931	2018	11644.0
1931	2019	11679.0
1933	2011	5517.0
1933	2012	5502.0
1933	2013	5562.0
1933	2014	5593.0
1933	2015	5720.0
1933	2016	5701.0
1933	2017	5685.0
1933	2018	5653.0
1933	2019	5625.0
1936	2011	2357.0
1936	2012	2355.0
1936	2013	2317.0
1936	2014	2334.0
1936	2015	2289.0
1936	2016	2282.0
1936	2017	2273.0
1936	2018	2263.0
1936	2019	2252.0
1938	2011	3086.0
1938	2012	3028.0
1938	2013	3013.0
1938	2014	2992.0
1938	2015	2922.0
1938	2016	2861.0
1938	2017	2876.0
1938	2018	2877.0
1938	2019	2847.0
1939	2011	1894.0
1939	2012	1909.0
1939	2013	1942.0
1939	2014	1941.0
1939	2015	1898.0
1939	2016	1865.0
1939	2017	1890.0
1939	2018	1856.0
1939	2019	1841.0
1940	2011	2185.0
1940	2012	2210.0
1940	2013	2208.0
1940	2014	2221.0
1940	2015	2182.0
1940	2016	2150.0
1940	2017	2132.0
1940	2018	2132.0
1940	2019	2097.0
1941	2011	2885.0
1941	2012	2880.0
1941	2013	2905.0
1941	2014	2881.0
1941	2015	2895.0
1941	2016	2920.0
1941	2017	2912.0
1941	2018	2925.0
1941	2019	2917.0
1942	2011	4805.0
1942	2012	4807.0
1942	2013	4850.0
1942	2014	4854.0
1942	2015	4882.0
1942	2016	4895.0
1942	2017	4919.0
1942	2018	4944.0
1942	2019	4909.0
1943	2011	1294.0
1943	2012	1284.0
1943	2013	1245.0
1943	2014	1234.0
1943	2015	1226.0
1943	2016	1231.0
1943	2017	1233.0
1943	2018	1224.0
1943	2019	1202.0
2002	2011	2111.0
2002	2012	2122.0
2002	2013	2128.0
2002	2014	2119.0
2002	2015	2128.0
2002	2016	2137.0
2002	2017	2104.0
2002	2018	2110.0
2002	2019	2081.0
2003	2011	6095.0
2003	2012	6125.0
2003	2013	6163.0
2003	2014	6223.0
2003	2015	6239.0
2003	2016	6160.0
2003	2017	6154.0
2003	2018	6033.0
2003	2019	5894.0
2004	2011	9912.0
2004	2012	9934.0
2004	2013	10072.0
2004	2014	10287.0
2004	2015	10417.0
2004	2016	10455.0
2004	2017	10527.0
2004	2018	10533.0
2004	2019	10536.0
2011	2011	2935.0
2011	2012	2927.0
2011	2013	2923.0
2011	2014	2931.0
2011	2015	2914.0
2011	2016	2956.0
2011	2017	2938.0
2011	2018	2946.0
2011	2019	2924.0
2012	2011	19071.0
2012	2012	19282.0
2012	2013	19646.0
2012	2014	19822.0
2012	2015	19898.0
2012	2016	20097.0
2012	2017	20446.0
2012	2018	20635.0
2012	2019	20665.0
2014	2011	1078.0
2014	2012	1087.0
2014	2013	1070.0
2014	2014	1027.0
2014	2015	989.0
2014	2016	951.0
2014	2017	968.0
2014	2018	941.0
2014	2019	917.0
2015	2011	972.0
2015	2012	995.0
2015	2013	1023.0
2015	2014	1037.0
2015	2015	1041.0
2015	2016	1054.0
2015	2017	1037.0
2015	2018	1022.0
2015	2019	1045.0
2017	2011	998.0
2017	2012	1010.0
2017	2013	1036.0
2017	2014	1051.0
2017	2015	1049.0
2017	2016	1035.0
2017	2017	1027.0
2017	2018	1027.0
2017	2019	988.0
2018	2011	1228.0
2018	2012	1243.0
2018	2013	1240.0
2018	2014	1241.0
2018	2015	1241.0
2018	2016	1215.0
2018	2017	1204.0
2018	2018	1231.0
2018	2019	1235.0
2019	2011	3224.0
2019	2012	3228.0
2019	2013	3205.0
2019	2014	3213.0
2019	2015	3278.0
2019	2016	3276.0
2019	2017	3291.0
2019	2018	3239.0
2019	2019	3218.0
2020	2011	3980.0
2020	2012	3946.0
2020	2013	3968.0
2020	2014	3963.0
2020	2015	3925.0
2020	2016	3978.0
2020	2017	3971.0
2020	2018	3964.0
2020	2019	3944.0
2021	2011	2768.0
2021	2012	2763.0
2021	2013	2721.0
2021	2014	2698.0
2021	2015	2708.0
2021	2016	2668.0
2021	2017	2696.0
2021	2018	2701.0
2021	2019	2673.0
2022	2011	1336.0
2022	2012	1356.0
2022	2013	1339.0
2022	2014	1341.0
2022	2015	1343.0
2022	2016	1318.0
2022	2017	1330.0
2022	2018	1349.0
2022	2019	1328.0
2023	2011	991.0
2023	2012	1008.0
2023	2013	1063.0
2023	2014	1098.0
2023	2015	1116.0
2023	2016	1139.0
2023	2017	1137.0
2023	2018	1153.0
2023	2019	1169.0
2024	2011	1031.0
2024	2012	1015.0
2024	2013	1025.0
2024	2014	1057.0
2024	2015	1020.0
2024	2016	1000.0
2024	2017	991.0
2024	2018	983.0
2024	2019	981.0
2025	2011	2897.0
2025	2012	2896.0
2025	2013	2900.0
2025	2014	2883.0
2025	2015	2909.0
2025	2016	2922.0
2025	2017	2911.0
2025	2018	2922.0
2025	2019	2900.0
2027	2011	893.0
2027	2012	901.0
2027	2013	882.0
2027	2014	919.0
2027	2015	934.0
2027	2016	959.0
2027	2017	951.0
2027	2018	944.0
2027	2019	941.0
2028	2011	2071.0
2028	2012	2089.0
2028	2013	2162.0
2028	2014	2207.0
2028	2015	2235.0
2028	2016	2211.0
2028	2017	2267.0
2028	2018	2263.0
2028	2019	2270.0
2030	2011	9826.0
2030	2012	9860.0
2030	2013	9968.0
2030	2014	10090.0
2030	2015	10221.0
2030	2016	10227.0
2030	2017	10199.0
2030	2018	10171.0
2030	2019	10156.0
